{ "type": "FeatureCollection", "features": [
{"type":"Feature","geometry":{"type":"Point","coordinates":[-87.70316,41.76523]},"properties":{"id":"1859717767703464460","station_name":"Kedzie Ave & Redfield Dr","short_name":"CHI01795","total_docks":"15","docks_in_service":"15","status":"In Service","latitude":"41.76523","longitude":"-87.70316",":id":"row-umhu~46qx_5x8z",":version":"rv-amhf-vwtr-hvrx",":created_at":"2025-06-14T11:00:19.984Z",":updated_at":"2025-06-14T11:00:25.292Z",":@computed_region_awaf_s7ux":"6",":@computed_region_6mkv_f3dw":"21867",":@computed_region_vrxf_vc4k":"64",":@computed_region_bdys_3d7i":"383",":@computed_region_43wa_7qmu":"31",":@computed_region_rpca_8um6":"58",":@computed_region_8hcu_yrd4":"17"}},
{"type":"Feature","geometry":{"type":"Point","coordinates":[-87.675278,41.948797]},"properties":{"id":"a3a95142-a135-11e9-9cda-0a87ae2ba916","station_name":"Lincoln Ave & Waveland Ave","short_name":"CHI00446","total_docks":"15","docks_in_service":"15","status":"In Service","latitude":"41.948797","longitude":"-87.675278",":id":"row-nkzc~3bbq.zkgt",":version":"rv-2vyv.rjwv.tgiq",":created_at":"2026-01-18T12:00:19.752Z",":updated_at":"2026-01-18T12:02:11.120Z",":@computed_region_awaf_s7ux":"13",":@computed_region_6mkv_f3dw":"21186",":@computed_region_vrxf_vc4k":"46",":@computed_region_bdys_3d7i":"644",":@computed_region_43wa_7qmu":"18",":@computed_region_rpca_8um6":"53",":@computed_region_8hcu_yrd4":"47"}},
{"type":"Feature","geometry":{"type":"Point","coordinates":[-87.71105,41.9972]},"properties":{"id":"1861588043429399408","station_name":"McCormick Blvd & Devon Ave","short_name":"CHI01881","total_docks":"11","docks_in_service":"11","status":"In Service","latitude":"41.9972","longitude":"-87.71105",":id":"row-6mpt~f62q_y668",":version":"rv-biax~tfv7-c2gi",":created_at":"2025-06-14T11:00:19.984Z",":updated_at":"2025-06-14T11:00:25.292Z",":@computed_region_awaf_s7ux":"42",":@computed_region_6mkv_f3dw":"4450",":@computed_region_vrxf_vc4k":"13",":@computed_region_bdys_3d7i":"747",":@computed_region_43wa_7qmu":"27",":@computed_region_rpca_8um6":"50",":@computed_region_8hcu_yrd4":"50"}},
{"type":"Feature","geometry":{"type":"Point","coordinates":[-87.754197,41.939041]},"properties":{"id":"1890602768178733256","station_name":"Leclaire Ave & Belmont Ave","short_name":"CHI01764","total_docks":"15","docks_in_service":"15","status":"In Service","latitude":"41.939041","longitude":"-87.754197",":id":"row-t2kp_5rhk_4rq5",":version":"rv-qtkg~invu-p2ey",":created_at":"2025-11-02T12:00:20.304Z",":updated_at":"2025-11-02T12:01:27.308Z",":@computed_region_awaf_s7ux":"27",":@computed_region_6mkv_f3dw":"22618",":@computed_region_vrxf_vc4k":"15",":@computed_region_bdys_3d7i":"114",":@computed_region_43wa_7qmu":"17",":@computed_region_rpca_8um6":"21",":@computed_region_8hcu_yrd4":"31"}},
{"type":"Feature","geometry":{"type":"Point","coordinates":[-87.661363855004,41.87222873224]},"properties":{"id":"a3aa9732-a135-11e9-9cda-0a87ae2ba916","station_name":"Loomis St & Lexington St","short_name":"CHI00238","total_docks":"20","docks_in_service":"20","status":"In Service","latitude":"41.8722287322","longitude":"-87.661363855",":id":"row-6b65~uk4g-kuie",":version":"rv-3ddm_wa4g-83mh",":created_at":"2026-01-15T12:00:18.168Z",":updated_at":"2026-01-15T13:52:26.297Z",":@computed_region_awaf_s7ux":"8",":@computed_region_6mkv_f3dw":"14917",":@computed_region_vrxf_vc4k":"29",":@computed_region_bdys_3d7i":"88",":@computed_region_43wa_7qmu":"23",":@computed_region_rpca_8um6":"44",":@computed_region_8hcu_yrd4":"34"}},
{"type":"Feature","geometry":{"type":"Point","coordinates":[-87.619521,41.884728]},"properties":{"id":"a3a78bc0-a135-11e9-9cda-0a87ae2ba916","station_name":"Columbus Dr & Randolph St","short_name":"CHI00345","total_docks":"55","docks_in_service":"55","status":"In Service","latitude":"41.884728","longitude":"-87.619521",":id":"row-7y6h~dna4~d535",":version":"rv-ygsa~26vi~62nf",":created_at":"2026-01-18T12:00:19.752Z",":updated_at":"2026-01-18T12:02:11.120Z",":@computed_region_awaf_s7ux":"22",":@computed_region_6mkv_f3dw":"14309",":@computed_region_vrxf_vc4k":"38",":@computed_region_bdys_3d7i":"580",":@computed_region_43wa_7qmu":"36",":@computed_region_rpca_8um6":"42",":@computed_region_8hcu_yrd4":"42"}},
{"type":"Feature","geometry":{"type":"Point","coordinates":[-87.6771937,41.9088152]},"properties":{"id":"a3a4b693-a135-11e9-9cda-0a87ae2ba916","station_name":"Damen Ave & Wicker Park Ave","short_name":"CHI00254","total_docks":"23","docks_in_service":"23","status":"In Service","latitude":"41.9088152","longitude":"-87.6771937",":id":"row-n2v2-2567.snig",":version":"rv-8p9b-8dwp.5bpb",":created_at":"2026-01-15T12:00:18.168Z",":updated_at":"2026-01-15T13:52:26.297Z",":@computed_region_awaf_s7ux":"24",":@computed_region_6mkv_f3dw":"21560",":@computed_region_vrxf_vc4k":"25",":@computed_region_bdys_3d7i":"481",":@computed_region_43wa_7qmu":"41",":@computed_region_rpca_8um6":"4",":@computed_region_8hcu_yrd4":"1"}},
{"type":"Feature","geometry":{"type":"Point","coordinates":[-87.6321117,41.8832351]},"properties":{"id":"2118391840318927564","station_name":"LaSalle St & Washington St","short_name":"CHI02101","total_docks":"30","docks_in_service":"30","status":"In Service","latitude":"41.8832351","longitude":"-87.6321117",":id":"row-55dw_8t55~hvr5",":version":"rv-nahk-tne9-i5c8",":created_at":"2026-02-15T12:00:29.715Z",":updated_at":"2026-02-15T12:00:31.726Z",":@computed_region_awaf_s7ux":"22",":@computed_region_6mkv_f3dw":"14310",":@computed_region_vrxf_vc4k":"38",":@computed_region_bdys_3d7i":"92",":@computed_region_43wa_7qmu":"36",":@computed_region_rpca_8um6":"41",":@computed_region_8hcu_yrd4":"42"}},
{"type":"Feature","geometry":{"type":"Point","coordinates":[-87.677135082864,41.895687370534]},"properties":{"id":"a3a5ce97-a135-11e9-9cda-0a87ae2ba916","station_name":"Damen Ave & Chicago Ave","short_name":"CHI00316","total_docks":"20","docks_in_service":"20","status":"In Service","latitude":"41.8956873705","longitude":"-87.6771350829",":id":"row-gfh3.vqxq-ijbg",":version":"rv-32em.5s3h~2kn3",":created_at":"2026-01-15T12:00:18.168Z",":updated_at":"2026-01-15T13:52:26.297Z",":@computed_region_awaf_s7ux":"24",":@computed_region_6mkv_f3dw":"21560",":@computed_region_vrxf_vc4k":"25",":@computed_region_bdys_3d7i":"547",":@computed_region_43wa_7qmu":"41",":@computed_region_rpca_8um6":"28",":@computed_region_8hcu_yrd4":"36"}},
{"type":"Feature","geometry":{"type":"Point","coordinates":[-87.68338,41.78098]},"properties":{"id":"2184108207824344172","station_name":"Western Ave & 62nd St","short_name":"CHI02199","total_docks":"8","docks_in_service":"8","status":"In Service","latitude":"41.78098","longitude":"-87.68338",":id":"row-8nhi.we2u-s4ww",":version":"rv-qbwt.35tp_czrw",":created_at":"2026-02-15T12:00:29.715Z",":updated_at":"2026-02-15T12:00:31.726Z",":@computed_region_awaf_s7ux":"44",":@computed_region_6mkv_f3dw":"22257",":@computed_region_vrxf_vc4k":"64",":@computed_region_bdys_3d7i":"111",":@computed_region_43wa_7qmu":"2",":@computed_region_rpca_8um6":"23",":@computed_region_8hcu_yrd4":"16"}},
{"type":"Feature","geometry":{"type":"Point","coordinates":[-87.67859,41.93221]},"properties":{"id":"a3a6f2a2-a135-11e9-9cda-0a87ae2ba916","station_name":"Damen Ave & Clybourn Ave","short_name":"CHI00348","total_docks":"15","docks_in_service":"15","status":"In Service","latitude":"41.93221","longitude":"-87.67859",":id":"row-5akp~inqp.2mca",":version":"rv-3zpf.z2dr-rr9u",":created_at":"2026-02-15T12:00:29.715Z",":updated_at":"2026-02-15T12:00:31.726Z",":@computed_region_awaf_s7ux":"24",":@computed_region_6mkv_f3dw":"22535",":@computed_region_vrxf_vc4k":"68",":@computed_region_bdys_3d7i":"743",":@computed_region_43wa_7qmu":"41",":@computed_region_rpca_8um6":"1",":@computed_region_8hcu_yrd4":"32"}},
{"type":"Feature","geometry":{"type":"Point","coordinates":[-87.64572,41.827059]},"properties":{"id":"a3a96aca-a135-11e9-9cda-0a87ae2ba916","station_name":"Halsted St & 37th St","short_name":"CHI00415","total_docks":"11","docks_in_service":"11","status":"In Service","latitude":"41.827059","longitude":"-87.64572",":id":"row-5j94-22m3_vvbg",":version":"rv-agvk-v7bd~z5gv",":created_at":"2026-02-15T12:00:29.715Z",":updated_at":"2026-02-15T12:00:31.726Z",":@computed_region_awaf_s7ux":"26",":@computed_region_6mkv_f3dw":"14924",":@computed_region_vrxf_vc4k":"58",":@computed_region_bdys_3d7i":"172",":@computed_region_43wa_7qmu":"48",":@computed_region_rpca_8um6":"37",":@computed_region_8hcu_yrd4":"7"}},
{"type":"Feature","geometry":{"type":"Point","coordinates":[-87.749594,41.954468]},"properties":{"id":"a3b2be3a-a135-11e9-9cda-0a87ae2ba916","station_name":"Milwaukee Ave & Cuyler Ave","short_name":"CHI00692","total_docks":"11","docks_in_service":"11","status":"In Service","latitude":"41.954468","longitude":"-87.749594",":id":"row-ssrx-qshc-h2rw",":version":"rv-mrm9-i47z~nxde",":created_at":"2026-02-15T12:00:29.715Z",":updated_at":"2026-02-15T12:00:31.726Z",":@computed_region_awaf_s7ux":"20",":@computed_region_6mkv_f3dw":"22618",":@computed_region_vrxf_vc4k":"15",":@computed_region_bdys_3d7i":"259",":@computed_region_43wa_7qmu":"50",":@computed_region_rpca_8um6":"21",":@computed_region_8hcu_yrd4":"45"}},
{"type":"Feature","geometry":{"type":"Point","coordinates":[-87.7663685,41.9258119]},"properties":{"id":"1932496568454183892","station_name":"Central Ave & Altgeld St","short_name":"CHI01760","total_docks":"15","docks_in_service":"15","status":"In Service","latitude":"41.9258119","longitude":"-87.7663685",":id":"row-wgjj-bp4i~gnhf",":version":"rv-kte7-q9m2_khg2",":created_at":"2026-02-11T12:00:17.226Z",":updated_at":"2026-02-11T12:00:23.870Z",":@computed_region_awaf_s7ux":"27",":@computed_region_6mkv_f3dw":"22615",":@computed_region_vrxf_vc4k":"19",":@computed_region_bdys_3d7i":"58",":@computed_region_43wa_7qmu":"21",":@computed_region_rpca_8um6":"2",":@computed_region_8hcu_yrd4":"30"}},
{"type":"Feature","geometry":{"type":"Point","coordinates":[-87.68577,41.79402]},"properties":{"id":"1936560699993133354","station_name":"Artesian Ave & 55th St","short_name":"CHI01923","total_docks":"15","docks_in_service":"15","status":"In Service","latitude":"41.79402","longitude":"-87.68577",":id":"row-5k58_b9j6_qfbv",":version":"rv-q9p7-284s_yw53",":created_at":"2026-01-18T12:00:19.752Z",":updated_at":"2026-01-18T12:02:11.120Z",":@computed_region_awaf_s7ux":"49",":@computed_region_6mkv_f3dw":"22248",":@computed_region_vrxf_vc4k":"61",":@computed_region_bdys_3d7i":"778",":@computed_region_43wa_7qmu":"3",":@computed_region_rpca_8um6":"56",":@computed_region_8hcu_yrd4":"15"}},
{"type":"Feature","geometry":{"type":"Point","coordinates":[-87.7247496,41.800434]},"properties":{"id":"1934289745311123692","station_name":"Pulaski Rd & 51st St","short_name":"CHI01876","total_docks":"15","docks_in_service":"15","status":"In Service","latitude":"41.800434","longitude":"-87.7247496",":id":"row-me6w~iq6j~synw",":version":"rv-vxcx_ctai-juf8",":created_at":"2025-08-08T11:04:44.224Z",":updated_at":"2025-08-08T11:04:51.556Z",":@computed_region_awaf_s7ux":"35",":@computed_region_6mkv_f3dw":"22248",":@computed_region_vrxf_vc4k":"54",":@computed_region_bdys_3d7i":"637",":@computed_region_43wa_7qmu":"6",":@computed_region_rpca_8um6":"56",":@computed_region_8hcu_yrd4":"23"}},
{"type":"Feature","geometry":{"type":"Point","coordinates":[-87.649931,41.883043]},"properties":{"id":"1436495109493626544","station_name":"W Washington Blvd & N Peoria St","short_name":null,"total_docks":"9","docks_in_service":"9","status":"In Service","latitude":"41.883043","longitude":"-87.649931",":id":"row-ity4-93py-5q5b",":version":"rv-g2yd-xj2t~euew",":created_at":"2023-12-14T16:46:03.157Z",":updated_at":"2023-12-14T16:46:03.628Z",":@computed_region_awaf_s7ux":"41",":@computed_region_6mkv_f3dw":"14917",":@computed_region_vrxf_vc4k":"29",":@computed_region_bdys_3d7i":"63",":@computed_region_43wa_7qmu":"26",":@computed_region_rpca_8um6":"44",":@computed_region_8hcu_yrd4":"34"}},
{"type":"Feature","geometry":{"type":"Point","coordinates":[-87.7737692,41.9382897]},"properties":{"id":"1890603435601779460","station_name":"Marmora Ave & Belmont Ave","short_name":"CHI01783","total_docks":"15","docks_in_service":"15","status":"In Service","latitude":"41.9382897","longitude":"-87.7737692",":id":"row-qkn5~nuej~yp4k",":version":"rv-rdc9-wxxf_xnjk",":created_at":"2025-12-18T12:04:46.312Z",":updated_at":"2025-12-18T12:04:48.401Z",":@computed_region_awaf_s7ux":"27",":@computed_region_6mkv_f3dw":"22254",":@computed_region_vrxf_vc4k":"19",":@computed_region_bdys_3d7i":"82",":@computed_region_43wa_7qmu":"21",":@computed_region_rpca_8um6":"52",":@computed_region_8hcu_yrd4":"30"}},
{"type":"Feature","geometry":{"type":"Point","coordinates":[-87.636282,41.918306]},"properties":{"id":"a3a523a6-a135-11e9-9cda-0a87ae2ba916","station_name":"Clark St & Armitage Ave","short_name":"CHI00474","total_docks":"31","docks_in_service":"31","status":"In Service","latitude":"41.918306","longitude":"-87.636282",":id":"row-tcxj-gefc~uix9",":version":"rv-bxr4-fk7w_mfah",":created_at":"2026-01-18T12:00:19.752Z",":updated_at":"2026-01-18T12:02:11.120Z",":@computed_region_awaf_s7ux":"51",":@computed_region_6mkv_f3dw":"21190",":@computed_region_vrxf_vc4k":"68",":@computed_region_bdys_3d7i":"271",":@computed_region_43wa_7qmu":"34",":@computed_region_rpca_8um6":"16",":@computed_region_8hcu_yrd4":"43"}},
{"type":"Feature","geometry":{"type":"Point","coordinates":[-87.70258,41.92575]},"properties":{"id":"2155894851718356542","station_name":"Sacramento Ave & Linden Pl","short_name":"CHI02179","total_docks":"14","docks_in_service":"14","status":"In Service","latitude":"41.92575","longitude":"-87.70258",":id":"row-erkh~krct.27zb",":version":"rv-pf7d_eqg5~736r",":created_at":"2026-02-11T12:00:17.226Z",":updated_at":"2026-02-11T12:00:23.870Z",":@computed_region_awaf_s7ux":"15",":@computed_region_6mkv_f3dw":"22535",":@computed_region_vrxf_vc4k":"23",":@computed_region_bdys_3d7i":"549",":@computed_region_43wa_7qmu":"40",":@computed_region_rpca_8um6":"1",":@computed_region_8hcu_yrd4":"35"}},
{"type":"Feature","geometry":{"type":"Point","coordinates":[-87.673567,41.957921]},"properties":{"id":"a3aa7373-a135-11e9-9cda-0a87ae2ba916","station_name":"Ravenswood Ave & Berteau Ave","short_name":"CHI00471","total_docks":"15","docks_in_service":"15","status":"In Service","latitude":"41.957921","longitude":"-87.673567",":id":"row-j4ku.9w3s-h882",":version":"rv-yd87_jmeb-envb",":created_at":"2026-02-11T12:00:17.226Z",":updated_at":"2026-02-11T12:00:23.870Z",":@computed_region_awaf_s7ux":"13",":@computed_region_6mkv_f3dw":"21186",":@computed_region_vrxf_vc4k":"57",":@computed_region_bdys_3d7i":"651",":@computed_region_43wa_7qmu":"18",":@computed_region_rpca_8um6":"53",":@computed_region_8hcu_yrd4":"47"}},
{"type":"Feature","geometry":{"type":"Point","coordinates":[-87.73998,41.967821]},"properties":{"id":"1867227665093179888","station_name":"Kenneth Ave & Lawrence Ave","short_name":"CHI01945","total_docks":"15","docks_in_service":"15","status":"In Service","latitude":"41.967821","longitude":"-87.73998",":id":"row-iqbq_d782_xvx6",":version":"rv-aafu.hxdq~cfcu",":created_at":"2026-02-15T12:00:29.715Z",":updated_at":"2026-02-15T12:00:31.726Z",":@computed_region_awaf_s7ux":"20",":@computed_region_6mkv_f3dw":"21869",":@computed_region_vrxf_vc4k":"16",":@computed_region_bdys_3d7i":"362",":@computed_region_43wa_7qmu":"38",":@computed_region_rpca_8um6":"48",":@computed_region_8hcu_yrd4":"39"}},
{"type":"Feature","geometry":{"type":"Point","coordinates":[-87.6555,41.86938]},"properties":{"id":"a3a3d1b8-a135-11e9-9cda-0a87ae2ba916","station_name":"May St & Taylor St","short_name":"CHI00322","total_docks":"16","docks_in_service":"16","status":"In Service","latitude":"41.86938","longitude":"-87.6555",":id":"row-jj6w~bzvm-nrmk",":version":"rv-5ibq-2vy3-kihq",":created_at":"2026-02-11T12:00:17.226Z",":updated_at":"2026-02-11T12:00:23.870Z",":@computed_region_awaf_s7ux":"8",":@computed_region_6mkv_f3dw":"14917",":@computed_region_vrxf_vc4k":"29",":@computed_region_bdys_3d7i":"87",":@computed_region_43wa_7qmu":"26",":@computed_region_rpca_8um6":"44",":@computed_region_8hcu_yrd4":"34"}},
{"type":"Feature","geometry":{"type":"Point","coordinates":[-87.616279,41.809851]},"properties":{"id":"a3a7a4fc-a135-11e9-9cda-0a87ae2ba916","station_name":"MLK Jr Dr & 47th St","short_name":"CHI00399","total_docks":"11","docks_in_service":"11","status":"In Service","latitude":"41.809851","longitude":"-87.616279",":id":"row-h6sc.herf~7ece",":version":"rv-zada_asey-d3ru",":created_at":"2026-01-08T12:00:18.555Z",":updated_at":"2026-01-08T12:00:22.540Z",":@computed_region_awaf_s7ux":"12",":@computed_region_6mkv_f3dw":"4301",":@computed_region_vrxf_vc4k":"4",":@computed_region_bdys_3d7i":"447",":@computed_region_43wa_7qmu":"9",":@computed_region_rpca_8um6":"36",":@computed_region_8hcu_yrd4":"8"}},
{"type":"Feature","geometry":{"type":"Point","coordinates":[-87.695518,41.738902]},"properties":{"id":"1879436840905128284","station_name":"Francisco Ave & 85th St","short_name":"CHI01546","total_docks":"15","docks_in_service":"15","status":"In Service","latitude":"41.738902","longitude":"-87.695518",":id":"row-eh6d-jhxr.ts93",":version":"rv-nkjp.m5vj-j242",":created_at":"2026-01-15T12:00:18.168Z",":updated_at":"2026-01-15T13:52:26.297Z",":@computed_region_awaf_s7ux":"6",":@computed_region_6mkv_f3dw":"4300",":@computed_region_vrxf_vc4k":"69",":@computed_region_bdys_3d7i":"217",":@computed_region_43wa_7qmu":"30",":@computed_region_rpca_8um6":"8",":@computed_region_8hcu_yrd4":"18"}},
{"type":"Feature","geometry":{"type":"Point","coordinates":[-87.64894,41.92365]},"properties":{"id":"2119634701066248836","station_name":"Halsted St & Belden St","short_name":"CHI02105","total_docks":"15","docks_in_service":"15","status":"In Service","latitude":"41.92365","longitude":"-87.64894",":id":"row-uzpt_fk37~ztam",":version":"rv-ugja~hi8y.atq6",":created_at":"2026-02-28T12:00:19.612Z",":updated_at":"2026-02-28T12:00:33.025Z",":@computed_region_awaf_s7ux":"51",":@computed_region_6mkv_f3dw":"21190",":@computed_region_vrxf_vc4k":"68",":@computed_region_bdys_3d7i":"744",":@computed_region_43wa_7qmu":"34",":@computed_region_rpca_8um6":"16",":@computed_region_8hcu_yrd4":"43"}},
{"type":"Feature","geometry":{"type":"Point","coordinates":[-87.6397409,41.8829056]},"properties":{"id":"a3a7775b-a135-11e9-9cda-0a87ae2ba916","station_name":"Canal St & Monroe St","short_name":"CHI00398","total_docks":"27","docks_in_service":"27","status":"In Service","latitude":"41.8829056","longitude":"-87.6397409",":id":"row-zbku_84dd_3ztd",":version":"rv-nbd9.ujwt~sipb",":created_at":"2026-02-05T12:00:19.477Z",":updated_at":"2026-02-05T12:00:28.710Z",":@computed_region_awaf_s7ux":"22",":@computed_region_6mkv_f3dw":"4452",":@computed_region_vrxf_vc4k":"29",":@computed_region_bdys_3d7i":"784",":@computed_region_43wa_7qmu":"36",":@computed_region_rpca_8um6":"45",":@computed_region_8hcu_yrd4":"42"}},
{"type":"Feature","geometry":{"type":"Point","coordinates":[-87.7289072,41.9924402]},"properties":{"id":"1932836901177930130","station_name":"Granville Ave & Pulaski Rd","short_name":"CHI02053","total_docks":"11","docks_in_service":"11","status":"In Service","latitude":"41.9924402","longitude":"-87.7289072",":id":"row-vpv3_qun9_zvau",":version":"rv-xm4n.ftpb_yu2h",":created_at":"2026-02-05T12:00:19.477Z",":updated_at":"2026-02-05T12:00:28.710Z",":@computed_region_awaf_s7ux":"28",":@computed_region_6mkv_f3dw":"22532",":@computed_region_vrxf_vc4k":"13",":@computed_region_bdys_3d7i":"748",":@computed_region_43wa_7qmu":"38",":@computed_region_rpca_8um6":"18",":@computed_region_8hcu_yrd4":"39"}},
{"type":"Feature","geometry":{"type":"Point","coordinates":[-87.640795,41.875885]},"properties":{"id":"a3a4b164-a135-11e9-9cda-0a87ae2ba916","station_name":"Clinton St & Tilden St","short_name":"CHI01542","total_docks":"27","docks_in_service":"27","status":"In Service","latitude":"41.875885","longitude":"-87.640795",":id":"row-zqe2.twny-i6bk",":version":"rv-w8ey_9w5v_kybb",":created_at":"2026-01-15T12:00:18.168Z",":updated_at":"2026-01-15T13:52:26.297Z",":@computed_region_awaf_s7ux":"48",":@computed_region_6mkv_f3dw":"14917",":@computed_region_vrxf_vc4k":"29",":@computed_region_bdys_3d7i":"97",":@computed_region_43wa_7qmu":"26",":@computed_region_rpca_8um6":"44",":@computed_region_8hcu_yrd4":"28"}},
{"type":"Feature","geometry":{"type":"Point","coordinates":[-87.6219152258,41.8985866514]},"properties":{"id":"a3a62566-a135-11e9-9cda-0a87ae2ba916","station_name":"Mies van der Rohe Way & Chestnut St","short_name":"CHI00418","total_docks":"19","docks_in_service":"19","status":"In Service","latitude":"41.8985866514","longitude":"-87.6219152258",":id":"row-aihr.inrv_uqc8",":version":"rv-7igk_9e7h~ivby",":created_at":"2026-02-11T12:00:17.226Z",":updated_at":"2026-02-11T12:00:23.870Z",":@computed_region_awaf_s7ux":"22",":@computed_region_6mkv_f3dw":"21182",":@computed_region_vrxf_vc4k":"37",":@computed_region_bdys_3d7i":"233",":@computed_region_43wa_7qmu":"11",":@computed_region_rpca_8um6":"6",":@computed_region_8hcu_yrd4":"2"}},
{"type":"Feature","geometry":{"type":"Point","coordinates":[-87.631697,41.890762]},"properties":{"id":"a3a74e60-a135-11e9-9cda-0a87ae2ba916","station_name":"LaSalle St & Illinois St","short_name":"CHI00358","total_docks":"31","docks_in_service":"31","status":"In Service","latitude":"41.890762","longitude":"-87.631697",":id":"row-bj56~6dgw_2zxj",":version":"rv-k4jz_icu7_dzs4",":created_at":"2026-02-08T12:02:36.056Z",":updated_at":"2026-02-08T12:02:45.370Z",":@computed_region_awaf_s7ux":"22",":@computed_region_6mkv_f3dw":"4446",":@computed_region_vrxf_vc4k":"37",":@computed_region_bdys_3d7i":"670",":@computed_region_43wa_7qmu":"36",":@computed_region_rpca_8um6":"55",":@computed_region_8hcu_yrd4":"42"}},
{"type":"Feature","geometry":{"type":"Point","coordinates":[-87.62825,41.69259]},"properties":{"id":"2186824022205777866","station_name":"Wentworth Ave & 111th St","short_name":"CHI02210","total_docks":"8","docks_in_service":"8","status":"In Service","latitude":"41.69259","longitude":"-87.62825",":id":"row-eyr3_8rd5.4n9u",":version":"rv-z3fw~w86a-pfse",":created_at":"2026-02-28T12:00:19.612Z",":updated_at":"2026-02-28T12:00:33.025Z",":@computed_region_awaf_s7ux":"45",":@computed_region_6mkv_f3dw":"21861",":@computed_region_vrxf_vc4k":"45",":@computed_region_bdys_3d7i":"524",":@computed_region_43wa_7qmu":"22",":@computed_region_rpca_8um6":"19",":@computed_region_8hcu_yrd4":"11"}},
{"type":"Feature","geometry":{"type":"Point","coordinates":[-87.65978,41.90689]},"properties":{"id":"2117289274864824946","station_name":"The Salt Shed","short_name":"CHI02100","total_docks":"23","docks_in_service":"23","status":"In Service","latitude":"41.90689","longitude":"-87.65978",":id":"row-tx4e~tqm8_tw86",":version":"rv-th3q-c27f.7wnh",":created_at":"2026-02-08T12:02:36.056Z",":updated_at":"2026-02-08T12:02:45.370Z",":@computed_region_awaf_s7ux":"16",":@computed_region_6mkv_f3dw":"22620",":@computed_region_vrxf_vc4k":"25",":@computed_region_bdys_3d7i":"109",":@computed_region_43wa_7qmu":"46",":@computed_region_rpca_8um6":"49",":@computed_region_8hcu_yrd4":"27"}},
{"type":"Feature","geometry":{"type":"Point","coordinates":[-87.652289271355,41.885491706269]},"properties":{"id":"94788869-1849-43f6-99e1-2eacbc3fab03","station_name":"Morgan St & Lake St","short_name":"CHI00878","total_docks":"30","docks_in_service":"30","status":"In Service","latitude":"41.8854917063","longitude":"-87.6522892714",":id":"row-iwy3-j3kf-rg4b",":version":"rv-9wzd.atmk~e6di",":created_at":"2026-02-28T12:00:19.612Z",":updated_at":"2026-02-28T12:00:33.025Z",":@computed_region_awaf_s7ux":"41",":@computed_region_6mkv_f3dw":"14917",":@computed_region_vrxf_vc4k":"29",":@computed_region_bdys_3d7i":"63",":@computed_region_43wa_7qmu":"46",":@computed_region_rpca_8um6":"44",":@computed_region_8hcu_yrd4":"27"}},
{"type":"Feature","geometry":{"type":"Point","coordinates":[-87.73136,41.86077]},"properties":{"id":"1958859390231356014","station_name":"Tripp Ave & 15th St","short_name":"CHI01980","total_docks":"15","docks_in_service":"15","status":"In Service","latitude":"41.86077","longitude":"-87.73136",":id":"row-aesp.fu8i_z7ni",":version":"rv-vs2v~pkx3_cewg",":created_at":"2026-01-15T12:00:18.168Z",":updated_at":"2026-01-15T13:52:26.297Z",":@computed_region_awaf_s7ux":"36",":@computed_region_6mkv_f3dw":"21569",":@computed_region_vrxf_vc4k":"30",":@computed_region_bdys_3d7i":"761",":@computed_region_43wa_7qmu":"14",":@computed_region_rpca_8um6":"57",":@computed_region_8hcu_yrd4":"24"}},
{"type":"Feature","geometry":{"type":"Point","coordinates":[-87.76124,41.93104]},"properties":{"id":"1961472602929588766","station_name":"Long Ave & Diversey Ave","short_name":"CHI01932","total_docks":"15","docks_in_service":"15","status":"In Service","latitude":"41.93104","longitude":"-87.76124",":id":"row-m7jd-tqgs-63me",":version":"rv-qvqx.7dya.cxeq",":created_at":"2025-10-05T11:00:26.626Z",":updated_at":"2025-10-05T11:00:32.109Z",":@computed_region_awaf_s7ux":"7",":@computed_region_6mkv_f3dw":"22615",":@computed_region_vrxf_vc4k":"19",":@computed_region_bdys_3d7i":"79",":@computed_region_43wa_7qmu":"17",":@computed_region_rpca_8um6":"2",":@computed_region_8hcu_yrd4":"31"}},
{"type":"Feature","geometry":{"type":"Point","coordinates":[-87.649505138397,41.957866524152]},"properties":{"id":"a3aa692e-a135-11e9-9cda-0a87ae2ba916","station_name":"Clarendon Ave & Gordon Ter","short_name":"CHI00455","total_docks":"15","docks_in_service":"15","status":"In Service","latitude":"41.9578665242","longitude":"-87.6495051384",":id":"row-frba_yyp4.b52b",":version":"rv-3e8h-7n4h-q56w",":created_at":"2026-02-28T12:00:19.612Z",":updated_at":"2026-02-28T12:00:33.025Z",":@computed_region_awaf_s7ux":"37",":@computed_region_6mkv_f3dw":"21186",":@computed_region_vrxf_vc4k":"31",":@computed_region_bdys_3d7i":"636",":@computed_region_43wa_7qmu":"39",":@computed_region_rpca_8um6":"53",":@computed_region_8hcu_yrd4":"46"}},
{"type":"Feature","geometry":{"type":"Point","coordinates":[-87.682701,41.750843]},"properties":{"id":"1871991855517771832","station_name":"Western Ave & 79th St","short_name":"CHI01803","total_docks":"15","docks_in_service":"15","status":"In Service","latitude":"41.750843","longitude":"-87.682701",":id":"row-nsuh_kxrc_pvx7",":version":"rv-n5tm_s2gq.5wre",":created_at":"2026-02-28T12:00:19.612Z",":updated_at":"2026-02-28T12:00:33.025Z",":@computed_region_awaf_s7ux":"6",":@computed_region_6mkv_f3dw":"21554",":@computed_region_vrxf_vc4k":"69",":@computed_region_bdys_3d7i":"498",":@computed_region_43wa_7qmu":"30",":@computed_region_rpca_8um6":"59",":@computed_region_8hcu_yrd4":"18"}},
{"type":"Feature","geometry":{"type":"Point","coordinates":[-87.6009581145,41.79933626261]},"properties":{"id":"a3ad66e6-a135-11e9-9cda-0a87ae2ba916","station_name":"Ellis Ave & 53rd St","short_name":"CHI00585","total_docks":"11","docks_in_service":"11","status":"In Service","latitude":"41.7993362626","longitude":"-87.6009581145",":id":"row-84mr-49x5~unvx",":version":"rv-b4yy_irwy.f5wy",":created_at":"2026-02-24T20:58:31.862Z",":updated_at":"2026-02-24T20:58:45.278Z",":@computed_region_awaf_s7ux":"32",":@computed_region_6mkv_f3dw":"21192",":@computed_region_vrxf_vc4k":"8",":@computed_region_bdys_3d7i":"441",":@computed_region_43wa_7qmu":"33",":@computed_region_rpca_8um6":"10",":@computed_region_8hcu_yrd4":"3"}},
{"type":"Feature","geometry":{"type":"Point","coordinates":[-87.70136,41.70382]},"properties":{"id":"2186823631363753926","station_name":"Kedzie Ave & 104th St","short_name":"CHI02208","total_docks":"8","docks_in_service":"8","status":"In Service","latitude":"41.70382","longitude":"-87.70136",":id":"row-szz6-au4h~y35y",":version":"rv-rsh5~fxvz-f27x",":created_at":"2026-02-20T12:00:22.406Z",":updated_at":"2026-02-20T12:00:24.465Z",":@computed_region_awaf_s7ux":"33",":@computed_region_6mkv_f3dw":"4447",":@computed_region_vrxf_vc4k":"73",":@computed_region_bdys_3d7i":"316",":@computed_region_43wa_7qmu":"42",":@computed_region_rpca_8um6":"33",":@computed_region_8hcu_yrd4":"19"}},
{"type":"Feature","geometry":{"type":"Point","coordinates":[-87.743636,41.912732]},"properties":{"id":"1863878044896486356","station_name":"Kilpatrick Ave & Grand Ave","short_name":"CHI01889","total_docks":"15","docks_in_service":"15","status":"In Service","latitude":"41.912732","longitude":"-87.743636",":id":"row-ixtg.m5rk-4a5e",":version":"rv-s654_9ien_h9qt",":created_at":"2026-02-02T12:00:27.117Z",":updated_at":"2026-02-02T12:00:32.698Z",":@computed_region_awaf_s7ux":"4",":@computed_region_6mkv_f3dw":"22615",":@computed_region_vrxf_vc4k":"26",":@computed_region_bdys_3d7i":"62",":@computed_region_43wa_7qmu":"45",":@computed_region_rpca_8um6":"2",":@computed_region_8hcu_yrd4":"37"}},
{"type":"Feature","geometry":{"type":"Point","coordinates":[-87.73892,41.78692]},"properties":{"id":"1957713517347478034","station_name":"Midway Orange Line","short_name":"CHI01901","total_docks":"23","docks_in_service":"23","status":"In Service","latitude":"41.78692","longitude":"-87.73892",":id":"row-uqpv-zjdc-gw2n",":version":"rv-cwvu.h4jx~hyy2",":created_at":"2026-01-22T12:00:26.177Z",":updated_at":"2026-01-22T12:00:28.342Z",":@computed_region_awaf_s7ux":"35",":@computed_region_6mkv_f3dw":"21867",":@computed_region_vrxf_vc4k":"53",":@computed_region_bdys_3d7i":"86",":@computed_region_43wa_7qmu":"15",":@computed_region_rpca_8um6":"58",":@computed_region_8hcu_yrd4":"13"}},
{"type":"Feature","geometry":{"type":"Point","coordinates":[-87.72883,41.77491]},"properties":{"id":"1938034793873535334","station_name":"Tripp Ave & 65th St","short_name":"CHI01867","total_docks":"15","docks_in_service":"15","status":"In Service","latitude":"41.77491","longitude":"-87.72883",":id":"row-i4kq-2r9g_bt8b",":version":"rv-d5u9~2xcm-wii7",":created_at":"2026-02-02T12:00:27.117Z",":updated_at":"2026-02-02T12:00:32.698Z",":@computed_region_awaf_s7ux":"23",":@computed_region_6mkv_f3dw":"21867",":@computed_region_vrxf_vc4k":"63",":@computed_region_bdys_3d7i":"6",":@computed_region_43wa_7qmu":"15",":@computed_region_rpca_8um6":"58",":@computed_region_8hcu_yrd4":"13"}},
{"type":"Feature","geometry":{"type":"Point","coordinates":[-87.7569344,41.9456842]},"properties":{"id":"1926946441362045298","station_name":"Laramie Ave & Addison St","short_name":"CHI01789","total_docks":"15","docks_in_service":"15","status":"In Service","latitude":"41.9456842","longitude":"-87.7569344",":id":"row-u2mz_iu3m_p7ku",":version":"rv-c5mx~uv34~nfjy",":created_at":"2025-06-14T11:00:19.984Z",":updated_at":"2025-06-14T11:00:25.292Z",":@computed_region_awaf_s7ux":"25",":@computed_region_6mkv_f3dw":"22618",":@computed_region_vrxf_vc4k":"15",":@computed_region_bdys_3d7i":"361",":@computed_region_43wa_7qmu":"21",":@computed_region_rpca_8um6":"21",":@computed_region_8hcu_yrd4":"31"}},
{"type":"Feature","geometry":{"type":"Point","coordinates":[-87.738094,41.982765]},"properties":{"id":"1934288056893243658","station_name":"Kostner Ave & Bryn Mawr Ave","short_name":"CHI01818","total_docks":"15","docks_in_service":"15","status":"In Service","latitude":"41.982765","longitude":"-87.738094",":id":"row-4vs7-vi4y-vcuy",":version":"rv-b772~pcde_rjex",":created_at":"2026-02-02T12:00:27.117Z",":updated_at":"2026-02-02T12:00:32.698Z",":@computed_region_awaf_s7ux":"28",":@computed_region_6mkv_f3dw":"22532",":@computed_region_vrxf_vc4k":"13",":@computed_region_bdys_3d7i":"748",":@computed_region_43wa_7qmu":"38",":@computed_region_rpca_8um6":"18",":@computed_region_8hcu_yrd4":"39"}},
{"type":"Feature","geometry":{"type":"Point","coordinates":[-87.679076,41.967081]},"properties":{"id":"a3a87631-a135-11e9-9cda-0a87ae2ba916","station_name":"Damen Ave & Leland Ave","short_name":"CHI00381","total_docks":"15","docks_in_service":"15","status":"In Service","latitude":"41.967081","longitude":"-87.679076",":id":"row-gg4j~p6zz_wp23",":version":"rv-uf8x-f7tc_fker",":created_at":"2026-02-02T12:00:27.117Z",":updated_at":"2026-02-02T12:00:32.698Z",":@computed_region_awaf_s7ux":"13",":@computed_region_6mkv_f3dw":"21849",":@computed_region_vrxf_vc4k":"6",":@computed_region_bdys_3d7i":"225",":@computed_region_43wa_7qmu":"18",":@computed_region_rpca_8um6":"15",":@computed_region_8hcu_yrd4":"47"}},
{"type":"Feature","geometry":{"type":"Point","coordinates":[-87.68808,41.95035]},"properties":{"id":"2108441700539699862","station_name":"Western Ave & Grace St","short_name":"CHI02083","total_docks":"11","docks_in_service":"11","status":"In Service","latitude":"41.95035","longitude":"-87.68808",":id":"row-qfk7.2q5c-8mts",":version":"rv-e63y-rr24~h9nh",":created_at":"2026-02-02T12:00:27.117Z",":updated_at":"2026-02-02T12:00:32.698Z",":@computed_region_awaf_s7ux":"13",":@computed_region_6mkv_f3dw":"21538",":@computed_region_vrxf_vc4k":"46",":@computed_region_bdys_3d7i":"613",":@computed_region_43wa_7qmu":"18",":@computed_region_rpca_8um6":"39",":@computed_region_8hcu_yrd4":"47"}},
{"type":"Feature","geometry":{"type":"Point","coordinates":[-87.70811,41.77519]},"properties":{"id":"2186308443416755100","station_name":"Homan Ave & 65th St","short_name":"CHI02205","total_docks":"8","docks_in_service":"8","status":"In Service","latitude":"41.77519","longitude":"-87.70811",":id":"row-kg8v~m5jq-ughv",":version":"rv-njai~wqd6~qhh7",":created_at":"2026-02-20T12:00:22.406Z",":updated_at":"2026-02-20T12:00:24.465Z",":@computed_region_awaf_s7ux":"44",":@computed_region_6mkv_f3dw":"21867",":@computed_region_vrxf_vc4k":"64",":@computed_region_bdys_3d7i":"293",":@computed_region_43wa_7qmu":"6",":@computed_region_rpca_8um6":"58",":@computed_region_8hcu_yrd4":"14"}},
{"type":"Feature","geometry":{"type":"Point","coordinates":[-87.70885,41.81153]},"properties":{"id":"1939906971867155378","station_name":"Archer Ave & Homan Ave","short_name":"CHI01838","total_docks":"15","docks_in_service":"15","status":"In Service","latitude":"41.81153","longitude":"-87.70885",":id":"row-85vc-qnh8~fnr3",":version":"rv-id26~ui4t_zz7j",":created_at":"2026-02-02T12:00:27.117Z",":updated_at":"2026-02-02T12:00:32.698Z",":@computed_region_awaf_s7ux":"49",":@computed_region_6mkv_f3dw":"22248",":@computed_region_vrxf_vc4k":"55",":@computed_region_bdys_3d7i":"640",":@computed_region_43wa_7qmu":"8",":@computed_region_rpca_8um6":"56",":@computed_region_8hcu_yrd4":"12"}},
{"type":"Feature","geometry":{"type":"Point","coordinates":[-87.54558,41.73054]},"properties":{"id":"1965903932548317228","station_name":"Burley Ave & 91st St","short_name":"CHI01966","total_docks":"15","docks_in_service":"15","status":"In Service","latitude":"41.73054","longitude":"-87.54558",":id":"row-srr5~nnmt~x8u4",":version":"rv-kqzk_48fk.av8j",":created_at":"2025-06-14T11:00:19.984Z",":updated_at":"2025-06-14T11:00:25.292Z",":@computed_region_awaf_s7ux":"47",":@computed_region_6mkv_f3dw":"21202",":@computed_region_vrxf_vc4k":"42",":@computed_region_bdys_3d7i":"175",":@computed_region_43wa_7qmu":"47",":@computed_region_rpca_8um6":"25",":@computed_region_8hcu_yrd4":"6"}},
{"type":"Feature","geometry":{"type":"Point","coordinates":[-87.77805,41.98736]},"properties":{"id":"2038265780361703964","station_name":"Austin Ave & Milwaukee Ave","short_name":"CHI01995","total_docks":"9","docks_in_service":"9","status":"In Service","latitude":"41.98736","longitude":"-87.77805",":id":"row-ndmm.tp83_7bwm",":version":"rv-d4d9-e25r~h8hu",":created_at":"2025-06-14T11:00:19.984Z",":updated_at":"2025-06-14T11:00:25.292Z",":@computed_region_awaf_s7ux":"20",":@computed_region_6mkv_f3dw":"22532",":@computed_region_vrxf_vc4k":"36",":@computed_region_bdys_3d7i":"656",":@computed_region_43wa_7qmu":"50",":@computed_region_rpca_8um6":"18",":@computed_region_8hcu_yrd4":"45"}},
{"type":"Feature","geometry":{"type":"Point","coordinates":[-87.65529,41.97828]},"properties":{"id":"2141761256023053044","station_name":"Sheridan Rd & Berwyn Ave","short_name":"CHI02155","total_docks":"15","docks_in_service":"15","status":"In Service","latitude":"41.97828","longitude":"-87.65529",":id":"row-8a3c_hpau_7c3n",":version":"rv-iszq-6n5a_2ga5",":created_at":"2026-02-02T12:00:27.117Z",":updated_at":"2026-02-02T12:00:32.698Z",":@computed_region_awaf_s7ux":"40",":@computed_region_6mkv_f3dw":"22616",":@computed_region_vrxf_vc4k":"76",":@computed_region_bdys_3d7i":"160",":@computed_region_43wa_7qmu":"16",":@computed_region_rpca_8um6":"15",":@computed_region_8hcu_yrd4":"48"}},
{"type":"Feature","geometry":{"type":"Point","coordinates":[-87.760954,41.9227049]},"properties":{"id":"1563698688321392630","station_name":"Long Ave & Belden Ave","short_name":null,"total_docks":"12","docks_in_service":"12","status":"In Service","latitude":"41.9227049","longitude":"-87.760954",":id":"row-pqiv_bdm9-fw9p",":version":"rv-3ga5.6c35.wikw",":created_at":"2025-05-06T11:00:17.464Z",":updated_at":"2025-05-06T11:00:28.269Z",":@computed_region_awaf_s7ux":"4",":@computed_region_6mkv_f3dw":"22615",":@computed_region_vrxf_vc4k":"19",":@computed_region_bdys_3d7i":"307",":@computed_region_43wa_7qmu":"44",":@computed_region_rpca_8um6":"2",":@computed_region_8hcu_yrd4":"36"}},
{"type":"Feature","geometry":{"type":"Point","coordinates":[-87.61941075325,41.857617552938]},"properties":{"id":"a3aaf2ac-a135-11e9-9cda-0a87ae2ba916","station_name":"Calumet Ave & 18th St","short_name":"CHI02039","total_docks":"15","docks_in_service":"15","status":"In Service","latitude":"41.8576175529","longitude":"-87.6194107533",":id":"row-fuw8-p9ca-emup",":version":"rv-itqi-7x9u~78vv",":created_at":"2025-10-16T11:00:16.899Z",":updated_at":"2025-10-16T11:00:21.777Z",":@computed_region_awaf_s7ux":"48",":@computed_region_6mkv_f3dw":"21194",":@computed_region_vrxf_vc4k":"34",":@computed_region_bdys_3d7i":"374",":@computed_region_43wa_7qmu":"9",":@computed_region_rpca_8um6":"40",":@computed_region_8hcu_yrd4":"8"}},
{"type":"Feature","geometry":{"type":"Point","coordinates":[-87.62079,41.68905]},"properties":{"id":"1991481183241069158","station_name":"Michigan Ave & 113th St","short_name":"CHI01963","total_docks":"16","docks_in_service":"16","status":"In Service","latitude":"41.68905","longitude":"-87.62079",":id":"row-gi8w-rmwe-etxa",":version":"rv-8b86_jamu_hmrm",":created_at":"2025-06-14T11:00:19.984Z",":updated_at":"2025-06-14T11:00:25.292Z",":@computed_region_awaf_s7ux":"30",":@computed_region_6mkv_f3dw":"21861",":@computed_region_vrxf_vc4k":"45",":@computed_region_bdys_3d7i":"253",":@computed_region_43wa_7qmu":"43",":@computed_region_rpca_8um6":"19",":@computed_region_8hcu_yrd4":"11"}},
{"type":"Feature","geometry":{"type":"Point","coordinates":[-87.530836,41.737948]},"properties":{"id":"2022391749515739924","station_name":"Steelworkers Park Public Rack","short_name":null,"total_docks":"8","docks_in_service":"8","status":"In Service","latitude":"41.737948","longitude":"-87.530836",":id":"row-ch5j_dqrp-4ws2",":version":"rv-f6iu.m6hr-2yfc",":created_at":"2026-01-08T12:00:18.555Z",":updated_at":"2026-01-08T12:00:22.540Z",":@computed_region_awaf_s7ux":"47",":@computed_region_6mkv_f3dw":"21202",":@computed_region_vrxf_vc4k":"42",":@computed_region_bdys_3d7i":"505",":@computed_region_43wa_7qmu":"47",":@computed_region_rpca_8um6":"25",":@computed_region_8hcu_yrd4":"6"}},
{"type":"Feature","geometry":{"type":"Point","coordinates":[-87.648384,41.891578]},"properties":{"id":"a3a4ef26-a135-11e9-9cda-0a87ae2ba916","station_name":"Milwaukee Ave & Grand Ave","short_name":"CHI01750","total_docks":"19","docks_in_service":"19","status":"In Service","latitude":"41.891578","longitude":"-87.648384",":id":"row-xy5a.hfgy~vzgj",":version":"rv-c3ae.fp42~gm5c",":created_at":"2025-12-11T12:00:17.268Z",":updated_at":"2025-12-11T12:00:25.571Z",":@computed_region_awaf_s7ux":"41",":@computed_region_6mkv_f3dw":"22620",":@computed_region_vrxf_vc4k":"25",":@computed_region_bdys_3d7i":"522",":@computed_region_43wa_7qmu":"46",":@computed_region_rpca_8um6":"49",":@computed_region_8hcu_yrd4":"27"}},
{"type":"Feature","geometry":{"type":"Point","coordinates":[-87.67842,41.93588]},"properties":{"id":"a3a6ed98-a135-11e9-9cda-0a87ae2ba916","station_name":"Damen Ave & Wellington Ave","short_name":"CHI00484","total_docks":"15","docks_in_service":"15","status":"In Service","latitude":"41.93588","longitude":"-87.67842",":id":"row-y9yg_j78b.dgbp",":version":"rv-zkec_6mxb-vrxa",":created_at":"2026-01-12T12:00:27.725Z",":updated_at":"2026-01-12T12:00:29.487Z",":@computed_region_awaf_s7ux":"24",":@computed_region_6mkv_f3dw":"21538",":@computed_region_vrxf_vc4k":"46",":@computed_region_bdys_3d7i":"616",":@computed_region_43wa_7qmu":"40",":@computed_region_rpca_8um6":"39",":@computed_region_8hcu_yrd4":"32"}},
{"type":"Feature","geometry":{"type":"Point","coordinates":[-87.65869,41.69922]},"properties":{"id":"2009656815059331280","station_name":"Vincennes Ave & 107th St","short_name":"CHI01971","total_docks":"12","docks_in_service":"12","status":"In Service","latitude":"41.69922","longitude":"-87.65869",":id":"row-twdr.gngx~ci2f",":version":"rv-7rc7-zzuk_cd64",":created_at":"2026-02-05T12:00:19.477Z",":updated_at":"2026-02-05T12:00:28.710Z",":@computed_region_awaf_s7ux":"33",":@computed_region_6mkv_f3dw":"22212",":@computed_region_vrxf_vc4k":"74",":@computed_region_bdys_3d7i":"315",":@computed_region_43wa_7qmu":"22",":@computed_region_rpca_8um6":"13",":@computed_region_8hcu_yrd4":"21"}},
{"type":"Feature","geometry":{"type":"Point","coordinates":[-87.640826,41.85795]},"properties":{"id":"a3a715ce-a135-11e9-9cda-0a87ae2ba916","station_name":"Clinton St & 18th St","short_name":"CHI00235","total_docks":"15","docks_in_service":"15","status":"In Service","latitude":"41.85795","longitude":"-87.640826",":id":"row-bqz9.9hiz.cn3g",":version":"rv-6rwu~iemm-mhpi",":created_at":"2025-12-25T12:00:19.571Z",":updated_at":"2025-12-25T12:00:24.825Z",":@computed_region_awaf_s7ux":"8",":@computed_region_6mkv_f3dw":"21194",":@computed_region_vrxf_vc4k":"33",":@computed_region_bdys_3d7i":"126",":@computed_region_43wa_7qmu":"26",":@computed_region_rpca_8um6":"40",":@computed_region_8hcu_yrd4":"25"}},
{"type":"Feature","geometry":{"type":"Point","coordinates":[-87.634266,41.889906]},"properties":{"id":"a3a7e19b-a135-11e9-9cda-0a87ae2ba916","station_name":"Wells St & Hubbard St","short_name":"CHI00332","total_docks":"42","docks_in_service":"42","status":"In Service","latitude":"41.889906","longitude":"-87.634266",":id":"row-dq6z_fv9q_3yxa",":version":"rv-6ysp.fgaw~wfiz",":created_at":"2026-02-24T20:58:31.862Z",":updated_at":"2026-02-24T20:58:45.278Z",":@computed_region_awaf_s7ux":"22",":@computed_region_6mkv_f3dw":"4446",":@computed_region_vrxf_vc4k":"37",":@computed_region_bdys_3d7i":"652",":@computed_region_43wa_7qmu":"36",":@computed_region_rpca_8um6":"55",":@computed_region_8hcu_yrd4":"42"}},
{"type":"Feature","geometry":{"type":"Point","coordinates":[-87.646380364895,41.924161029068]},"properties":{"id":"a3a5c96f-a135-11e9-9cda-0a87ae2ba916","station_name":"Lincoln Ave & Fullerton Ave","short_name":"CHI00494","total_docks":"16","docks_in_service":"15","status":"In Service","latitude":"41.9241610291","longitude":"-87.6463803649",":id":"row-jh9z.jbuj.ct5w",":version":"rv-ez48-334n_v8kf",":created_at":"2026-02-28T12:00:19.612Z",":updated_at":"2026-02-28T12:00:33.025Z",":@computed_region_awaf_s7ux":"51",":@computed_region_6mkv_f3dw":"21190",":@computed_region_vrxf_vc4k":"68",":@computed_region_bdys_3d7i":"798",":@computed_region_43wa_7qmu":"34",":@computed_region_rpca_8um6":"16",":@computed_region_8hcu_yrd4":"43"}},
{"type":"Feature","geometry":{"type":"Point","coordinates":[-87.650001,41.967968]},"properties":{"id":"a3a9309d-a135-11e9-9cda-0a87ae2ba916","station_name":"Clarendon Ave & Leland Ave","short_name":"CHI00365","total_docks":"15","docks_in_service":"15","status":"In Service","latitude":"41.967968","longitude":"-87.650001",":id":"row-dccw.kn8f.67d7",":version":"rv-ttem.aszk.kscp",":created_at":"2026-02-05T12:00:19.477Z",":updated_at":"2026-02-05T12:00:28.710Z",":@computed_region_awaf_s7ux":"37",":@computed_region_6mkv_f3dw":"22616",":@computed_region_vrxf_vc4k":"31",":@computed_region_bdys_3d7i":"636",":@computed_region_43wa_7qmu":"39",":@computed_region_rpca_8um6":"15",":@computed_region_8hcu_yrd4":"46"}},
{"type":"Feature","geometry":{"type":"Point","coordinates":[-87.7163879,41.8918718]},"properties":{"id":"1575949510978564830","station_name":"Central Park Ave & Ohio St","short_name":null,"total_docks":"12","docks_in_service":"12","status":"In Service","latitude":"41.8918718","longitude":"-87.7163879",":id":"row-jrum~dw88_vetv",":version":"rv-8rmb-vdda~wsvh",":created_at":"2025-05-06T11:00:17.464Z",":updated_at":"2025-05-06T11:00:28.269Z",":@computed_region_awaf_s7ux":"41",":@computed_region_6mkv_f3dw":"21572",":@computed_region_vrxf_vc4k":"24",":@computed_region_bdys_3d7i":"584",":@computed_region_43wa_7qmu":"46",":@computed_region_rpca_8um6":"30",":@computed_region_8hcu_yrd4":"27"}},
{"type":"Feature","geometry":{"type":"Point","coordinates":[-87.7191281797,41.95400483876]},"properties":{"id":"a3afb401-a135-11e9-9cda-0a87ae2ba916","station_name":"Monticello Ave & Irving Park Rd","short_name":"CHI00593","total_docks":"15","docks_in_service":"15","status":"In Service","latitude":"41.9540048388","longitude":"-87.7191281797",":id":"row-38z8_kxts_vdqy",":version":"rv-2568~rgt5-pmrz",":created_at":"2025-07-25T11:00:24.341Z",":updated_at":"2025-07-25T11:00:26.681Z",":@computed_region_awaf_s7ux":"2",":@computed_region_6mkv_f3dw":"21538",":@computed_region_vrxf_vc4k":"16",":@computed_region_bdys_3d7i":"364",":@computed_region_43wa_7qmu":"50",":@computed_region_rpca_8um6":"39",":@computed_region_8hcu_yrd4":"45"}},
{"type":"Feature","geometry":{"type":"Point","coordinates":[-87.578496,41.751785]},"properties":{"id":"a3b2862e-a135-11e9-9cda-0a87ae2ba916","station_name":"Bennett Ave & 79th St","short_name":"CHI00691","total_docks":"11","docks_in_service":"11","status":"In Service","latitude":"41.751785","longitude":"-87.578496",":id":"row-k5pk.98xd_havq",":version":"rv-sfkc~c8hv.sd4a",":created_at":"2025-06-14T11:00:19.984Z",":updated_at":"2025-06-14T11:00:25.292Z",":@computed_region_awaf_s7ux":"9",":@computed_region_6mkv_f3dw":"22538",":@computed_region_vrxf_vc4k":"39",":@computed_region_bdys_3d7i":"188",":@computed_region_43wa_7qmu":"35",":@computed_region_rpca_8um6":"24",":@computed_region_8hcu_yrd4":"10"}},
{"type":"Feature","geometry":{"type":"Point","coordinates":[-87.7971406,41.9092204]},"properties":{"id":"1575949510978564828","station_name":"North Ave & New England Ave","short_name":null,"total_docks":"12","docks_in_service":"12","status":"In Service","latitude":"41.9092204","longitude":"-87.7971406",":id":"row-cr2b-g9zm~fg2z",":version":"rv-wfbu~xp57.cjsu",":created_at":"2025-05-06T11:00:17.464Z",":updated_at":"2025-05-06T11:00:28.269Z",":@computed_region_awaf_s7ux":"39",":@computed_region_6mkv_f3dw":"4454",":@computed_region_vrxf_vc4k":"26",":@computed_region_bdys_3d7i":"598",":@computed_region_43wa_7qmu":"7",":@computed_region_rpca_8um6":"3",":@computed_region_8hcu_yrd4":"29"}},
{"type":"Feature","geometry":{"type":"Point","coordinates":[-87.702607512474,41.890468792439]},"properties":{"id":"a3aca268-a135-11e9-9cda-0a87ae2ba916","station_name":"Sacramento Blvd & Franklin Blvd","short_name":"CHI00597","total_docks":"11","docks_in_service":"11","status":"In Service","latitude":"41.8904687924","longitude":"-87.7026075125",":id":"row-676u~4fq4~mtn8",":version":"rv-m6cu_ft2f_jwfw",":created_at":"2025-06-14T11:00:19.984Z",":updated_at":"2025-06-14T11:00:25.292Z",":@computed_region_awaf_s7ux":"41",":@computed_region_6mkv_f3dw":"21184",":@computed_region_vrxf_vc4k":"24",":@computed_region_bdys_3d7i":"177",":@computed_region_43wa_7qmu":"46",":@computed_region_rpca_8um6":"28",":@computed_region_8hcu_yrd4":"27"}},
{"type":"Feature","geometry":{"type":"Point","coordinates":[-87.64117,41.88338]},"properties":{"id":"2181157653719738134","station_name":"Clinton St & Washington Blvd 2","short_name":"CHI02196","total_docks":"32","docks_in_service":"32","status":"In Service","latitude":"41.88338","longitude":"-87.64117",":id":"row-5dbm_b2s3_mwcc",":version":"rv-bixc~gtaa.ci8a",":created_at":"2026-02-11T12:00:17.226Z",":updated_at":"2026-02-11T12:00:23.870Z",":@computed_region_awaf_s7ux":"22",":@computed_region_6mkv_f3dw":"4452",":@computed_region_vrxf_vc4k":"29",":@computed_region_bdys_3d7i":"784",":@computed_region_43wa_7qmu":"36",":@computed_region_rpca_8um6":"45",":@computed_region_8hcu_yrd4":"42"}},
{"type":"Feature","geometry":{"type":"Point","coordinates":[-87.7338518,41.9095392]},"properties":{"id":"1927695368784189454","station_name":"Kildare Ave & North Ave","short_name":"CHI01827","total_docks":"15","docks_in_service":"15","status":"In Service","latitude":"41.9095392","longitude":"-87.7338518",":id":"row-crkt-2mpm.t3wg",":version":"rv-japs.2tgi.jb8j",":created_at":"2025-06-14T11:00:19.984Z",":updated_at":"2025-06-14T11:00:25.292Z",":@computed_region_awaf_s7ux":"27",":@computed_region_6mkv_f3dw":"22615",":@computed_region_vrxf_vc4k":"24",":@computed_region_bdys_3d7i":"286",":@computed_region_43wa_7qmu":"49",":@computed_region_rpca_8um6":"5",":@computed_region_8hcu_yrd4":"36"}},
{"type":"Feature","geometry":{"type":"Point","coordinates":[-87.6860796243,41.95434085219]},"properties":{"id":"a3afbe2e-a135-11e9-9cda-0a87ae2ba916","station_name":"Oakley Ave & Irving Park Rd","short_name":"CHI00369","total_docks":"15","docks_in_service":"15","status":"In Service","latitude":"41.9543408522","longitude":"-87.6860796243",":id":"row-w3ca_n33k-papt",":version":"rv-nj4v~6wjb_8ntn",":created_at":"2026-02-02T12:00:27.117Z",":updated_at":"2026-02-02T12:00:32.698Z",":@computed_region_awaf_s7ux":"13",":@computed_region_6mkv_f3dw":"21538",":@computed_region_vrxf_vc4k":"46",":@computed_region_bdys_3d7i":"623",":@computed_region_43wa_7qmu":"18",":@computed_region_rpca_8um6":"39",":@computed_region_8hcu_yrd4":"47"}},
{"type":"Feature","geometry":{"type":"Point","coordinates":[-87.695562,41.859228]},"properties":{"id":"1594046405283107528","station_name":"California & 16th St","short_name":null,"total_docks":"12","docks_in_service":"12","status":"In Service","latitude":"41.859228","longitude":"-87.695562",":id":"row-fyer~ccsx_4fca",":version":"rv-7ytr~z2zs~s9j5",":created_at":"2025-05-06T11:00:17.464Z",":updated_at":"2025-05-06T11:00:28.269Z",":@computed_region_awaf_s7ux":"11",":@computed_region_6mkv_f3dw":"14920",":@computed_region_vrxf_vc4k":"30",":@computed_region_bdys_3d7i":"16",":@computed_region_43wa_7qmu":"23",":@computed_region_rpca_8um6":"43",":@computed_region_8hcu_yrd4":"28"}},
{"type":"Feature","geometry":{"type":"Point","coordinates":[-87.6256886059,41.87947235235]},"properties":{"id":"a3a42a93-a135-11e9-9cda-0a87ae2ba916","station_name":"Wabash Ave & Adams St","short_name":"CHI00786","total_docks":"23","docks_in_service":"23","status":"In Service","latitude":"41.8794723523","longitude":"-87.6256886059",":id":"row-3yj5.ebme.xdc9",":version":"rv-x6cs~q7bq.9xjn",":created_at":"2026-02-05T12:00:19.477Z",":updated_at":"2026-02-05T12:00:28.710Z",":@computed_region_awaf_s7ux":"22",":@computed_region_6mkv_f3dw":"14912",":@computed_region_vrxf_vc4k":"38",":@computed_region_bdys_3d7i":"367",":@computed_region_43wa_7qmu":"36",":@computed_region_rpca_8um6":"29",":@computed_region_8hcu_yrd4":"34"}},
{"type":"Feature","geometry":{"type":"Point","coordinates":[-87.6866316818,41.88142526]},"properties":{"id":"a3acb6f3-a135-11e9-9cda-0a87ae2ba916","station_name":"Western Ave & Monroe St","short_name":"CHI00652","total_docks":"15","docks_in_service":"15","status":"In Service","latitude":"41.88142526","longitude":"-87.6866316818",":id":"row-jxfr-aeqs-nxjw",":version":"rv-s9sc~q9m3_jru2",":created_at":"2026-02-08T12:02:36.056Z",":updated_at":"2026-02-08T12:02:45.370Z",":@computed_region_awaf_s7ux":"48",":@computed_region_6mkv_f3dw":"21184",":@computed_region_vrxf_vc4k":"29",":@computed_region_bdys_3d7i":"37",":@computed_region_43wa_7qmu":"46",":@computed_region_rpca_8um6":"28",":@computed_region_8hcu_yrd4":"27"}},
{"type":"Feature","geometry":{"type":"Point","coordinates":[-87.700139,41.846506]},"properties":{"id":"1594046400988140226","station_name":"Sacramento Ave & 25th St","short_name":null,"total_docks":"12","docks_in_service":"12","status":"In Service","latitude":"41.846506","longitude":"-87.700139",":id":"row-z7rq.e4wf_syc7",":version":"rv-mxjv.j6na-q4nt",":created_at":"2025-05-06T11:00:17.464Z",":updated_at":"2025-05-06T11:00:28.269Z",":@computed_region_awaf_s7ux":"29",":@computed_region_6mkv_f3dw":"21569",":@computed_region_vrxf_vc4k":"32",":@computed_region_bdys_3d7i":"262",":@computed_region_43wa_7qmu":"1",":@computed_region_rpca_8um6":"57",":@computed_region_8hcu_yrd4":"24"}},
{"type":"Feature","geometry":{"type":"Point","coordinates":[-87.690782,41.953634]},"properties":{"id":"1594046431052911340","station_name":"Campbell Ave & Irving Park Rd","short_name":null,"total_docks":"12","docks_in_service":"12","status":"In Service","latitude":"41.953634","longitude":"-87.690782",":id":"row-yq5n-6pn9-9v7v",":version":"rv-jk8b-6epb.35j4",":created_at":"2025-05-06T11:00:17.464Z",":updated_at":"2025-05-06T11:00:28.269Z",":@computed_region_awaf_s7ux":"13",":@computed_region_6mkv_f3dw":"21538",":@computed_region_vrxf_vc4k":"46",":@computed_region_bdys_3d7i":"110",":@computed_region_43wa_7qmu":"18",":@computed_region_rpca_8um6":"39",":@computed_region_8hcu_yrd4":"47"}},
{"type":"Feature","geometry":{"type":"Point","coordinates":[-87.65196,41.68476]},"properties":{"id":"2012268829702165398","station_name":"Racine Ave & 115th St","short_name":"CHI01965","total_docks":"8","docks_in_service":"8","status":"In Service","latitude":"41.68476","longitude":"-87.65196",":id":"row-b2zn_t4wx~5xmg",":version":"rv-rzhc_hzuk-w4tm",":created_at":"2026-02-20T12:00:22.406Z",":updated_at":"2026-02-20T12:00:24.465Z",":@computed_region_awaf_s7ux":"45",":@computed_region_6mkv_f3dw":"22212",":@computed_region_vrxf_vc4k":"50",":@computed_region_bdys_3d7i":"642",":@computed_region_43wa_7qmu":"22",":@computed_region_rpca_8um6":"13",":@computed_region_8hcu_yrd4":"21"}},
{"type":"Feature","geometry":{"type":"Point","coordinates":[-87.76823,41.97666]},"properties":{"id":"2020810253003180058","station_name":"Farragut Ave & Central Ave","short_name":"CHI01964","total_docks":"16","docks_in_service":"16","status":"In Service","latitude":"41.97666","longitude":"-87.76823",":id":"row-xuwx-rt4t_9js8",":version":"rv-xj8u.2ysu~zqte",":created_at":"2026-02-02T12:00:27.117Z",":updated_at":"2026-02-02T12:00:32.698Z",":@computed_region_awaf_s7ux":"20",":@computed_region_6mkv_f3dw":"21869",":@computed_region_vrxf_vc4k":"11",":@computed_region_bdys_3d7i":"128",":@computed_region_43wa_7qmu":"50",":@computed_region_rpca_8um6":"48",":@computed_region_8hcu_yrd4":"45"}},
{"type":"Feature","geometry":{"type":"Point","coordinates":[-87.7959613,41.934586]},"properties":{"id":"1563698718386161690","station_name":"Oak Park & Wellington","short_name":null,"total_docks":"12","docks_in_service":"12","status":"In Service","latitude":"41.934586","longitude":"-87.7959613",":id":"row-2yhv_vgmi~tmew",":version":"rv-7mzz-k5rh_fsxg",":created_at":"2025-05-06T11:00:17.464Z",":updated_at":"2025-05-06T11:00:28.269Z",":@computed_region_awaf_s7ux":"39",":@computed_region_6mkv_f3dw":"22254",":@computed_region_vrxf_vc4k":"18",":@computed_region_bdys_3d7i":"397",":@computed_region_43wa_7qmu":"44",":@computed_region_rpca_8um6":"52",":@computed_region_8hcu_yrd4":"36"}},
{"type":"Feature","geometry":{"type":"Point","coordinates":[-87.702988,41.94609]},"properties":{"id":"1594046413873042136","station_name":"Sacramento Blvd & Addison St","short_name":null,"total_docks":"12","docks_in_service":"12","status":"In Service","latitude":"41.94609","longitude":"-87.702988",":id":"row-kmr9_83r2-nq72",":version":"rv-dbk9-fg93~vzw5",":created_at":"2025-05-06T11:00:17.464Z",":updated_at":"2025-05-06T11:00:28.269Z",":@computed_region_awaf_s7ux":"2",":@computed_region_6mkv_f3dw":"21538",":@computed_region_vrxf_vc4k":"22",":@computed_region_bdys_3d7i":"425",":@computed_region_43wa_7qmu":"20",":@computed_region_rpca_8um6":"39",":@computed_region_8hcu_yrd4":"33"}},
{"type":"Feature","geometry":{"type":"Point","coordinates":[-87.67019,41.91626]},"properties":{"id":"2131402959429978700","station_name":"Paulina St & Cortland St","short_name":"CHI02132","total_docks":"11","docks_in_service":"11","status":"In Service","latitude":"41.91626","longitude":"-87.67019",":id":"row-vws6-h8n9_q2hw",":version":"rv-kux8-ctq2-2qs9",":created_at":"2025-11-29T12:04:37.849Z",":updated_at":"2025-11-29T12:04:40.332Z",":@computed_region_awaf_s7ux":"16",":@computed_region_6mkv_f3dw":"21560",":@computed_region_vrxf_vc4k":"23",":@computed_region_bdys_3d7i":"209",":@computed_region_43wa_7qmu":"40",":@computed_region_rpca_8um6":"4",":@computed_region_8hcu_yrd4":"32"}},
{"type":"Feature","geometry":{"type":"Point","coordinates":[-87.644097805023,41.937582316006]},"properties":{"id":"a3aa2abb-a135-11e9-9cda-0a87ae2ba916","station_name":"Broadway & Barry Ave","short_name":"CHI00390","total_docks":"19","docks_in_service":"19","status":"In Service","latitude":"41.937582316","longitude":"-87.644097805",":id":"row-h42z-74sq~ap99",":version":"rv-pdiw_w2da_a3wu",":created_at":"2026-02-20T12:00:22.406Z",":updated_at":"2026-02-20T12:00:24.465Z",":@computed_region_awaf_s7ux":"38",":@computed_region_6mkv_f3dw":"4449",":@computed_region_vrxf_vc4k":"57",":@computed_region_bdys_3d7i":"683",":@computed_region_43wa_7qmu":"25",":@computed_region_rpca_8um6":"22",":@computed_region_8hcu_yrd4":"44"}},
{"type":"Feature","geometry":{"type":"Point","coordinates":[-87.7187674,41.9866081]},"properties":{"id":"1929968520492991056","station_name":"Central Park Ave & Ardmore Ave","short_name":"CHI01863","total_docks":"15","docks_in_service":"15","status":"In Service","latitude":"41.9866081","longitude":"-87.7187674",":id":"row-x7pm.9qt7~4464",":version":"rv-r7p7.2ncx.zphg",":created_at":"2026-02-20T12:00:22.406Z",":updated_at":"2026-02-20T12:00:24.465Z",":@computed_region_awaf_s7ux":"28",":@computed_region_6mkv_f3dw":"22532",":@computed_region_vrxf_vc4k":"13",":@computed_region_bdys_3d7i":"747",":@computed_region_43wa_7qmu":"38",":@computed_region_rpca_8um6":"50",":@computed_region_8hcu_yrd4":"39"}},
{"type":"Feature","geometry":{"type":"Point","coordinates":[-87.620843,41.679804]},"properties":{"id":"1448642175142467180","station_name":"S Michigan Ave & E 118th St","short_name":null,"total_docks":"8","docks_in_service":"8","status":"In Service","latitude":"41.679804","longitude":"-87.620843",":id":"row-wqde_cppz~a5mp",":version":"rv-9uux-cmq9.st67",":created_at":"2025-05-06T11:00:17.464Z",":updated_at":"2025-05-06T11:00:28.269Z",":@computed_region_awaf_s7ux":"30",":@computed_region_6mkv_f3dw":"21861",":@computed_region_vrxf_vc4k":"50",":@computed_region_bdys_3d7i":"229",":@computed_region_43wa_7qmu":"43",":@computed_region_rpca_8um6":"19",":@computed_region_8hcu_yrd4":"11"}},
{"type":"Feature","geometry":{"type":"Point","coordinates":[-87.700259,41.870959]},"properties":{"id":"1594046388103238326","station_name":"Sacramento Blvd & Polk St","short_name":null,"total_docks":"12","docks_in_service":"12","status":"In Service","latitude":"41.870959","longitude":"-87.700259",":id":"row-6aet_4it6_8asg",":version":"rv-dwxu~4tkm~vtra",":created_at":"2025-05-06T11:00:17.464Z",":updated_at":"2025-05-06T11:00:28.269Z",":@computed_region_awaf_s7ux":"11",":@computed_region_6mkv_f3dw":"21184",":@computed_region_vrxf_vc4k":"28",":@computed_region_bdys_3d7i":"714",":@computed_region_43wa_7qmu":"23",":@computed_region_rpca_8um6":"28",":@computed_region_8hcu_yrd4":"28"}},
{"type":"Feature","geometry":{"type":"Point","coordinates":[-87.705263,41.939638]},"properties":{"id":"1594046418168009438","station_name":"Albany Ave & Belmont Ave","short_name":null,"total_docks":"12","docks_in_service":"12","status":"In Service","latitude":"41.939638","longitude":"-87.705263",":id":"row-a3nw.ueb2_9jxn",":version":"rv-dqj9-3sve~fs48",":created_at":"2025-05-06T11:00:17.464Z",":updated_at":"2025-05-06T11:00:28.269Z",":@computed_region_awaf_s7ux":"2",":@computed_region_6mkv_f3dw":"21538",":@computed_region_vrxf_vc4k":"22",":@computed_region_bdys_3d7i":"425",":@computed_region_43wa_7qmu":"20",":@computed_region_rpca_8um6":"39",":@computed_region_8hcu_yrd4":"33"}},
{"type":"Feature","geometry":{"type":"Point","coordinates":[-87.7300171,41.866402]},"properties":{"id":"1561012870126088746","station_name":"Keeler Ave & Roosevelt Rd","short_name":null,"total_docks":"12","docks_in_service":"12","status":"In Service","latitude":"41.866402","longitude":"-87.7300171",":id":"row-ngqa.mmu6-auvw",":version":"rv-27x4_fqt9.q65k",":created_at":"2025-05-06T11:00:17.464Z",":updated_at":"2025-05-06T11:00:28.269Z",":@computed_region_awaf_s7ux":"36",":@computed_region_6mkv_f3dw":"21572",":@computed_region_vrxf_vc4k":"30",":@computed_region_bdys_3d7i":"98",":@computed_region_43wa_7qmu":"14",":@computed_region_rpca_8um6":"30",":@computed_region_8hcu_yrd4":"24"}},
{"type":"Feature","geometry":{"type":"Point","coordinates":[-87.6898796,41.9867636]},"properties":{"id":"1594046465420805300","station_name":"Western Ave & Ardmore Ave","short_name":null,"total_docks":"12","docks_in_service":"12","status":"In Service","latitude":"41.9867636","longitude":"-87.6898796",":id":"row-2ui7.s28z.b9b9",":version":"rv-hwfq_2smp.d38y",":created_at":"2025-05-06T11:00:17.464Z",":updated_at":"2025-05-06T11:00:28.269Z",":@computed_region_awaf_s7ux":"46",":@computed_region_6mkv_f3dw":"4450",":@computed_region_vrxf_vc4k":"20",":@computed_region_bdys_3d7i":"15",":@computed_region_43wa_7qmu":"24",":@computed_region_rpca_8um6":"50",":@computed_region_8hcu_yrd4":"40"}},
{"type":"Feature","geometry":{"type":"Point","coordinates":[-87.704448,41.954189]},"properties":{"id":"1606778059648526978","station_name":"Whipple/Irving Park","short_name":null,"total_docks":"12","docks_in_service":"12","status":"In Service","latitude":"41.954189","longitude":"-87.704448",":id":"row-ucxr~ymqr-sra2",":version":"rv-uw8d.xe6a_spnd",":created_at":"2025-05-06T11:00:17.464Z",":updated_at":"2025-05-06T11:00:28.269Z",":@computed_region_awaf_s7ux":"2",":@computed_region_6mkv_f3dw":"21538",":@computed_region_vrxf_vc4k":"16",":@computed_region_bdys_3d7i":"116",":@computed_region_43wa_7qmu":"20",":@computed_region_rpca_8um6":"39",":@computed_region_8hcu_yrd4":"33"}},
{"type":"Feature","geometry":{"type":"Point","coordinates":[-87.693683,41.8711028]},"properties":{"id":"1594046392398205624","station_name":"Washtenaw Ave & Polk St","short_name":null,"total_docks":"12","docks_in_service":"12","status":"In Service","latitude":"41.8711028","longitude":"-87.693683",":id":"row-acpw~b58d~6mg3",":version":"rv-kgqe~h5uv_bhf2",":created_at":"2025-05-06T11:00:17.464Z",":updated_at":"2025-05-06T11:00:28.269Z",":@computed_region_awaf_s7ux":"48",":@computed_region_6mkv_f3dw":"21184",":@computed_region_vrxf_vc4k":"28",":@computed_region_bdys_3d7i":"38",":@computed_region_43wa_7qmu":"23",":@computed_region_rpca_8um6":"28",":@computed_region_8hcu_yrd4":"28"}},
{"type":"Feature","geometry":{"type":"Point","coordinates":[-87.6722,41.899181]},"properties":{"id":"a3b481e1-a135-11e9-9cda-0a87ae2ba916","station_name":"Wood St & Augusta Blvd","short_name":"CHI00788","total_docks":"15","docks_in_service":"15","status":"In Service","latitude":"41.899181","longitude":"-87.6722",":id":"row-g6e6-uej8-v9tr",":version":"rv-9pgu_axa9_iskh",":created_at":"2026-01-14T12:00:28.010Z",":updated_at":"2026-01-14T12:00:29.669Z",":@computed_region_awaf_s7ux":"24",":@computed_region_6mkv_f3dw":"21560",":@computed_region_vrxf_vc4k":"25",":@computed_region_bdys_3d7i":"518",":@computed_region_43wa_7qmu":"41",":@computed_region_rpca_8um6":"4",":@computed_region_8hcu_yrd4":"1"}},
{"type":"Feature","geometry":{"type":"Point","coordinates":[-87.685853,41.884606]},"properties":{"id":"1594046379513303720","station_name":"Western Ave & Lake St","short_name":null,"total_docks":"8","docks_in_service":"8","status":"In Service","latitude":"41.884606","longitude":"-87.685853",":id":"row-f6fh_y4w6_u8wj",":version":"rv-dupv~qvms-qrkv",":created_at":"2025-05-06T11:00:17.464Z",":updated_at":"2025-05-06T11:00:28.269Z",":@computed_region_awaf_s7ux":"48",":@computed_region_6mkv_f3dw":"21184",":@computed_region_vrxf_vc4k":"29",":@computed_region_bdys_3d7i":"37",":@computed_region_43wa_7qmu":"46",":@computed_region_rpca_8um6":"28",":@computed_region_8hcu_yrd4":"27"}},
{"type":"Feature","geometry":{"type":"Point","coordinates":[-87.59399,41.707338]},"properties":{"id":"1448642183732401786","station_name":"Woodlawn & 103rd","short_name":null,"total_docks":"13","docks_in_service":"13","status":"In Service","latitude":"41.707338","longitude":"-87.59399",":id":"row-atwu~7tcj~a3eq",":version":"rv-5ubi_ppeb-fai6",":created_at":"2025-05-06T11:00:17.464Z",":updated_at":"2025-05-06T11:00:28.269Z",":@computed_region_awaf_s7ux":"30",":@computed_region_6mkv_f3dw":"21861",":@computed_region_vrxf_vc4k":"47",":@computed_region_bdys_3d7i":"254",":@computed_region_43wa_7qmu":"43",":@computed_region_rpca_8um6":"19",":@computed_region_8hcu_yrd4":"11"}},
{"type":"Feature","geometry":{"type":"Point","coordinates":[-87.7024412,41.8154913]},"properties":{"id":"1582242319632586320","station_name":"Archer Ave & 43rd St","short_name":null,"total_docks":"8","docks_in_service":"8","status":"In Service","latitude":"41.8154913","longitude":"-87.7024412",":id":"row-8z2b.7cfm.itj7",":version":"rv-vvu6-y8kn~cwrs",":created_at":"2025-05-06T11:00:17.464Z",":updated_at":"2025-05-06T11:00:28.269Z",":@computed_region_awaf_s7ux":"49",":@computed_region_6mkv_f3dw":"22248",":@computed_region_vrxf_vc4k":"55",":@computed_region_bdys_3d7i":"156",":@computed_region_43wa_7qmu":"3",":@computed_region_rpca_8um6":"56",":@computed_region_8hcu_yrd4":"12"}},
{"type":"Feature","geometry":{"type":"Point","coordinates":[-87.63421,41.89281]},"properties":{"id":"a3a5700b-a135-11e9-9cda-0a87ae2ba916","station_name":"Dearborn St & Erie St","short_name":"CHI00295","total_docks":"15","docks_in_service":"15","status":"In Service","latitude":"41.89281","longitude":"-87.63421",":id":"row-8ptx~5p55-erhr",":version":"rv-pcx4~re6k-v9kn",":created_at":"2026-02-08T12:02:36.056Z",":updated_at":"2026-02-08T12:02:45.370Z",":@computed_region_awaf_s7ux":"22",":@computed_region_6mkv_f3dw":"4446",":@computed_region_vrxf_vc4k":"37",":@computed_region_bdys_3d7i":"652",":@computed_region_43wa_7qmu":"36",":@computed_region_rpca_8um6":"55",":@computed_region_8hcu_yrd4":"42"}},
{"type":"Feature","geometry":{"type":"Point","coordinates":[-87.744082,41.930736]},"properties":{"id":"1563698705501259788","station_name":"Kilpatrick Ave & Parker Ave","short_name":null,"total_docks":"12","docks_in_service":"12","status":"In Service","latitude":"41.930736","longitude":"-87.744082",":id":"row-7ag9.5nq9.4y3u",":version":"rv-mjbm-99j8-re49",":created_at":"2025-05-06T11:00:17.464Z",":updated_at":"2025-05-06T11:00:28.269Z",":@computed_region_awaf_s7ux":"7",":@computed_region_6mkv_f3dw":"22615",":@computed_region_vrxf_vc4k":"19",":@computed_region_bdys_3d7i":"305",":@computed_region_43wa_7qmu":"17",":@computed_region_rpca_8um6":"2",":@computed_region_8hcu_yrd4":"31"}},
{"type":"Feature","geometry":{"type":"Point","coordinates":[-87.613673864847,41.692638956472]},"properties":{"id":"1448642179437434486","station_name":"Martin Luther King Dr & 111th St","short_name":null,"total_docks":"8","docks_in_service":"8","status":"In Service","latitude":"41.6926389565","longitude":"-87.6136738648",":id":"row-s7zv_ikpj_u6mg",":version":"rv-g7p3-pfmt~iwpe",":created_at":"2025-05-06T11:00:17.464Z",":updated_at":"2025-05-06T11:00:28.269Z",":@computed_region_awaf_s7ux":"30",":@computed_region_6mkv_f3dw":"21861",":@computed_region_vrxf_vc4k":"45",":@computed_region_bdys_3d7i":"253",":@computed_region_43wa_7qmu":"43",":@computed_region_rpca_8um6":"19",":@computed_region_8hcu_yrd4":"11"}},
{"type":"Feature","geometry":{"type":"Point","coordinates":[-87.80202,41.92227]},"properties":{"id":"1955905507044284968","station_name":"Nordica Ave & Medill Ave","short_name":"CHI01782","total_docks":"15","docks_in_service":"15","status":"In Service","latitude":"41.92227","longitude":"-87.80202",":id":"row-6rfc_uxfb.2mmi",":version":"rv-v96n~pmm3-bsxb",":created_at":"2026-02-02T12:00:27.117Z",":updated_at":"2026-02-02T12:00:32.698Z",":@computed_region_awaf_s7ux":"39",":@computed_region_6mkv_f3dw":"4454",":@computed_region_vrxf_vc4k":"18",":@computed_region_bdys_3d7i":"136",":@computed_region_43wa_7qmu":"7",":@computed_region_rpca_8um6":"3",":@computed_region_8hcu_yrd4":"29"}},
{"type":"Feature","geometry":{"type":"Point","coordinates":[-87.63361,41.68507]},"properties":{"id":"2012268481809814414","station_name":"Eggleston Ave & 115th St","short_name":"CHI02018","total_docks":"16","docks_in_service":"16","status":"In Service","latitude":"41.68507","longitude":"-87.63361",":id":"row-irgr~adgt_qyc2",":version":"rv-ujhj-ikwx-xc9y",":created_at":"2026-02-02T12:00:27.117Z",":updated_at":"2026-02-02T12:00:32.698Z",":@computed_region_awaf_s7ux":"45",":@computed_region_6mkv_f3dw":"21861",":@computed_region_vrxf_vc4k":"50",":@computed_region_bdys_3d7i":"255",":@computed_region_43wa_7qmu":"22",":@computed_region_rpca_8um6":"19",":@computed_region_8hcu_yrd4":"21"}},
{"type":"Feature","geometry":{"type":"Point","coordinates":[-87.64154,41.67096]},"properties":{"id":"2006720516911782212","station_name":"Halsted St & 123rd St","short_name":"CHI01989","total_docks":"16","docks_in_service":"16","status":"In Service","latitude":"41.67096","longitude":"-87.64154",":id":"row-uwxd~6jj2_ha8u",":version":"rv-hye9_9arb-h97j",":created_at":"2026-02-24T20:58:31.862Z",":updated_at":"2026-02-24T20:58:45.278Z",":@computed_region_awaf_s7ux":"45",":@computed_region_6mkv_f3dw":"21861",":@computed_region_vrxf_vc4k":"50",":@computed_region_bdys_3d7i":"60",":@computed_region_43wa_7qmu":"22",":@computed_region_rpca_8um6":"19",":@computed_region_8hcu_yrd4":"21"}},
{"type":"Feature","geometry":{"type":"Point","coordinates":[-87.6444478533,41.888716036]},"properties":{"id":"a3a482fb-a135-11e9-9cda-0a87ae2ba916","station_name":"Desplaines St & Kinzie St","short_name":"CHI00517","total_docks":"27","docks_in_service":"26","status":"In Service","latitude":"41.888716036","longitude":"-87.6444478533",":id":"row-v53f_awwp-747v",":version":"rv-3mia~yntj~b4bx",":created_at":"2026-02-28T12:00:19.612Z",":updated_at":"2026-02-28T12:00:33.025Z",":@computed_region_awaf_s7ux":"41",":@computed_region_6mkv_f3dw":"4452",":@computed_region_vrxf_vc4k":"25",":@computed_region_bdys_3d7i":"109",":@computed_region_43wa_7qmu":"36",":@computed_region_rpca_8um6":"45",":@computed_region_8hcu_yrd4":"34"}},
{"type":"Feature","geometry":{"type":"Point","coordinates":[-87.6308760584,41.88602082773]},"properties":{"id":"a3a42574-a135-11e9-9cda-0a87ae2ba916","station_name":"Clark St & Lake St","short_name":"CHI00761","total_docks":"42","docks_in_service":"42","status":"In Service","latitude":"41.8860208277","longitude":"-87.6308760584",":id":"row-h5jb_v8q6-dbg5",":version":"rv-d3rk~qnvv-brpd",":created_at":"2026-02-24T20:58:31.862Z",":updated_at":"2026-02-24T20:58:45.278Z",":@computed_region_awaf_s7ux":"22",":@computed_region_6mkv_f3dw":"14309",":@computed_region_vrxf_vc4k":"38",":@computed_region_bdys_3d7i":"92",":@computed_region_43wa_7qmu":"36",":@computed_region_rpca_8um6":"42",":@computed_region_8hcu_yrd4":"42"}},
{"type":"Feature","geometry":{"type":"Point","coordinates":[-87.7686995,41.9125923]},"properties":{"id":"1575949506683597522","station_name":"Major Ave & Bloomingdale Ave","short_name":null,"total_docks":"12","docks_in_service":"12","status":"In Service","latitude":"41.9125923","longitude":"-87.7686995",":id":"row-ss55_y4rr_rwfp",":version":"rv-wbjw.7v3f_as2b",":created_at":"2025-05-06T11:00:17.464Z",":updated_at":"2025-05-06T11:00:28.269Z",":@computed_region_awaf_s7ux":"52",":@computed_region_6mkv_f3dw":"22615",":@computed_region_vrxf_vc4k":"26",":@computed_region_bdys_3d7i":"597",":@computed_region_43wa_7qmu":"7",":@computed_region_rpca_8um6":"2",":@computed_region_8hcu_yrd4":"29"}},
{"type":"Feature","geometry":{"type":"Point","coordinates":[-87.7725029,41.9383682]},"properties":{"id":"1563698718386161684","station_name":"Mason Ave & Belmont Ave","short_name":null,"total_docks":"12","docks_in_service":"12","status":"In Service","latitude":"41.9383682","longitude":"-87.7725029",":id":"row-5vxs-cipx~3hwj",":version":"rv-atii~yg2s~w3rf",":created_at":"2025-05-06T11:00:17.464Z",":updated_at":"2025-05-06T11:00:28.269Z",":@computed_region_awaf_s7ux":"27",":@computed_region_6mkv_f3dw":"22254",":@computed_region_vrxf_vc4k":"19",":@computed_region_bdys_3d7i":"82",":@computed_region_43wa_7qmu":"21",":@computed_region_rpca_8um6":"52",":@computed_region_8hcu_yrd4":"30"}},
{"type":"Feature","geometry":{"type":"Point","coordinates":[-87.62287,41.69251]},"properties":{"id":"1991508150894459550","station_name":"State St & 111th St","short_name":"CHI01941","total_docks":"8","docks_in_service":"8","status":"In Service","latitude":"41.69251","longitude":"-87.62287",":id":"row-igan.gw69_vbh7",":version":"rv-sy7v~k3y5~4b2f",":created_at":"2026-02-20T12:00:22.406Z",":updated_at":"2026-02-20T12:00:24.465Z",":@computed_region_awaf_s7ux":"30",":@computed_region_6mkv_f3dw":"21861",":@computed_region_vrxf_vc4k":"45",":@computed_region_bdys_3d7i":"253",":@computed_region_43wa_7qmu":"43",":@computed_region_rpca_8um6":"19",":@computed_region_8hcu_yrd4":"11"}},
{"type":"Feature","geometry":{"type":"Point","coordinates":[-87.702749,41.972177]},"properties":{"id":"1594046439642845944","station_name":"N Shore Channel Trail & Argyle St","short_name":null,"total_docks":"12","docks_in_service":"12","status":"In Service","latitude":"41.972177","longitude":"-87.702749",":id":"row-zd6d-tzq5~ya9k",":version":"rv-t45r_94mn-89vp",":created_at":"2025-05-06T11:00:17.464Z",":updated_at":"2025-05-06T11:00:28.269Z",":@computed_region_awaf_s7ux":"46",":@computed_region_6mkv_f3dw":"21849",":@computed_region_vrxf_vc4k":"6",":@computed_region_bdys_3d7i":"620",":@computed_region_43wa_7qmu":"24",":@computed_region_rpca_8um6":"20",":@computed_region_8hcu_yrd4":"40"}},
{"type":"Feature","geometry":{"type":"Point","coordinates":[-87.7048924,41.9812456]},"properties":{"id":"1594046435347878642","station_name":"Virginia Ave & Catalpa Ave","short_name":null,"total_docks":"12","docks_in_service":"12","status":"In Service","latitude":"41.9812456","longitude":"-87.7048924",":id":"row-e6b2-bi8i_aaqy",":version":"rv-ae3v_7ybh_ykn9",":created_at":"2025-05-06T11:00:17.464Z",":updated_at":"2025-05-06T11:00:28.269Z",":@computed_region_awaf_s7ux":"46",":@computed_region_6mkv_f3dw":"21849",":@computed_region_vrxf_vc4k":"6",":@computed_region_bdys_3d7i":"620",":@computed_region_43wa_7qmu":"24",":@computed_region_rpca_8um6":"20",":@computed_region_8hcu_yrd4":"39"}},
{"type":"Feature","geometry":{"type":"Point","coordinates":[-87.65627,41.94628]},"properties":{"id":"2127352974007087978","station_name":"Clark St & Eddy St","short_name":"CHI02122","total_docks":"15","docks_in_service":"15","status":"In Service","latitude":"41.94628","longitude":"-87.65627",":id":"row-u3bj~tghi-y3xy",":version":"rv-dxnf~u23z-vw5h",":created_at":"2026-02-05T12:00:19.477Z",":updated_at":"2026-02-05T12:00:28.710Z",":@computed_region_awaf_s7ux":"38",":@computed_region_6mkv_f3dw":"4449",":@computed_region_vrxf_vc4k":"57",":@computed_region_bdys_3d7i":"211",":@computed_region_43wa_7qmu":"25",":@computed_region_rpca_8um6":"22",":@computed_region_8hcu_yrd4":"44"}},
{"type":"Feature","geometry":{"type":"Point","coordinates":[-87.6531893,41.885586]},"properties":{"id":"1436495105198659246","station_name":"N Carpenter St & W Lake St","short_name":null,"total_docks":"5","docks_in_service":"5","status":"In Service","latitude":"41.885586","longitude":"-87.6531893",":id":"row-thbt_keyn_6f3m",":version":"rv-az3i.fas2~zijq",":created_at":"2025-05-06T11:00:17.464Z",":updated_at":"2025-05-06T11:00:28.269Z",":@computed_region_awaf_s7ux":"41",":@computed_region_6mkv_f3dw":"14917",":@computed_region_vrxf_vc4k":"29",":@computed_region_bdys_3d7i":"63",":@computed_region_43wa_7qmu":"46",":@computed_region_rpca_8um6":"44",":@computed_region_8hcu_yrd4":"27"}},
{"type":"Feature","geometry":{"type":"Point","coordinates":[-87.721563,41.904035]},"properties":{"id":"1575949519568499428","station_name":"Hamlin Ave & Grand Ave","short_name":null,"total_docks":"12","docks_in_service":"12","status":"In Service","latitude":"41.904035","longitude":"-87.721563",":id":"row-inue-jw6q-eg2u",":version":"rv-yypc~w3gu.mnvi",":created_at":"2025-05-06T11:00:17.464Z",":updated_at":"2025-05-06T11:00:28.269Z",":@computed_region_awaf_s7ux":"41",":@computed_region_6mkv_f3dw":"4299",":@computed_region_vrxf_vc4k":"24",":@computed_region_bdys_3d7i":"454",":@computed_region_43wa_7qmu":"49",":@computed_region_rpca_8um6":"5",":@computed_region_8hcu_yrd4":"36"}},
{"type":"Feature","geometry":{"type":"Point","coordinates":[-87.722564,41.784186]},"properties":{"id":"1593766343243326364","station_name":"Pulaski Rd & 60th St","short_name":null,"total_docks":"12","docks_in_service":"12","status":"In Service","latitude":"41.784186","longitude":"-87.722564",":id":"row-r3s5_c9hw_cp2c",":version":"rv-4n5g.fzqr_xymf",":created_at":"2025-05-06T11:00:17.464Z",":updated_at":"2025-05-06T11:00:28.269Z",":@computed_region_awaf_s7ux":"23",":@computed_region_6mkv_f3dw":"21867",":@computed_region_vrxf_vc4k":"63",":@computed_region_bdys_3d7i":"339",":@computed_region_43wa_7qmu":"6",":@computed_region_rpca_8um6":"58",":@computed_region_8hcu_yrd4":"23"}},
{"type":"Feature","geometry":{"type":"Point","coordinates":[-87.70485,41.877505]},"properties":{"id":"1594046383808271024","station_name":"Troy St & Jackson Blvd","short_name":null,"total_docks":"12","docks_in_service":"12","status":"In Service","latitude":"41.877505","longitude":"-87.70485",":id":"row-ud8g.6rzk.uanp",":version":"rv-qn33~rymm~3fw2",":created_at":"2025-05-06T11:00:17.464Z",":updated_at":"2025-05-06T11:00:28.269Z",":@computed_region_awaf_s7ux":"11",":@computed_region_6mkv_f3dw":"21184",":@computed_region_vrxf_vc4k":"28",":@computed_region_bdys_3d7i":"737",":@computed_region_43wa_7qmu":"23",":@computed_region_rpca_8um6":"28",":@computed_region_8hcu_yrd4":"28"}},
{"type":"Feature","geometry":{"type":"Point","coordinates":[-87.717074,41.705846]},"properties":{"id":"1448642179437434482","station_name":"W 103rd St & S Avers Ave","short_name":null,"total_docks":"13","docks_in_service":"13","status":"In Service","latitude":"41.705846","longitude":"-87.717074",":id":"row-p27e~6dnc.qm2d",":version":"rv-fv4b-qgg7.5w2p",":created_at":"2025-05-06T11:00:17.464Z",":updated_at":"2025-05-06T11:00:28.269Z",":@computed_region_awaf_s7ux":"33",":@computed_region_6mkv_f3dw":"4447",":@computed_region_vrxf_vc4k":"73",":@computed_region_bdys_3d7i":"316",":@computed_region_43wa_7qmu":"42",":@computed_region_rpca_8um6":"33",":@computed_region_8hcu_yrd4":"19"}},
{"type":"Feature","geometry":{"type":"Point","coordinates":[-87.701051,41.941499]},"properties":{"id":"1594046418168009436","station_name":"Elston Ave & Henderson St","short_name":null,"total_docks":"12","docks_in_service":"12","status":"In Service","latitude":"41.941499","longitude":"-87.701051",":id":"row-nigw.jt6x_qhkk",":version":"rv-aea9-sv9m.a9nc",":created_at":"2025-05-06T11:00:17.464Z",":updated_at":"2025-05-06T11:00:28.269Z",":@computed_region_awaf_s7ux":"2",":@computed_region_6mkv_f3dw":"21538",":@computed_region_vrxf_vc4k":"22",":@computed_region_bdys_3d7i":"425",":@computed_region_43wa_7qmu":"20",":@computed_region_rpca_8um6":"39",":@computed_region_8hcu_yrd4":"33"}},
{"type":"Feature","geometry":{"type":"Point","coordinates":[-87.7554551,41.8986607]},"properties":{"id":"1575949519568499430","station_name":"Augusta Blvd & Laramie Ave","short_name":null,"total_docks":"12","docks_in_service":"12","status":"In Service","latitude":"41.8986607","longitude":"-87.7554551",":id":"row-5k5e_zizk_j4rd",":version":"rv-xvv2~357e_dquz",":created_at":"2025-05-06T11:00:17.464Z",":updated_at":"2025-05-06T11:00:28.269Z",":@computed_region_awaf_s7ux":"4",":@computed_region_6mkv_f3dw":"4299",":@computed_region_vrxf_vc4k":"26",":@computed_region_bdys_3d7i":"585",":@computed_region_43wa_7qmu":"45",":@computed_region_rpca_8um6":"5",":@computed_region_8hcu_yrd4":"37"}},
{"type":"Feature","geometry":{"type":"Point","coordinates":[-87.68194,41.89962]},"properties":{"id":"2126182171734508022","station_name":"Leavitt St & Augusta Blvd","short_name":"CHI02120","total_docks":"15","docks_in_service":"15","status":"In Service","latitude":"41.89962","longitude":"-87.68194",":id":"row-iiby-iabn~wzef",":version":"rv-ddpv.pniy.b4bx",":created_at":"2026-02-24T20:58:31.862Z",":updated_at":"2026-02-24T20:58:45.278Z",":@computed_region_awaf_s7ux":"16",":@computed_region_6mkv_f3dw":"21560",":@computed_region_vrxf_vc4k":"25",":@computed_region_bdys_3d7i":"476",":@computed_region_43wa_7qmu":"11",":@computed_region_rpca_8um6":"4",":@computed_region_8hcu_yrd4":"1"}},
{"type":"Feature","geometry":{"type":"Point","coordinates":[-87.654406,41.954245]},"properties":{"id":"a3a86c05-a135-11e9-9cda-0a87ae2ba916","station_name":"Sheridan Rd & Irving Park Rd","short_name":"CHI00304","total_docks":"31","docks_in_service":"31","status":"In Service","latitude":"41.954245","longitude":"-87.654406",":id":"row-j264~8a3f~3668",":version":"rv-df2e_y3pr.pgpz",":created_at":"2026-02-08T12:02:36.056Z",":updated_at":"2026-02-08T12:02:45.370Z",":@computed_region_awaf_s7ux":"37",":@computed_region_6mkv_f3dw":"21186",":@computed_region_vrxf_vc4k":"57",":@computed_region_bdys_3d7i":"83",":@computed_region_43wa_7qmu":"39",":@computed_region_rpca_8um6":"53",":@computed_region_8hcu_yrd4":"46"}},
{"type":"Feature","geometry":{"type":"Point","coordinates":[-87.701593,41.984746]},"properties":{"id":"1594046456822715150","station_name":"Francisco Ave & Hollywood Ave","short_name":null,"total_docks":"12","docks_in_service":"12","status":"In Service","latitude":"41.984746","longitude":"-87.701593",":id":"row-td7n-2bh6.hf9w",":version":"rv-usk6~ftb9_fuj6",":created_at":"2025-05-06T11:00:17.464Z",":updated_at":"2025-05-06T11:00:28.269Z",":@computed_region_awaf_s7ux":"46",":@computed_region_6mkv_f3dw":"4450",":@computed_region_vrxf_vc4k":"20",":@computed_region_bdys_3d7i":"65",":@computed_region_43wa_7qmu":"24",":@computed_region_rpca_8um6":"50",":@computed_region_8hcu_yrd4":"50"}},
{"type":"Feature","geometry":{"type":"Point","coordinates":[-87.7006,41.92469]},"properties":{"id":"2103610248112881712","station_name":"Milwaukee Ave & Fullerton Ave","short_name":"CHI02075","total_docks":"15","docks_in_service":"15","status":"In Service","latitude":"41.92469","longitude":"-87.7006",":id":"row-ec9t~afvi.jbnt",":version":"rv-bud8-bd64.vc57",":created_at":"2026-02-24T20:58:31.862Z",":updated_at":"2026-02-24T20:58:45.278Z",":@computed_region_awaf_s7ux":"15",":@computed_region_6mkv_f3dw":"22535",":@computed_region_vrxf_vc4k":"23",":@computed_region_bdys_3d7i":"322",":@computed_region_43wa_7qmu":"41",":@computed_region_rpca_8um6":"1",":@computed_region_8hcu_yrd4":"1"}},
{"type":"Feature","geometry":{"type":"Point","coordinates":[-87.7212202,41.8080713]},"properties":{"id":"1594041781399920506","station_name":"Springfield Ave & 47th St","short_name":null,"total_docks":"12","docks_in_service":"12","status":"In Service","latitude":"41.8080713","longitude":"-87.7212202",":id":"row-f5m4_f58q.bguc",":version":"rv-c6z5~3p2r-u9ac",":created_at":"2025-05-06T11:00:17.464Z",":updated_at":"2025-05-06T11:00:28.269Z",":@computed_region_awaf_s7ux":"49",":@computed_region_6mkv_f3dw":"22248",":@computed_region_vrxf_vc4k":"54",":@computed_region_bdys_3d7i":"563",":@computed_region_43wa_7qmu":"8",":@computed_region_rpca_8um6":"56",":@computed_region_8hcu_yrd4":"14"}},
{"type":"Feature","geometry":{"type":"Point","coordinates":[-87.7723116,41.9237918]},"properties":{"id":"1563698679731458032","station_name":"Fullerton & Monitor","short_name":null,"total_docks":"12","docks_in_service":"12","status":"In Service","latitude":"41.9237918","longitude":"-87.7723116",":id":"row-yc4g_zxfp.qw7c",":version":"rv-vr6i~933n_dgk6",":created_at":"2025-05-06T11:00:17.464Z",":updated_at":"2025-05-06T11:00:28.269Z",":@computed_region_awaf_s7ux":"27",":@computed_region_6mkv_f3dw":"22615",":@computed_region_vrxf_vc4k":"19",":@computed_region_bdys_3d7i":"57",":@computed_region_43wa_7qmu":"44",":@computed_region_rpca_8um6":"2",":@computed_region_8hcu_yrd4":"36"}},
{"type":"Feature","geometry":{"type":"Point","coordinates":[-87.7040052,41.8113904]},"properties":{"id":"1582242315337619018","station_name":"Kedzie Ave & 45th St","short_name":null,"total_docks":"8","docks_in_service":"8","status":"In Service","latitude":"41.8113904","longitude":"-87.7040052",":id":"row-h9a7~jmvg~hp2t",":version":"rv-uakw_44ws.numa",":created_at":"2025-05-06T11:00:17.464Z",":updated_at":"2025-05-06T11:00:28.269Z",":@computed_region_awaf_s7ux":"49",":@computed_region_6mkv_f3dw":"22248",":@computed_region_vrxf_vc4k":"55",":@computed_region_bdys_3d7i":"85",":@computed_region_43wa_7qmu":"8",":@computed_region_rpca_8um6":"56",":@computed_region_8hcu_yrd4":"12"}},
{"type":"Feature","geometry":{"type":"Point","coordinates":[-87.73215,41.851414]},"properties":{"id":"1561012878716023344","station_name":"Kildare & Cermak","short_name":null,"total_docks":"12","docks_in_service":"12","status":"In Service","latitude":"41.851414","longitude":"-87.73215",":id":"row-bab3~u9w4.tbgy",":version":"rv-h754~qrhr.g9ep",":created_at":"2025-05-06T11:00:17.464Z",":updated_at":"2025-05-06T11:00:28.269Z",":@computed_region_awaf_s7ux":"14",":@computed_region_6mkv_f3dw":"21569",":@computed_region_vrxf_vc4k":"30",":@computed_region_bdys_3d7i":"125",":@computed_region_43wa_7qmu":"28",":@computed_region_rpca_8um6":"57",":@computed_region_8hcu_yrd4":"22"}},
{"type":"Feature","geometry":{"type":"Point","coordinates":[-87.7109257,41.868114]},"properties":{"id":"1561012891600925250","station_name":"Homan Ave & Fillmore St","short_name":null,"total_docks":"12","docks_in_service":"12","status":"In Service","latitude":"41.868114","longitude":"-87.7109257",":id":"row-57bz_8qip.9mp9",":version":"rv-5jd3-3mkt-sxe6",":created_at":"2025-05-06T11:00:17.464Z",":updated_at":"2025-05-06T11:00:28.269Z",":@computed_region_awaf_s7ux":"36",":@computed_region_6mkv_f3dw":"21572",":@computed_region_vrxf_vc4k":"30",":@computed_region_bdys_3d7i":"98",":@computed_region_43wa_7qmu":"14",":@computed_region_rpca_8um6":"30",":@computed_region_8hcu_yrd4":"24"}},
{"type":"Feature","geometry":{"type":"Point","coordinates":[-87.706489,41.950244]},"properties":{"id":"1594046456830870690","station_name":"Troy St & Grace St","short_name":null,"total_docks":"12","docks_in_service":"12","status":"In Service","latitude":"41.950244","longitude":"-87.706489",":id":"row-7rf5.k4ps-cxd2",":version":"rv-utx3-nc29.myvx",":created_at":"2025-05-06T11:00:17.464Z",":updated_at":"2025-05-06T11:00:28.269Z",":@computed_region_awaf_s7ux":"2",":@computed_region_6mkv_f3dw":"21538",":@computed_region_vrxf_vc4k":"16",":@computed_region_bdys_3d7i":"372",":@computed_region_43wa_7qmu":"20",":@computed_region_rpca_8um6":"39",":@computed_region_8hcu_yrd4":"33"}},
{"type":"Feature","geometry":{"type":"Point","coordinates":[-87.7164901,41.8989108]},"properties":{"id":"1575949515273532128","station_name":"Central Park & Augusta Blvd","short_name":null,"total_docks":"12","docks_in_service":"12","status":"In Service","latitude":"41.8989108","longitude":"-87.7164901",":id":"row-gxhy~3pqd_utmy",":version":"rv-qnmd_pmim_qyxu",":created_at":"2025-05-06T11:00:17.464Z",":updated_at":"2025-05-06T11:00:28.269Z",":@computed_region_awaf_s7ux":"41",":@computed_region_6mkv_f3dw":"4299",":@computed_region_vrxf_vc4k":"24",":@computed_region_bdys_3d7i":"456",":@computed_region_43wa_7qmu":"46",":@computed_region_rpca_8um6":"5",":@computed_region_8hcu_yrd4":"27"}},
{"type":"Feature","geometry":{"type":"Point","coordinates":[-87.59227,41.79943]},"properties":{"id":"2150674821797738944","station_name":"Dorchester Ave & 53rd St","short_name":"CHI02171","total_docks":"15","docks_in_service":"15","status":"In Service","latitude":"41.79943","longitude":"-87.59227",":id":"row-egt2_c2ca~s3xf",":version":"rv-gmwj_2we2~edaw",":created_at":"2025-11-15T12:02:30.229Z",":updated_at":"2025-11-15T12:02:31.875Z",":@computed_region_awaf_s7ux":"1",":@computed_region_6mkv_f3dw":"21192",":@computed_region_vrxf_vc4k":"8",":@computed_region_bdys_3d7i":"499",":@computed_region_43wa_7qmu":"33",":@computed_region_rpca_8um6":"10",":@computed_region_8hcu_yrd4":"3"}},
{"type":"Feature","geometry":{"type":"Point","coordinates":[-87.65079,41.90056]},"properties":{"id":"a3ac7444-a135-11e9-9cda-0a87ae2ba916","station_name":"Halsted St & North Branch St","short_name":"CHI00632","total_docks":"15","docks_in_service":"15","status":"In Service","latitude":"41.90056","longitude":"-87.65079",":id":"row-ip99-g225-6cqu",":version":"rv-87ce~kig3-rkde",":created_at":"2026-02-28T12:00:19.612Z",":updated_at":"2026-02-28T12:00:33.025Z",":@computed_region_awaf_s7ux":"16",":@computed_region_6mkv_f3dw":"22620",":@computed_region_vrxf_vc4k":"37",":@computed_region_bdys_3d7i":"108",":@computed_region_43wa_7qmu":"46",":@computed_region_rpca_8um6":"49",":@computed_region_8hcu_yrd4":"27"}},
{"type":"Feature","geometry":{"type":"Point","coordinates":[-87.6547,41.71414]},"properties":{"id":"2013011935067374302","station_name":"Throop St & 99th St","short_name":"CHI01959","total_docks":"16","docks_in_service":"16","status":"In Service","latitude":"41.71414","longitude":"-87.6547",":id":"row-phe9_w2ex.m4x5",":version":"rv-y6rf_4zis-bqdx",":created_at":"2026-02-02T12:00:27.117Z",":updated_at":"2026-02-02T12:00:32.698Z",":@computed_region_awaf_s7ux":"18",":@computed_region_6mkv_f3dw":"22212",":@computed_region_vrxf_vc4k":"72",":@computed_region_bdys_3d7i":"592",":@computed_region_43wa_7qmu":"13",":@computed_region_rpca_8um6":"13",":@computed_region_8hcu_yrd4":"21"}},
{"type":"Feature","geometry":{"type":"Point","coordinates":[-87.65005,41.72126]},"properties":{"id":"2009656643260639434","station_name":"Vincennes Ave & 95th St","short_name":"CHI01912","total_docks":"8","docks_in_service":"8","status":"In Service","latitude":"41.72126","longitude":"-87.65005",":id":"row-twn5.uxm3~dygs",":version":"rv-dey5_fryf~terh",":created_at":"2026-02-20T12:00:22.406Z",":updated_at":"2026-02-20T12:00:24.465Z",":@computed_region_awaf_s7ux":"18",":@computed_region_6mkv_f3dw":"22212",":@computed_region_vrxf_vc4k":"72",":@computed_region_bdys_3d7i":"592",":@computed_region_43wa_7qmu":"13",":@computed_region_rpca_8um6":"13",":@computed_region_8hcu_yrd4":"21"}},
{"type":"Feature","geometry":{"type":"Point","coordinates":[-87.697852,41.974712]},"properties":{"id":"1594046439642845942","station_name":"California Ave & Winona St","short_name":null,"total_docks":"8","docks_in_service":"8","status":"In Service","latitude":"41.974712","longitude":"-87.697852",":id":"row-3cnp~2uqf-k5k6",":version":"rv-f83q.x332~zqs4",":created_at":"2025-05-06T11:00:17.464Z",":updated_at":"2025-05-06T11:00:28.269Z",":@computed_region_awaf_s7ux":"46",":@computed_region_6mkv_f3dw":"21849",":@computed_region_vrxf_vc4k":"6",":@computed_region_bdys_3d7i":"28",":@computed_region_43wa_7qmu":"24",":@computed_region_rpca_8um6":"20",":@computed_region_8hcu_yrd4":"40"}},
{"type":"Feature","geometry":{"type":"Point","coordinates":[-87.697075,41.99066]},"properties":{"id":"1594046461117682452","station_name":"Washtenaw Ave & Peterson Ave","short_name":null,"total_docks":"12","docks_in_service":"12","status":"In Service","latitude":"41.99066","longitude":"-87.697075",":id":"row-9w37-xe8p_sniw",":version":"rv-qmyq.azuk_ds7u",":created_at":"2025-05-06T11:00:17.464Z",":updated_at":"2025-05-06T11:00:28.269Z",":@computed_region_awaf_s7ux":"42",":@computed_region_6mkv_f3dw":"4450",":@computed_region_vrxf_vc4k":"20",":@computed_region_bdys_3d7i":"31",":@computed_region_43wa_7qmu":"24",":@computed_region_rpca_8um6":"50",":@computed_region_8hcu_yrd4":"40"}},
{"type":"Feature","geometry":{"type":"Point","coordinates":[-87.7661217,41.9301785]},"properties":{"id":"1563698684026425330","station_name":"Central Ave & Parker Ave","short_name":null,"total_docks":"12","docks_in_service":"12","status":"In Service","latitude":"41.9301785","longitude":"-87.7661217",":id":"row-2m64~xv73.eq58",":version":"rv-4qug.tdrp-36zn",":created_at":"2025-05-06T11:00:17.464Z",":updated_at":"2025-05-06T11:00:28.269Z",":@computed_region_awaf_s7ux":"27",":@computed_region_6mkv_f3dw":"22615",":@computed_region_vrxf_vc4k":"19",":@computed_region_bdys_3d7i":"79",":@computed_region_43wa_7qmu":"21",":@computed_region_rpca_8um6":"2",":@computed_region_8hcu_yrd4":"31"}},
{"type":"Feature","geometry":{"type":"Point","coordinates":[-87.712885737419,41.691319192211]},"properties":{"id":"0eeb6baf-c653-4a1a-af17-99f686116b89","station_name":"Lawndale Ave & 111th St","short_name":"CHI00802","total_docks":"15","docks_in_service":"15","status":"In Service","latitude":"41.6913191922","longitude":"-87.7128857374",":id":"row-exh7-xv59-h5xt",":version":"rv-hfh3_cu2m~n9jt",":created_at":"2026-02-20T12:00:22.406Z",":updated_at":"2026-02-20T12:00:24.465Z",":@computed_region_awaf_s7ux":"33",":@computed_region_6mkv_f3dw":"4447",":@computed_region_vrxf_vc4k":"73",":@computed_region_bdys_3d7i":"264",":@computed_region_43wa_7qmu":"42",":@computed_region_rpca_8um6":"33",":@computed_region_8hcu_yrd4":"19"}},
{"type":"Feature","geometry":{"type":"Point","coordinates":[-87.70167,41.886528]},"properties":{"id":"1594046379513303716","station_name":"Sacramento Blvd & Fulton Ave","short_name":null,"total_docks":"12","docks_in_service":"12","status":"In Service","latitude":"41.886528","longitude":"-87.70167",":id":"row-jbrb~236k~epf8",":version":"rv-sk8x.m8eb.gexi",":created_at":"2025-05-06T11:00:17.464Z",":updated_at":"2025-05-06T11:00:28.269Z",":@computed_region_awaf_s7ux":"41",":@computed_region_6mkv_f3dw":"21184",":@computed_region_vrxf_vc4k":"28",":@computed_region_bdys_3d7i":"50",":@computed_region_43wa_7qmu":"46",":@computed_region_rpca_8um6":"28",":@computed_region_8hcu_yrd4":"27"}},
{"type":"Feature","geometry":{"type":"Point","coordinates":[-87.7702037,41.9097167]},"properties":{"id":"1575949528657471478","station_name":"Menard Ave & North Ave","short_name":null,"total_docks":"12","docks_in_service":"12","status":"In Service","latitude":"41.9097167","longitude":"-87.7702037",":id":"row-uu6k.de3g_eiky",":version":"rv-nhvi.b2wd_hjaq",":created_at":"2025-05-06T11:00:17.464Z",":updated_at":"2025-05-06T11:00:28.269Z",":@computed_region_awaf_s7ux":"52",":@computed_region_6mkv_f3dw":"22615",":@computed_region_vrxf_vc4k":"26",":@computed_region_bdys_3d7i":"597",":@computed_region_43wa_7qmu":"7",":@computed_region_rpca_8um6":"2",":@computed_region_8hcu_yrd4":"29"}},
{"type":"Feature","geometry":{"type":"Point","coordinates":[-87.6293,41.88299]},"properties":{"id":"2155141472647710942","station_name":"Dearborn St & Washington St","short_name":"CHI02176","total_docks":"18","docks_in_service":"18","status":"In Service","latitude":"41.88299","longitude":"-87.6293",":id":"row-ssyh-z9f2_w7ab",":version":"rv-tu4t~9gcf~kvub",":created_at":"2026-02-24T20:58:31.862Z",":updated_at":"2026-02-24T20:58:45.278Z",":@computed_region_awaf_s7ux":"22",":@computed_region_6mkv_f3dw":"14310",":@computed_region_vrxf_vc4k":"38",":@computed_region_bdys_3d7i":"92",":@computed_region_43wa_7qmu":"36",":@computed_region_rpca_8um6":"41",":@computed_region_8hcu_yrd4":"34"}},
{"type":"Feature","geometry":{"type":"Point","coordinates":[-87.6596548,41.968235]},"properties":{"id":"2129546812406551546","station_name":"Racine Ave & Broadway","short_name":"CHI02127","total_docks":"15","docks_in_service":"14","status":"In Service","latitude":"41.968235","longitude":"-87.6596548",":id":"row-8ira.uqtg.pk29",":version":"rv-cygr~ykey-j3xf",":created_at":"2026-02-28T12:00:19.612Z",":updated_at":"2026-02-28T12:00:33.025Z",":@computed_region_awaf_s7ux":"40",":@computed_region_6mkv_f3dw":"22616",":@computed_region_vrxf_vc4k":"31",":@computed_region_bdys_3d7i":"241",":@computed_region_43wa_7qmu":"39",":@computed_region_rpca_8um6":"15",":@computed_region_8hcu_yrd4":"46"}},
{"type":"Feature","geometry":{"type":"Point","coordinates":[-87.7492834,41.9390108]},"properties":{"id":"1563698701206292480","station_name":"Lamon Ave & Belmont Ave","short_name":null,"total_docks":"12","docks_in_service":"12","status":"In Service","latitude":"41.9390108","longitude":"-87.7492834",":id":"row-xhjb_ckhv-9tbh",":version":"rv-jvrr~uwgm~acjr",":created_at":"2025-05-06T11:00:17.464Z",":updated_at":"2025-05-06T11:00:28.269Z",":@computed_region_awaf_s7ux":"27",":@computed_region_6mkv_f3dw":"22618",":@computed_region_vrxf_vc4k":"15",":@computed_region_bdys_3d7i":"115",":@computed_region_43wa_7qmu":"17",":@computed_region_rpca_8um6":"21",":@computed_region_8hcu_yrd4":"31"}},
{"type":"Feature","geometry":{"type":"Point","coordinates":[-87.63075,41.72175]},"properties":{"id":"1984107787514337392","station_name":"Princeton Ave & 95th St","short_name":"CHI01968","total_docks":"16","docks_in_service":"16","status":"In Service","latitude":"41.72175","longitude":"-87.63075",":id":"row-3p3m-v8qe-yjaa",":version":"rv-ym3g.2258~mm3w",":created_at":"2026-02-02T12:00:27.117Z",":updated_at":"2026-02-02T12:00:32.698Z",":@computed_region_awaf_s7ux":"18",":@computed_region_6mkv_f3dw":"21861",":@computed_region_vrxf_vc4k":"45",":@computed_region_bdys_3d7i":"187",":@computed_region_43wa_7qmu":"13",":@computed_region_rpca_8um6":"59",":@computed_region_8hcu_yrd4":"11"}},
{"type":"Feature","geometry":{"type":"Point","coordinates":[-87.6305845355,41.8759326655]},"properties":{"id":"a3a46361-a135-11e9-9cda-0a87ae2ba916","station_name":"Clark St & Ida B Wells Dr","short_name":"CHI00216","total_docks":"35","docks_in_service":"35","status":"In Service","latitude":"41.8759326655","longitude":"-87.6305845355",":id":"row-br9n.4h43~eztf",":version":"rv-3j8r.kurt_icpp",":created_at":"2026-02-24T20:58:31.862Z",":updated_at":"2026-02-24T20:58:45.278Z",":@computed_region_awaf_s7ux":"48",":@computed_region_6mkv_f3dw":"14913",":@computed_region_vrxf_vc4k":"38",":@computed_region_bdys_3d7i":"92",":@computed_region_43wa_7qmu":"10",":@computed_region_rpca_8um6":"35",":@computed_region_8hcu_yrd4":"34"}},
{"type":"Feature","geometry":{"type":"Point","coordinates":[-87.67559,41.834108]},"properties":{"id":"1594046362333434512","station_name":"Damen Ave & 33rd St","short_name":null,"total_docks":"8","docks_in_service":"8","status":"In Service","latitude":"41.834108","longitude":"-87.67559",":id":"row-gsdm_qtjv-jbne",":version":"rv-nk4t_ekjv.k6bw",":created_at":"2025-05-06T11:00:17.464Z",":updated_at":"2025-05-06T11:00:28.269Z",":@computed_region_awaf_s7ux":"26",":@computed_region_6mkv_f3dw":"14920",":@computed_region_vrxf_vc4k":"56",":@computed_region_bdys_3d7i":"2",":@computed_region_43wa_7qmu":"1",":@computed_region_rpca_8um6":"43",":@computed_region_8hcu_yrd4":"12"}},
{"type":"Feature","geometry":{"type":"Point","coordinates":[-87.700901,41.9610471]},"properties":{"id":"1594046448262943690","station_name":"Francisco Ave & Montrose Ave","short_name":null,"total_docks":"12","docks_in_service":"12","status":"In Service","latitude":"41.9610471","longitude":"-87.700901",":id":"row-qrc5-5xbj-v2qc",":version":"rv-nzmd.9gfp~u5rr",":created_at":"2025-05-06T11:00:17.464Z",":updated_at":"2025-05-06T11:00:28.269Z",":@computed_region_awaf_s7ux":"2",":@computed_region_6mkv_f3dw":"21538",":@computed_region_vrxf_vc4k":"16",":@computed_region_bdys_3d7i":"214",":@computed_region_43wa_7qmu":"20",":@computed_region_rpca_8um6":"39",":@computed_region_8hcu_yrd4":"33"}},
{"type":"Feature","geometry":{"type":"Point","coordinates":[-87.7621632,41.953038]},"properties":{"id":"1571105055115583496","station_name":"Long & Irving Park","short_name":null,"total_docks":"12","docks_in_service":"12","status":"In Service","latitude":"41.953038","longitude":"-87.7621632",":id":"row-dzn4~mbwq_qkd9",":version":"rv-jjpf_bf6a-5jz7",":created_at":"2025-05-06T11:00:17.464Z",":updated_at":"2025-05-06T11:00:28.269Z",":@computed_region_awaf_s7ux":"25",":@computed_region_6mkv_f3dw":"22618",":@computed_region_vrxf_vc4k":"15",":@computed_region_bdys_3d7i":"231",":@computed_region_43wa_7qmu":"19",":@computed_region_rpca_8um6":"21",":@computed_region_8hcu_yrd4":"30"}},
{"type":"Feature","geometry":{"type":"Point","coordinates":[-87.694129,41.840222]},"properties":{"id":"1594046448232780548","station_name":"California Ave & 29th St","short_name":null,"total_docks":"12","docks_in_service":"12","status":"In Service","latitude":"41.840222","longitude":"-87.694129",":id":"row-by9g_ujut.dh36",":version":"rv-fd7h-u9qs~8puj",":created_at":"2025-05-06T11:00:17.464Z",":updated_at":"2025-05-06T11:00:28.269Z",":@computed_region_awaf_s7ux":"29",":@computed_region_6mkv_f3dw":"14920",":@computed_region_vrxf_vc4k":"32",":@computed_region_bdys_3d7i":"124",":@computed_region_43wa_7qmu":"1",":@computed_region_rpca_8um6":"43",":@computed_region_8hcu_yrd4":"25"}},
{"type":"Feature","geometry":{"type":"Point","coordinates":[-87.701329,41.866554]},"properties":{"id":"1594046405283107532","station_name":"Whipple St & Roosevelt Rd","short_name":null,"total_docks":"12","docks_in_service":"12","status":"In Service","latitude":"41.866554","longitude":"-87.701329",":id":"row-i2me_saef_vwrx",":version":"rv-287t-sam2~quaz",":created_at":"2025-05-06T11:00:17.464Z",":updated_at":"2025-05-06T11:00:28.269Z",":@computed_region_awaf_s7ux":"11",":@computed_region_6mkv_f3dw":"21184",":@computed_region_vrxf_vc4k":"30",":@computed_region_bdys_3d7i":"35",":@computed_region_43wa_7qmu":"23",":@computed_region_rpca_8um6":"28",":@computed_region_8hcu_yrd4":"28"}},
{"type":"Feature","geometry":{"type":"Point","coordinates":[-87.64934,41.70121]},"properties":{"id":"2186823828932249544","station_name":"Aberdeen St & 106th St","short_name":"CHI02209","total_docks":"8","docks_in_service":"8","status":"In Service","latitude":"41.70121","longitude":"-87.64934",":id":"row-makr~wm7i~9z44",":version":"rv-up9f~qkrd-3d5j",":created_at":"2026-02-20T12:00:22.406Z",":updated_at":"2026-02-20T12:00:24.465Z",":@computed_region_awaf_s7ux":"45",":@computed_region_6mkv_f3dw":"22212",":@computed_region_vrxf_vc4k":"72",":@computed_region_bdys_3d7i":"595",":@computed_region_43wa_7qmu":"22",":@computed_region_rpca_8um6":"13",":@computed_region_8hcu_yrd4":"21"}},
{"type":"Feature","geometry":{"type":"Point","coordinates":[-87.645368,41.84358]},"properties":{"id":"a3a7c852-a135-11e9-9cda-0a87ae2ba916","station_name":"Emerald Ave & 28th St","short_name":"CHI00373","total_docks":"15","docks_in_service":"15","status":"In Service","latitude":"41.84358","longitude":"-87.645368",":id":"row-jcfi-cygz_htiw",":version":"rv-bn84.gz7q_36wj",":created_at":"2025-06-14T11:00:19.984Z",":updated_at":"2025-06-14T11:00:25.292Z",":@computed_region_awaf_s7ux":"26",":@computed_region_6mkv_f3dw":"21194",":@computed_region_vrxf_vc4k":"58",":@computed_region_bdys_3d7i":"688",":@computed_region_43wa_7qmu":"48",":@computed_region_rpca_8um6":"40",":@computed_region_8hcu_yrd4":"7"}},
{"type":"Feature","geometry":{"type":"Point","coordinates":[-87.6446208145,41.77938114228]},"properties":{"id":"a3acd5b1-a135-11e9-9cda-0a87ae2ba916","station_name":"Halsted St & 63rd St","short_name":"CHI00249","total_docks":"11","docks_in_service":"11","status":"In Service","latitude":"41.7793811423","longitude":"-87.6446208145",":id":"row-5z6t.ncnp_t3i7",":version":"rv-pek2_wehd~p6pn",":created_at":"2026-01-06T12:02:37.765Z",":updated_at":"2026-01-06T12:02:40.296Z",":@computed_region_awaf_s7ux":"53",":@computed_region_6mkv_f3dw":"21559",":@computed_region_vrxf_vc4k":"66",":@computed_region_bdys_3d7i":"435",":@computed_region_43wa_7qmu":"4",":@computed_region_rpca_8um6":"11",":@computed_region_8hcu_yrd4":"20"}},
{"type":"Feature","geometry":{"type":"Point","coordinates":[-87.667252,41.907066]},"properties":{"id":"a3aad940-a135-11e9-9cda-0a87ae2ba916","station_name":"Ashland Ave & Blackhawk St","short_name":"CHI00333","total_docks":"15","docks_in_service":"15","status":"In Service","latitude":"41.907066","longitude":"-87.667252",":id":"row-eqa5~kxuf~444q",":version":"rv-sdz4~7k9w_ktwu",":created_at":"2026-02-02T12:00:27.117Z",":updated_at":"2026-02-02T12:00:32.698Z",":@computed_region_awaf_s7ux":"24",":@computed_region_6mkv_f3dw":"21560",":@computed_region_vrxf_vc4k":"25",":@computed_region_bdys_3d7i":"483",":@computed_region_43wa_7qmu":"11",":@computed_region_rpca_8um6":"49",":@computed_region_8hcu_yrd4":"1"}},
{"type":"Feature","geometry":{"type":"Point","coordinates":[-87.7078929,41.8590732]},"properties":{"id":"1932441496569160306","station_name":"Spaulding Ave & 16th St","short_name":"CHI01870","total_docks":"7","docks_in_service":"7","status":"In Service","latitude":"41.8590732","longitude":"-87.7078929",":id":"row-a5ga.5tpq.w8nz",":version":"rv-ptcx.wnev~b67b",":created_at":"2026-01-06T12:02:37.765Z",":updated_at":"2026-01-06T12:02:40.296Z",":@computed_region_awaf_s7ux":"36",":@computed_region_6mkv_f3dw":"21569",":@computed_region_vrxf_vc4k":"30",":@computed_region_bdys_3d7i":"34",":@computed_region_43wa_7qmu":"14",":@computed_region_rpca_8um6":"57",":@computed_region_8hcu_yrd4":"24"}},
{"type":"Feature","geometry":{"type":"Point","coordinates":[-87.67758,41.90605]},"properties":{"id":"2140647511081896348","station_name":"Damen Ave & Evergreen Ave","short_name":"CHI02154","total_docks":"15","docks_in_service":"15","status":"In Service","latitude":"41.90605","longitude":"-87.67758",":id":"row-d7jp-3xkr_ciht",":version":"rv-g8jy_m2pv~5fx3",":created_at":"2026-02-16T12:00:25.970Z",":updated_at":"2026-02-16T12:00:28.973Z",":@computed_region_awaf_s7ux":"24",":@computed_region_6mkv_f3dw":"21560",":@computed_region_vrxf_vc4k":"25",":@computed_region_bdys_3d7i":"481",":@computed_region_43wa_7qmu":"41",":@computed_region_rpca_8um6":"4",":@computed_region_8hcu_yrd4":"1"}},
{"type":"Feature","geometry":{"type":"Point","coordinates":[-87.629155,41.876268]},"properties":{"id":"a3b372b1-a135-11e9-9cda-0a87ae2ba916","station_name":"Dearborn St & Van Buren St","short_name":"CHI01076","total_docks":"15","docks_in_service":"15","status":"In Service","latitude":"41.876268","longitude":"-87.629155",":id":"row-s74x~3iqz-i2hc",":version":"rv-dme9-xk2z.jjbp",":created_at":"2026-02-28T12:00:19.612Z",":updated_at":"2026-02-28T12:00:33.025Z",":@computed_region_awaf_s7ux":"48",":@computed_region_6mkv_f3dw":"14913",":@computed_region_vrxf_vc4k":"38",":@computed_region_bdys_3d7i":"92",":@computed_region_43wa_7qmu":"10",":@computed_region_rpca_8um6":"35",":@computed_region_8hcu_yrd4":"34"}},
{"type":"Feature","geometry":{"type":"Point","coordinates":[-87.667728066444,41.895954357343]},"properties":{"id":"a3ac2b9c-a135-11e9-9cda-0a87ae2ba916","station_name":"Ashland Ave & Chicago Ave","short_name":"CHI00338","total_docks":"15","docks_in_service":"15","status":"In Service","latitude":"41.8959543573","longitude":"-87.6677280664",":id":"row-qcwk_ads4_vgvs",":version":"rv-2b7w~amc4.3p4t",":created_at":"2026-01-14T12:00:28.010Z",":updated_at":"2026-01-14T12:00:29.669Z",":@computed_region_awaf_s7ux":"24",":@computed_region_6mkv_f3dw":"21560",":@computed_region_vrxf_vc4k":"25",":@computed_region_bdys_3d7i":"520",":@computed_region_43wa_7qmu":"41",":@computed_region_rpca_8um6":"4",":@computed_region_8hcu_yrd4":"1"}},
{"type":"Feature","geometry":{"type":"Point","coordinates":[-87.55243,41.7318]},"properties":{"id":"1978855107320060734","station_name":"Commercial Ave & 90th St","short_name":"CHI01961","total_docks":"16","docks_in_service":"16","status":"In Service","latitude":"41.7318","longitude":"-87.55243",":id":"row-gb5y-8cm5.fggu",":version":"rv-t5ir_bz8v-jvsj",":created_at":"2026-02-02T12:00:27.117Z",":updated_at":"2026-02-02T12:00:32.698Z",":@computed_region_awaf_s7ux":"47",":@computed_region_6mkv_f3dw":"21202",":@computed_region_vrxf_vc4k":"42",":@computed_region_bdys_3d7i":"175",":@computed_region_43wa_7qmu":"47",":@computed_region_rpca_8um6":"25",":@computed_region_8hcu_yrd4":"6"}},
{"type":"Feature","geometry":{"type":"Point","coordinates":[-87.6865960164,41.89841768945]},"properties":{"id":"a3ac9d43-a135-11e9-9cda-0a87ae2ba916","station_name":"Western Ave & Walton St","short_name":"CHI00576","total_docks":"23","docks_in_service":"23","status":"In Service","latitude":"41.8984176894","longitude":"-87.6865960164",":id":"row-ih7c-keqb~ysag",":version":"rv-ppad-sjx8.b8va",":created_at":"2026-02-16T12:00:25.970Z",":updated_at":"2026-02-16T12:00:28.973Z",":@computed_region_awaf_s7ux":"16",":@computed_region_6mkv_f3dw":"21560",":@computed_region_vrxf_vc4k":"25",":@computed_region_bdys_3d7i":"541",":@computed_region_43wa_7qmu":"41",":@computed_region_rpca_8um6":"4",":@computed_region_8hcu_yrd4":"36"}},
{"type":"Feature","geometry":{"type":"Point","coordinates":[-87.7548602,41.9058405]},"properties":{"id":"1928767416660546464","station_name":"Leamington Ave & Hirsch St","short_name":"CHI00803","total_docks":"15","docks_in_service":"15","status":"In Service","latitude":"41.9058405","longitude":"-87.7548602",":id":"row-6dkn.kcza~4c58",":version":"rv-yftj_4r4p_knnk",":created_at":"2026-02-02T12:00:27.117Z",":updated_at":"2026-02-02T12:00:32.698Z",":@computed_region_awaf_s7ux":"4",":@computed_region_6mkv_f3dw":"4299",":@computed_region_vrxf_vc4k":"26",":@computed_region_bdys_3d7i":"600",":@computed_region_43wa_7qmu":"45",":@computed_region_rpca_8um6":"5",":@computed_region_8hcu_yrd4":"37"}},
{"type":"Feature","geometry":{"type":"Point","coordinates":[-87.64358,41.72489]},"properties":{"id":"2014856357079685426","station_name":"Halsted St & 93rd St","short_name":"CHI01929","total_docks":"16","docks_in_service":"16","status":"In Service","latitude":"41.72489","longitude":"-87.64358",":id":"row-arm8_843v.bjkx",":version":"rv-5zi7_5269_3pee",":created_at":"2026-02-02T12:00:27.117Z",":updated_at":"2026-02-02T12:00:32.698Z",":@computed_region_awaf_s7ux":"18",":@computed_region_6mkv_f3dw":"21554",":@computed_region_vrxf_vc4k":"72",":@computed_region_bdys_3d7i":"151",":@computed_region_43wa_7qmu":"13",":@computed_region_rpca_8um6":"59",":@computed_region_8hcu_yrd4":"21"}},
{"type":"Feature","geometry":{"type":"Point","coordinates":[-87.6743671152,42.01256011541]},"properties":{"id":"a3ac3b03-a135-11e9-9cda-0a87ae2ba916","station_name":"Clark St & Touhy Ave","short_name":"CHI00751","total_docks":"15","docks_in_service":"15","status":"In Service","latitude":"42.0125601154","longitude":"-87.6743671152",":id":"row-rax6_kyuh_t2un",":version":"rv-5pvc.hdkd-4y4d",":created_at":"2026-02-08T12:02:36.056Z",":updated_at":"2026-02-08T12:02:45.370Z",":@computed_region_awaf_s7ux":"3",":@computed_region_6mkv_f3dw":"21853",":@computed_region_vrxf_vc4k":"10",":@computed_region_bdys_3d7i":"49",":@computed_region_43wa_7qmu":"5",":@computed_region_rpca_8um6":"9",":@computed_region_8hcu_yrd4":"49"}},
{"type":"Feature","geometry":{"type":"Point","coordinates":[-87.596471,41.795264]},"properties":{"id":"a3a89488-a135-11e9-9cda-0a87ae2ba916","station_name":"Woodlawn Ave & 55th St","short_name":"CHI00423","total_docks":"19","docks_in_service":"19","status":"In Service","latitude":"41.795264","longitude":"-87.596471",":id":"row-2eg5-i5jw~cjhn",":version":"rv-nhnn_n4fz~yvad",":created_at":"2026-01-18T12:00:19.752Z",":updated_at":"2026-01-18T12:02:11.120Z",":@computed_region_awaf_s7ux":"1",":@computed_region_6mkv_f3dw":"21192",":@computed_region_vrxf_vc4k":"8",":@computed_region_bdys_3d7i":"499",":@computed_region_43wa_7qmu":"33",":@computed_region_rpca_8um6":"10",":@computed_region_8hcu_yrd4":"3"}},
{"type":"Feature","geometry":{"type":"Point","coordinates":[-87.629634,41.884241]},"properties":{"id":"a3a4ea00-a135-11e9-9cda-0a87ae2ba916","station_name":"Daley Center Plaza","short_name":"CHI00253","total_docks":"60","docks_in_service":"59","status":"In Service","latitude":"41.884241","longitude":"-87.629634",":id":"row-p3rv-inwy.mizu",":version":"rv-4385-m7zk.h26a",":created_at":"2026-02-28T12:00:19.612Z",":updated_at":"2026-02-28T12:00:33.025Z",":@computed_region_awaf_s7ux":"22",":@computed_region_6mkv_f3dw":"14310",":@computed_region_vrxf_vc4k":"38",":@computed_region_bdys_3d7i":"92",":@computed_region_43wa_7qmu":"36",":@computed_region_rpca_8um6":"41",":@computed_region_8hcu_yrd4":"42"}},
{"type":"Feature","geometry":{"type":"Point","coordinates":[-87.6355,41.885837]},"properties":{"id":"a3a6f7a5-a135-11e9-9cda-0a87ae2ba916","station_name":"Franklin St & Lake St","short_name":"CHI00376","total_docks":"35","docks_in_service":"35","status":"In Service","latitude":"41.885837","longitude":"-87.6355",":id":"row-nigz.ccdc_8q7r",":version":"rv-qw66-r85f.kgwg",":created_at":"2026-02-05T12:00:19.477Z",":updated_at":"2026-02-05T12:00:28.710Z",":@computed_region_awaf_s7ux":"22",":@computed_region_6mkv_f3dw":"14914",":@computed_region_vrxf_vc4k":"38",":@computed_region_bdys_3d7i":"92",":@computed_region_43wa_7qmu":"36",":@computed_region_rpca_8um6":"46",":@computed_region_8hcu_yrd4":"42"}},
{"type":"Feature","geometry":{"type":"Point","coordinates":[-87.6014497734,41.79430062054]},"properties":{"id":"a3ad711d-a135-11e9-9cda-0a87ae2ba916","station_name":"Ellis Ave & 55th St","short_name":"CHI00583","total_docks":"19","docks_in_service":"19","status":"In Service","latitude":"41.7943006205","longitude":"-87.6014497734",":id":"row-5qbh.ywd3.vrjs",":version":"rv-uaw6.rhtk_47p5",":created_at":"2025-12-06T12:04:38.347Z",":updated_at":"2025-12-06T12:04:39.251Z",":@computed_region_awaf_s7ux":"32",":@computed_region_6mkv_f3dw":"22260",":@computed_region_vrxf_vc4k":"8",":@computed_region_bdys_3d7i":"154",":@computed_region_43wa_7qmu":"33",":@computed_region_rpca_8um6":"60",":@computed_region_8hcu_yrd4":"3"}},
{"type":"Feature","geometry":{"type":"Point","coordinates":[-87.689438282,41.99416136902]},"properties":{"id":"a3ae8d13-a135-11e9-9cda-0a87ae2ba916","station_name":"Western Ave & Granville Ave","short_name":"CHI00590","total_docks":"11","docks_in_service":"11","status":"In Service","latitude":"41.994161369","longitude":"-87.689438282",":id":"row-c5w7~cgqu_xt7j",":version":"rv-722p-pyjy.9zrx",":created_at":"2025-06-14T11:00:19.984Z",":updated_at":"2025-06-14T11:00:25.292Z",":@computed_region_awaf_s7ux":"42",":@computed_region_6mkv_f3dw":"4450",":@computed_region_vrxf_vc4k":"20",":@computed_region_bdys_3d7i":"53",":@computed_region_43wa_7qmu":"27",":@computed_region_rpca_8um6":"50",":@computed_region_8hcu_yrd4":"50"}},
{"type":"Feature","geometry":{"type":"Point","coordinates":[-87.70302,41.85932]},"properties":{"id":"2170354014030504722","station_name":"Albany Ave & 16th St","short_name":"CHI02186","total_docks":"8","docks_in_service":"8","status":"In Service","latitude":"41.85932","longitude":"-87.70302",":id":"row-j94c-ywsd_pqgi",":version":"rv-ijfy.83mw~x54f",":created_at":"2026-01-06T12:02:37.765Z",":updated_at":"2026-01-06T12:02:40.296Z",":@computed_region_awaf_s7ux":"36",":@computed_region_6mkv_f3dw":"21569",":@computed_region_vrxf_vc4k":"30",":@computed_region_bdys_3d7i":"132",":@computed_region_43wa_7qmu":"14",":@computed_region_rpca_8um6":"57",":@computed_region_8hcu_yrd4":"24"}},
{"type":"Feature","geometry":{"type":"Point","coordinates":[-87.76695,41.942275]},"properties":{"id":"1884621142190397936","station_name":"Central Ave & Roscoe St","short_name":"CHI01911","total_docks":"15","docks_in_service":"15","status":"In Service","latitude":"41.942275","longitude":"-87.76695",":id":"row-sjh8-g9rt~tg2n",":version":"rv-xwq3~c4ae~xtt8",":created_at":"2026-01-31T12:00:25.966Z",":updated_at":"2026-01-31T12:03:14.902Z",":@computed_region_awaf_s7ux":"25",":@computed_region_6mkv_f3dw":"22254",":@computed_region_vrxf_vc4k":"15",":@computed_region_bdys_3d7i":"342",":@computed_region_43wa_7qmu":"44",":@computed_region_rpca_8um6":"52",":@computed_region_8hcu_yrd4":"30"}},
{"type":"Feature","geometry":{"type":"Point","coordinates":[-87.75141,41.93128]},"properties":{"id":"1970390432459950744","station_name":"Lavergne Ave & Diversey Ave","short_name":"CHI01943","total_docks":"15","docks_in_service":"15","status":"In Service","latitude":"41.93128","longitude":"-87.75141",":id":"row-4b89~3md6-fkmm",":version":"rv-dzvr~xhq9_qpba",":created_at":"2025-06-14T11:00:19.984Z",":updated_at":"2025-06-14T11:00:25.292Z",":@computed_region_awaf_s7ux":"7",":@computed_region_6mkv_f3dw":"22615",":@computed_region_vrxf_vc4k":"19",":@computed_region_bdys_3d7i":"304",":@computed_region_43wa_7qmu":"17",":@computed_region_rpca_8um6":"2",":@computed_region_8hcu_yrd4":"31"}},
{"type":"Feature","geometry":{"type":"Point","coordinates":[-87.61448353529,41.784071072761]},"properties":{"id":"a3adaa52-a135-11e9-9cda-0a87ae2ba916","station_name":"Eberhart Ave & 61st St","short_name":"CHI00220","total_docks":"11","docks_in_service":"11","status":"In Service","latitude":"41.7840710728","longitude":"-87.6144835353",":id":"row-idke~jmnu_sw5q",":version":"rv-8yzw_y2ei_wecc",":created_at":"2025-10-14T11:00:23.730Z",":updated_at":"2025-10-14T11:00:25.389Z",":@computed_region_awaf_s7ux":"53",":@computed_region_6mkv_f3dw":"22260",":@computed_region_vrxf_vc4k":"9",":@computed_region_bdys_3d7i":"331",":@computed_region_43wa_7qmu":"4",":@computed_region_rpca_8um6":"60",":@computed_region_8hcu_yrd4":"20"}},
{"type":"Feature","geometry":{"type":"Point","coordinates":[-87.6564226,41.8583996]},"properties":{"id":"a3a3ace6-a135-11e9-9cda-0a87ae2ba916","station_name":"Racine Ave & 18th St","short_name":"CHI00277","total_docks":"15","docks_in_service":"15","status":"In Service","latitude":"41.8583996","longitude":"-87.6564226",":id":"row-se8h~qemf.myuj",":version":"rv-mi6d-7t68_rz2x",":created_at":"2026-01-06T12:02:37.765Z",":updated_at":"2026-01-06T12:02:40.296Z",":@computed_region_awaf_s7ux":"8",":@computed_region_6mkv_f3dw":"14920",":@computed_region_vrxf_vc4k":"33",":@computed_region_bdys_3d7i":"365",":@computed_region_43wa_7qmu":"26",":@computed_region_rpca_8um6":"43",":@computed_region_8hcu_yrd4":"25"}},
{"type":"Feature","geometry":{"type":"Point","coordinates":[-87.76539,41.99751]},"properties":{"id":"2057559901799078642","station_name":"Edgebrook Metra","short_name":"CHI02027","total_docks":"16","docks_in_service":"16","status":"In Service","latitude":"41.99751","longitude":"-87.76539",":id":"row-fbr3~4qa8.s74p",":version":"rv-fbna~ggm5_sttn",":created_at":"2025-06-14T11:00:19.984Z",":updated_at":"2025-06-14T11:00:25.292Z",":@computed_region_awaf_s7ux":"34",":@computed_region_6mkv_f3dw":"22532",":@computed_region_vrxf_vc4k":"12",":@computed_region_bdys_3d7i":"782",":@computed_region_43wa_7qmu":"29",":@computed_region_rpca_8um6":"18",":@computed_region_8hcu_yrd4":"45"}},
{"type":"Feature","geometry":{"type":"Point","coordinates":[-87.688257,41.8895]},"properties":{"id":"a3aca790-a135-11e9-9cda-0a87ae2ba916","station_name":"Artesian Ave & Hubbard St","short_name":"CHI00647","total_docks":"27","docks_in_service":"27","status":"In Service","latitude":"41.8895","longitude":"-87.688257",":id":"row-69xv.s5yj.qtvc",":version":"rv-j6tu-u8m3~2rmx",":created_at":"2026-01-10T12:00:18.214Z",":updated_at":"2026-01-10T12:00:27.642Z",":@computed_region_awaf_s7ux":"41",":@computed_region_6mkv_f3dw":"21184",":@computed_region_vrxf_vc4k":"25",":@computed_region_bdys_3d7i":"545",":@computed_region_43wa_7qmu":"46",":@computed_region_rpca_8um6":"28",":@computed_region_8hcu_yrd4":"27"}},
{"type":"Feature","geometry":{"type":"Point","coordinates":[-87.65774,41.72148]},"properties":{"id":"2013067286975627866","station_name":"Loomis St & 95th St","short_name":"CHI01970","total_docks":"16","docks_in_service":"16","status":"In Service","latitude":"41.72148","longitude":"-87.65774",":id":"row-a3ks-a4i8-uhb2",":version":"rv-mptn_4xhw~mvsz",":created_at":"2025-06-14T11:00:19.984Z",":updated_at":"2025-06-14T11:00:25.292Z",":@computed_region_awaf_s7ux":"18",":@computed_region_6mkv_f3dw":"22212",":@computed_region_vrxf_vc4k":"72",":@computed_region_bdys_3d7i":"195",":@computed_region_43wa_7qmu":"13",":@computed_region_rpca_8um6":"59",":@computed_region_8hcu_yrd4":"21"}},
{"type":"Feature","geometry":{"type":"Point","coordinates":[-87.67778,41.91301]},"properties":{"id":"2132145448121002368","station_name":"Damen Ave & St Paul Ave","short_name":"CHI02135","total_docks":"15","docks_in_service":"15","status":"In Service","latitude":"41.91301","longitude":"-87.67778",":id":"row-9pqm_mymh_rrfe",":version":"rv-jixx_83it-vtav",":created_at":"2026-01-31T12:00:25.966Z",":updated_at":"2026-01-31T12:03:14.902Z",":@computed_region_awaf_s7ux":"16",":@computed_region_6mkv_f3dw":"22535",":@computed_region_vrxf_vc4k":"25",":@computed_region_bdys_3d7i":"179",":@computed_region_43wa_7qmu":"40",":@computed_region_rpca_8um6":"1",":@computed_region_8hcu_yrd4":"32"}},
{"type":"Feature","geometry":{"type":"Point","coordinates":[-87.652943730354,41.940231918109]},"properties":{"id":"a3a593fc-a135-11e9-9cda-0a87ae2ba916","station_name":"Wilton Ave & Belmont Ave","short_name":"CHI00353","total_docks":"27","docks_in_service":"27","status":"In Service","latitude":"41.9402319181","longitude":"-87.6529437304",":id":"row-9sen.z27p.arzf",":version":"rv-3ui3_wtjp~2cz3",":created_at":"2025-11-18T12:02:29.451Z",":updated_at":"2025-11-18T12:03:04.071Z",":@computed_region_awaf_s7ux":"38",":@computed_region_6mkv_f3dw":"4449",":@computed_region_vrxf_vc4k":"57",":@computed_region_bdys_3d7i":"731",":@computed_region_43wa_7qmu":"25",":@computed_region_rpca_8um6":"22",":@computed_region_8hcu_yrd4":"44"}},
{"type":"Feature","geometry":{"type":"Point","coordinates":[-87.715921998024,41.844531124622]},"properties":{"id":"a3ade7de-a135-11e9-9cda-0a87ae2ba916","station_name":"Millard Ave & 26th St","short_name":"CHI00589","total_docks":"7","docks_in_service":"7","status":"In Service","latitude":"41.8445311246","longitude":"-87.715921998",":id":"row-zeyp.kfq5-8yxn",":version":"rv-uw9b_vz79~hvas",":created_at":"2025-12-22T12:00:15.754Z",":updated_at":"2025-12-22T12:00:22.236Z",":@computed_region_awaf_s7ux":"14",":@computed_region_6mkv_f3dw":"21569",":@computed_region_vrxf_vc4k":"32",":@computed_region_bdys_3d7i":"754",":@computed_region_43wa_7qmu":"28",":@computed_region_rpca_8um6":"57",":@computed_region_8hcu_yrd4":"22"}},
{"type":"Feature","geometry":{"type":"Point","coordinates":[-87.675005,42.015963]},"properties":{"id":"a3b0d6ec-a135-11e9-9cda-0a87ae2ba916","station_name":"Clark St & Jarvis Ave","short_name":"CHI01212","total_docks":"11","docks_in_service":"11","status":"In Service","latitude":"42.015963","longitude":"-87.675005",":id":"row-5bcf~bbxy.d98e",":version":"rv-umu4~pqkv_2em9",":created_at":"2025-06-14T11:00:19.984Z",":updated_at":"2025-06-14T11:00:25.292Z",":@computed_region_awaf_s7ux":"3",":@computed_region_6mkv_f3dw":"21853",":@computed_region_vrxf_vc4k":"10",":@computed_region_bdys_3d7i":"489",":@computed_region_43wa_7qmu":"5",":@computed_region_rpca_8um6":"9",":@computed_region_8hcu_yrd4":"49"}},
{"type":"Feature","geometry":{"type":"Point","coordinates":[-87.669930160046,41.909854652167]},"properties":{"id":"a3a3b202-a135-11e9-9cda-0a87ae2ba916","station_name":"Paulina Ave & North Ave","short_name":"CHI00258","total_docks":"15","docks_in_service":"15","status":"In Service","latitude":"41.9098546522","longitude":"-87.66993016",":id":"row-zfp8.jpbm.nafu",":version":"rv-wwqj_sneg_2k5u",":created_at":"2026-02-05T12:00:19.477Z",":updated_at":"2026-02-05T12:00:28.710Z",":@computed_region_awaf_s7ux":"24",":@computed_region_6mkv_f3dw":"21560",":@computed_region_vrxf_vc4k":"25",":@computed_region_bdys_3d7i":"482",":@computed_region_43wa_7qmu":"11",":@computed_region_rpca_8um6":"4",":@computed_region_8hcu_yrd4":"1"}},
{"type":"Feature","geometry":{"type":"Point","coordinates":[-87.6433534936,41.90348607004]},"properties":{"id":"a3ac54af-a135-11e9-9cda-0a87ae2ba916","station_name":"Larrabee St & Division St","short_name":"CHI00575","total_docks":"23","docks_in_service":"23","status":"In Service","latitude":"41.90348607","longitude":"-87.6433534936",":id":"row-kym9_6yak.uyyr",":version":"rv-n28m_7h3r.fkb9",":created_at":"2026-01-10T12:00:18.214Z",":updated_at":"2026-01-10T12:00:27.642Z",":@computed_region_awaf_s7ux":"41",":@computed_region_6mkv_f3dw":"14926",":@computed_region_vrxf_vc4k":"37",":@computed_region_bdys_3d7i":"108",":@computed_region_43wa_7qmu":"46",":@computed_region_rpca_8um6":"54",":@computed_region_8hcu_yrd4":"27"}},
{"type":"Feature","geometry":{"type":"Point","coordinates":[-87.76488,41.96081]},"properties":{"id":"1970337315463389684","station_name":"Linder Ave & Montrose Ave","short_name":"CHI01982","total_docks":"15","docks_in_service":"15","status":"In Service","latitude":"41.96081","longitude":"-87.76488",":id":"row-udgw_2fue_578a",":version":"rv-eixx-8ekn~dj6n",":created_at":"2026-02-05T12:00:19.477Z",":updated_at":"2026-02-05T12:00:28.710Z",":@computed_region_awaf_s7ux":"20",":@computed_region_6mkv_f3dw":"22618",":@computed_region_vrxf_vc4k":"15",":@computed_region_bdys_3d7i":"260",":@computed_region_43wa_7qmu":"19",":@computed_region_rpca_8um6":"48",":@computed_region_8hcu_yrd4":"45"}},
{"type":"Feature","geometry":{"type":"Point","coordinates":[-87.68198,41.71011]},"properties":{"id":"2021144707271657584","station_name":"Western Ave & 101st St","short_name":"CHI01981","total_docks":"16","docks_in_service":"16","status":"In Service","latitude":"41.71011","longitude":"-87.68198",":id":"row-6b2r_qqvv~qitq",":version":"rv-bte8.ps7k-6ut8",":created_at":"2025-06-14T11:00:19.984Z",":updated_at":"2025-06-14T11:00:25.292Z",":@computed_region_awaf_s7ux":"33",":@computed_region_6mkv_f3dw":"22212",":@computed_region_vrxf_vc4k":"71",":@computed_region_bdys_3d7i":"661",":@computed_region_43wa_7qmu":"42",":@computed_region_rpca_8um6":"33",":@computed_region_8hcu_yrd4":"19"}},
{"type":"Feature","geometry":{"type":"Point","coordinates":[-87.548514604568,41.737335600417]},"properties":{"id":"2a80f8d9-85dc-4c36-ba07-86d775ffd1ee","station_name":"Baltimore Ave & 87th St","short_name":"CHI00860","total_docks":"15","docks_in_service":"15","status":"In Service","latitude":"41.7373356004","longitude":"-87.5485146046",":id":"row-6fyt~rcfk~e5ym",":version":"rv-9vq8~y3kb.fgct",":created_at":"2025-06-14T11:00:19.984Z",":updated_at":"2025-06-14T11:00:25.292Z",":@computed_region_awaf_s7ux":"47",":@computed_region_6mkv_f3dw":"21202",":@computed_region_vrxf_vc4k":"42",":@computed_region_bdys_3d7i":"509",":@computed_region_43wa_7qmu":"47",":@computed_region_rpca_8um6":"25",":@computed_region_8hcu_yrd4":"6"}},
{"type":"Feature","geometry":{"type":"Point","coordinates":[-87.639968,41.878125]},"properties":{"id":"a3a4d069-a135-11e9-9cda-0a87ae2ba916","station_name":"Canal St & Jackson Blvd","short_name":"CHI00521","total_docks":"31","docks_in_service":"31","status":"In Service","latitude":"41.878125","longitude":"-87.639968",":id":"row-2hkf.sdc3_64ke",":version":"rv-cnc2~h43k-xfui",":created_at":"2025-12-25T12:00:19.571Z",":updated_at":"2025-12-25T12:00:24.825Z",":@computed_region_awaf_s7ux":"48",":@computed_region_6mkv_f3dw":"14914",":@computed_region_vrxf_vc4k":"29",":@computed_region_bdys_3d7i":"786",":@computed_region_43wa_7qmu":"36",":@computed_region_rpca_8um6":"45",":@computed_region_8hcu_yrd4":"34"}},
{"type":"Feature","geometry":{"type":"Point","coordinates":[-87.62111,41.69815]},"properties":{"id":"1991848709111763594","station_name":"Michigan Ave & 108th St","short_name":"CHI01972","total_docks":"16","docks_in_service":"16","status":"In Service","latitude":"41.69815","longitude":"-87.62111",":id":"row-j9st.mkug-84e5",":version":"rv-mf45_gxap_8jjg",":created_at":"2026-01-31T12:00:25.966Z",":updated_at":"2026-01-31T12:03:14.902Z",":@computed_region_awaf_s7ux":"30",":@computed_region_6mkv_f3dw":"21861",":@computed_region_vrxf_vc4k":"45",":@computed_region_bdys_3d7i":"236",":@computed_region_43wa_7qmu":"43",":@computed_region_rpca_8um6":"19",":@computed_region_8hcu_yrd4":"11"}},
{"type":"Feature","geometry":{"type":"Point","coordinates":[-87.627690528,41.90230870122]},"properties":{"id":"a3a72012-a135-11e9-9cda-0a87ae2ba916","station_name":"Rush St & Cedar St","short_name":"CHI00537","total_docks":"11","docks_in_service":"11","status":"In Service","latitude":"41.9023087012","longitude":"-87.627690528",":id":"row-vz3i.ge52_m5xw",":version":"rv-2va4.sfd7~7hme",":created_at":"2026-02-20T12:00:22.406Z",":updated_at":"2026-02-20T12:00:24.465Z",":@computed_region_awaf_s7ux":"22",":@computed_region_6mkv_f3dw":"21182",":@computed_region_vrxf_vc4k":"37",":@computed_region_bdys_3d7i":"105",":@computed_region_43wa_7qmu":"36",":@computed_region_rpca_8um6":"6",":@computed_region_8hcu_yrd4":"42"}},
{"type":"Feature","geometry":{"type":"Point","coordinates":[-87.693917,41.749702]},"properties":{"id":"1871992980799203880","station_name":"Mozart St & 79th St","short_name":"CHI01817","total_docks":"15","docks_in_service":"15","status":"In Service","latitude":"41.749702","longitude":"-87.693917",":id":"row-5jd2_ihbx~sivf",":version":"rv-qy3r.vixy_by68",":created_at":"2025-06-14T11:00:19.984Z",":updated_at":"2025-06-14T11:00:25.292Z",":@computed_region_awaf_s7ux":"6",":@computed_region_6mkv_f3dw":"4300",":@computed_region_vrxf_vc4k":"69",":@computed_region_bdys_3d7i":"243",":@computed_region_43wa_7qmu":"30",":@computed_region_rpca_8um6":"8",":@computed_region_8hcu_yrd4":"18"}},
{"type":"Feature","geometry":{"type":"Point","coordinates":[-87.694521,41.866624]},"properties":{"id":"a3adc3f6-a135-11e9-9cda-0a87ae2ba916","station_name":"Fairfield Ave & Roosevelt Rd","short_name":"CHI00578","total_docks":"11","docks_in_service":"10","status":"In Service","latitude":"41.866624","longitude":"-87.694521",":id":"row-9pfu-9y52_p39k",":version":"rv-9cde~ipsq_ayhf",":created_at":"2026-02-20T12:00:22.406Z",":updated_at":"2026-02-20T12:00:24.465Z",":@computed_region_awaf_s7ux":"11",":@computed_region_6mkv_f3dw":"21184",":@computed_region_vrxf_vc4k":"30",":@computed_region_bdys_3d7i":"16",":@computed_region_43wa_7qmu":"23",":@computed_region_rpca_8um6":"28",":@computed_region_8hcu_yrd4":"28"}},
{"type":"Feature","geometry":{"type":"Point","coordinates":[-87.61248,41.68577]},"properties":{"id":"2181500487930254846","station_name":"Front Ave & 115th St","short_name":"CHI02197","total_docks":"11","docks_in_service":"11","status":"In Service","latitude":"41.68577","longitude":"-87.61248",":id":"row-fq6c~b4zt-n5hu",":version":"rv-n7g4-u4x2_qxkk",":created_at":"2026-02-05T12:00:19.477Z",":updated_at":"2026-02-05T12:00:28.710Z",":@computed_region_awaf_s7ux":"30",":@computed_region_6mkv_f3dw":"21861",":@computed_region_vrxf_vc4k":"45",":@computed_region_bdys_3d7i":"253",":@computed_region_43wa_7qmu":"43",":@computed_region_rpca_8um6":"19",":@computed_region_8hcu_yrd4":"11"}},
{"type":"Feature","geometry":{"type":"Point","coordinates":[-87.6295437729,41.87207763285]},"properties":{"id":"a3a434ce-a135-11e9-9cda-0a87ae2ba916","station_name":"Federal St & Polk St","short_name":"CHI01775","total_docks":"30","docks_in_service":"30","status":"In Service","latitude":"41.8720776329","longitude":"-87.6295437729",":id":"row-qmkw_823x_ba34",":version":"rv-5294.4sb6-9c4r",":created_at":"2026-02-20T12:00:22.406Z",":updated_at":"2026-02-20T12:00:24.465Z",":@computed_region_awaf_s7ux":"48",":@computed_region_6mkv_f3dw":"14913",":@computed_region_vrxf_vc4k":"38",":@computed_region_bdys_3d7i":"12",":@computed_region_43wa_7qmu":"10",":@computed_region_rpca_8um6":"35",":@computed_region_8hcu_yrd4":"9"}},
{"type":"Feature","geometry":{"type":"Point","coordinates":[-87.63835,41.88907]},"properties":{"id":"a3a5eb69-a135-11e9-9cda-0a87ae2ba916","station_name":"Kingsbury St & Kinzie St 1","short_name":"CHI00299","total_docks":"27","docks_in_service":"27","status":"In Service","latitude":"41.88907","longitude":"-87.63835",":id":"row-fnkq~cdgh~8xb5",":version":"rv-jfbr.ztyb.sqnh",":created_at":"2026-01-31T12:00:25.966Z",":updated_at":"2026-01-31T12:03:14.902Z",":@computed_region_awaf_s7ux":"22",":@computed_region_6mkv_f3dw":"4446",":@computed_region_vrxf_vc4k":"37",":@computed_region_bdys_3d7i":"652",":@computed_region_43wa_7qmu":"36",":@computed_region_rpca_8um6":"55",":@computed_region_8hcu_yrd4":"42"}},
{"type":"Feature","geometry":{"type":"Point","coordinates":[-87.644336,41.931248]},"properties":{"id":"a3a80a1e-a135-11e9-9cda-0a87ae2ba916","station_name":"Clark St & Drummond Pl","short_name":"CHI00385","total_docks":"23","docks_in_service":"23","status":"In Service","latitude":"41.931248","longitude":"-87.644336",":id":"row-aqnh_2ra8-cdk7",":version":"rv-m4ud.56hj~9eps",":created_at":"2026-02-05T12:00:19.477Z",":updated_at":"2026-02-05T12:00:28.710Z",":@computed_region_awaf_s7ux":"51",":@computed_region_6mkv_f3dw":"21190",":@computed_region_vrxf_vc4k":"68",":@computed_region_bdys_3d7i":"794",":@computed_region_43wa_7qmu":"34",":@computed_region_rpca_8um6":"16",":@computed_region_8hcu_yrd4":"43"}},
{"type":"Feature","geometry":{"type":"Point","coordinates":[-87.7331,41.974323]},"properties":{"id":"1882466626513795782","station_name":"Keeler Ave & Carmen Ave","short_name":"CHI00959","total_docks":"15","docks_in_service":"15","status":"In Service","latitude":"41.974323","longitude":"-87.7331",":id":"row-2zxy-tub3_s2tx",":version":"rv-u2m5_fw99~eh8m",":created_at":"2026-01-31T12:00:25.966Z",":updated_at":"2026-01-31T12:03:14.902Z",":@computed_region_awaf_s7ux":"28",":@computed_region_6mkv_f3dw":"21869",":@computed_region_vrxf_vc4k":"13",":@computed_region_bdys_3d7i":"748",":@computed_region_43wa_7qmu":"38",":@computed_region_rpca_8um6":"48",":@computed_region_8hcu_yrd4":"39"}},
{"type":"Feature","geometry":{"type":"Point","coordinates":[-87.76108,41.96861]},"properties":{"id":"1969221526359528022","station_name":"Milwaukee Ave & Ainslie St","short_name":"CHI01942","total_docks":"19","docks_in_service":"19","status":"In Service","latitude":"41.96861","longitude":"-87.76108",":id":"row-w2k3.duub_8mdd",":version":"rv-iemx-asxz~5uns",":created_at":"2026-02-24T20:58:31.862Z",":updated_at":"2026-02-24T20:58:45.278Z",":@computed_region_awaf_s7ux":"20",":@computed_region_6mkv_f3dw":"21869",":@computed_region_vrxf_vc4k":"11",":@computed_region_bdys_3d7i":"129",":@computed_region_43wa_7qmu":"50",":@computed_region_rpca_8um6":"48",":@computed_region_8hcu_yrd4":"45"}},
{"type":"Feature","geometry":{"type":"Point","coordinates":[-87.7092,41.92448]},"properties":{"id":"2155619628908394686","station_name":"Sawyer Ave & Fullerton Ave","short_name":"CHI02178","total_docks":"14","docks_in_service":"14","status":"In Service","latitude":"41.92448","longitude":"-87.7092",":id":"row-hga8-teh2_mhqq",":version":"rv-g4b5-tw9u.62mk",":created_at":"2025-12-22T12:00:15.754Z",":updated_at":"2025-12-22T12:00:22.236Z",":@computed_region_awaf_s7ux":"15",":@computed_region_6mkv_f3dw":"22535",":@computed_region_vrxf_vc4k":"23",":@computed_region_bdys_3d7i":"321",":@computed_region_43wa_7qmu":"40",":@computed_region_rpca_8um6":"1",":@computed_region_8hcu_yrd4":"35"}},
{"type":"Feature","geometry":{"type":"Point","coordinates":[-87.546089887619,41.648500762664]},"properties":{"id":"ff21c158-de98-46c6-9ef7-7082bdb7c634","station_name":"Hegewisch Metra Station","short_name":"CHI00876","total_docks":"15","docks_in_service":"15","status":"In Service","latitude":"41.6485007627","longitude":"-87.5460898876",":id":"row-mgwu~kvdn-8a4s",":version":"rv-kmms_3a76_xcjn",":created_at":"2025-10-05T11:00:26.626Z",":updated_at":"2025-10-05T11:00:32.109Z",":@computed_region_awaf_s7ux":"47",":@computed_region_6mkv_f3dw":"22250",":@computed_region_vrxf_vc4k":"52",":@computed_region_bdys_3d7i":"586",":@computed_region_43wa_7qmu":"47",":@computed_region_rpca_8um6":"26",":@computed_region_8hcu_yrd4":"6"}},
{"type":"Feature","geometry":{"type":"Point","coordinates":[-87.677409,41.901315]},"properties":{"id":"a3a75885-a135-11e9-9cda-0a87ae2ba916","station_name":"Damen Ave & Thomas St (Augusta Blvd)","short_name":"CHI00296","total_docks":"23","docks_in_service":"23","status":"In Service","latitude":"41.901315","longitude":"-87.677409",":id":"row-deev~fmdd-24vg",":version":"rv-9dj4.2dbt.jhc9",":created_at":"2026-01-31T12:00:25.966Z",":updated_at":"2026-01-31T12:03:14.902Z",":@computed_region_awaf_s7ux":"16",":@computed_region_6mkv_f3dw":"21560",":@computed_region_vrxf_vc4k":"25",":@computed_region_bdys_3d7i":"476",":@computed_region_43wa_7qmu":"11",":@computed_region_rpca_8um6":"4",":@computed_region_8hcu_yrd4":"1"}},
{"type":"Feature","geometry":{"type":"Point","coordinates":[-87.53091,41.73793]},"properties":{"id":"1984042930424753006","station_name":"Steelworkers Park","short_name":"CHI01962","total_docks":"16","docks_in_service":"16","status":"In Service","latitude":"41.73793","longitude":"-87.53091",":id":"row-gn5u~bpmb.y7im",":version":"rv-cnzv_x396-y6dm",":created_at":"2026-01-14T12:00:28.010Z",":updated_at":"2026-01-14T12:00:29.669Z",":@computed_region_awaf_s7ux":"47",":@computed_region_6mkv_f3dw":"21202",":@computed_region_vrxf_vc4k":"42",":@computed_region_bdys_3d7i":"505",":@computed_region_43wa_7qmu":"47",":@computed_region_rpca_8um6":"25",":@computed_region_8hcu_yrd4":"6"}},
{"type":"Feature","geometry":{"type":"Point","coordinates":[-87.7698856,41.9309625]},"properties":{"id":"1890604506489868740","station_name":"Mango Ave & Diversey Ave","short_name":"CHI01762","total_docks":"15","docks_in_service":"15","status":"In Service","latitude":"41.9309625","longitude":"-87.7698856",":id":"row-2hkk_jfw2_cyab",":version":"rv-wnv7~se5w_9xbj",":created_at":"2025-06-14T11:00:19.984Z",":updated_at":"2025-06-14T11:00:25.292Z",":@computed_region_awaf_s7ux":"27",":@computed_region_6mkv_f3dw":"22615",":@computed_region_vrxf_vc4k":"19",":@computed_region_bdys_3d7i":"58",":@computed_region_43wa_7qmu":"21",":@computed_region_rpca_8um6":"2",":@computed_region_8hcu_yrd4":"30"}},
{"type":"Feature","geometry":{"type":"Point","coordinates":[-87.65599,41.92339]},"properties":{"id":"2119635270602279048","station_name":"Seminary Ave & Belden Ave","short_name":"CHI02106","total_docks":"15","docks_in_service":"15","status":"In Service","latitude":"41.92339","longitude":"-87.65599",":id":"row-yjaj~c6jx.ct3q",":version":"rv-7u4f_tx3h-tmze",":created_at":"2026-01-31T12:00:25.966Z",":updated_at":"2026-01-31T12:03:14.902Z",":@computed_region_awaf_s7ux":"16",":@computed_region_6mkv_f3dw":"21190",":@computed_region_vrxf_vc4k":"68",":@computed_region_bdys_3d7i":"797",":@computed_region_43wa_7qmu":"34",":@computed_region_rpca_8um6":"16",":@computed_region_8hcu_yrd4":"43"}},
{"type":"Feature","geometry":{"type":"Point","coordinates":[-87.604553,41.785861]},"properties":{"id":"1838613156025764214","station_name":"Drexel Ave & 60th St","short_name":"CHI01902","total_docks":"15","docks_in_service":"15","status":"In Service","latitude":"41.785861","longitude":"-87.604553",":id":"row-35um_be2i~kf53",":version":"rv-mwug.xsiw-mrh9",":created_at":"2026-01-22T12:00:26.177Z",":updated_at":"2026-01-22T12:00:28.342Z",":@computed_region_awaf_s7ux":"53",":@computed_region_6mkv_f3dw":"22260",":@computed_region_vrxf_vc4k":"9",":@computed_region_bdys_3d7i":"470",":@computed_region_43wa_7qmu":"4",":@computed_region_rpca_8um6":"60",":@computed_region_8hcu_yrd4":"20"}},
{"type":"Feature","geometry":{"type":"Point","coordinates":[-87.65507,41.95848]},"properties":{"id":"a3aa4a58-a135-11e9-9cda-0a87ae2ba916","station_name":"Sheridan Rd & Buena Ave","short_name":"CHI00468","total_docks":"19","docks_in_service":"19","status":"In Service","latitude":"41.95848","longitude":"-87.65507",":id":"row-gesb-d9ug-ec4g",":version":"rv-dcgt-4b7h-gswb",":created_at":"2026-01-31T12:00:25.966Z",":updated_at":"2026-01-31T12:03:14.902Z",":@computed_region_awaf_s7ux":"37",":@computed_region_6mkv_f3dw":"21186",":@computed_region_vrxf_vc4k":"31",":@computed_region_bdys_3d7i":"577",":@computed_region_43wa_7qmu":"39",":@computed_region_rpca_8um6":"53",":@computed_region_8hcu_yrd4":"46"}},
{"type":"Feature","geometry":{"type":"Point","coordinates":[-87.646602988243,41.853779810727]},"properties":{"id":"a3a5f5e6-a135-11e9-9cda-0a87ae2ba916","station_name":"Halsted St & 21st St","short_name":"CHI00323","total_docks":"11","docks_in_service":"11","status":"In Service","latitude":"41.8537798107","longitude":"-87.6466029882",":id":"row-ht5j.w7tx~ckxy",":version":"rv-d7tg-ntyr.3yh6",":created_at":"2026-01-22T12:00:26.177Z",":updated_at":"2026-01-22T12:00:28.342Z",":@computed_region_awaf_s7ux":"8",":@computed_region_6mkv_f3dw":"14920",":@computed_region_vrxf_vc4k":"33",":@computed_region_bdys_3d7i":"250",":@computed_region_43wa_7qmu":"48",":@computed_region_rpca_8um6":"43",":@computed_region_8hcu_yrd4":"25"}},
{"type":"Feature","geometry":{"type":"Point","coordinates":[-87.7672648,41.9495327]},"properties":{"id":"1929121521556988340","station_name":"Grace St & Central Ave","short_name":"CHI01799","total_docks":"15","docks_in_service":"15","status":"In Service","latitude":"41.9495327","longitude":"-87.7672648",":id":"row-cuit-yvtc_aa48",":version":"rv-a5yi_z5if_at9x",":created_at":"2026-02-24T20:58:31.862Z",":updated_at":"2026-02-24T20:58:45.278Z",":@computed_region_awaf_s7ux":"25",":@computed_region_6mkv_f3dw":"22254",":@computed_region_vrxf_vc4k":"15",":@computed_region_bdys_3d7i":"311",":@computed_region_43wa_7qmu":"19",":@computed_region_rpca_8um6":"52",":@computed_region_8hcu_yrd4":"38"}},
{"type":"Feature","geometry":{"type":"Point","coordinates":[-87.681203484535,41.704587102189]},"properties":{"id":"0f9b826b-8885-4c25-96fd-9e2c2074c34e","station_name":"Western Ave & 104th St","short_name":"CHI00859","total_docks":"14","docks_in_service":"14","status":"In Service","latitude":"41.7045871022","longitude":"-87.6812034845",":id":"row-xnx2_njmr.u3hz",":version":"rv-sz7h.y27g_c4pd",":created_at":"2025-06-14T11:00:19.984Z",":updated_at":"2025-06-14T11:00:25.292Z",":@computed_region_awaf_s7ux":"33",":@computed_region_6mkv_f3dw":"22212",":@computed_region_vrxf_vc4k":"71",":@computed_region_bdys_3d7i":"609",":@computed_region_43wa_7qmu":"42",":@computed_region_rpca_8um6":"13",":@computed_region_8hcu_yrd4":"19"}},
{"type":"Feature","geometry":{"type":"Point","coordinates":[-87.652183324099,41.918295562935]},"properties":{"id":"13820eba-039d-4231-9228-005ab0f4e451","station_name":"Bissell St & Armitage Ave*","short_name":"CHI02022","total_docks":"16","docks_in_service":"15","status":"In Service","latitude":"41.9182955629","longitude":"-87.6521833241",":id":"row-9s8s-t2ib_46zz",":version":"rv-fpgt-9rgb-6mnn",":created_at":"2026-02-28T12:00:19.612Z",":updated_at":"2026-02-28T12:00:33.025Z",":@computed_region_awaf_s7ux":"51",":@computed_region_6mkv_f3dw":"21190",":@computed_region_vrxf_vc4k":"68",":@computed_region_bdys_3d7i":"744",":@computed_region_43wa_7qmu":"34",":@computed_region_rpca_8um6":"16",":@computed_region_8hcu_yrd4":"43"}},
{"type":"Feature","geometry":{"type":"Point","coordinates":[-87.6933696402,41.99023602867]},"properties":{"id":"a3af1cec-a135-11e9-9cda-0a87ae2ba916","station_name":"Maplewood Ave & Peterson Ave","short_name":"CHI00592","total_docks":"11","docks_in_service":"11","status":"In Service","latitude":"41.9902360287","longitude":"-87.6933696402",":id":"row-4ne2-vauv.s4q9",":version":"rv-ef5v-nbw6_zp7w",":created_at":"2025-06-14T11:00:19.984Z",":updated_at":"2025-06-14T11:00:25.292Z",":@computed_region_awaf_s7ux":"46",":@computed_region_6mkv_f3dw":"4450",":@computed_region_vrxf_vc4k":"20",":@computed_region_bdys_3d7i":"15",":@computed_region_43wa_7qmu":"24",":@computed_region_rpca_8um6":"50",":@computed_region_8hcu_yrd4":"40"}},
{"type":"Feature","geometry":{"type":"Point","coordinates":[-87.723574,41.939408]},"properties":{"id":"a3aff10c-a135-11e9-9cda-0a87ae2ba916","station_name":"Avers Ave & Belmont Ave","short_name":"CHI00962","total_docks":"11","docks_in_service":"11","status":"In Service","latitude":"41.939408","longitude":"-87.723574",":id":"row-2v9y_azf8.74dk",":version":"rv-mt78-ykcg.k4m8",":created_at":"2025-06-14T11:00:19.984Z",":updated_at":"2025-06-14T11:00:25.292Z",":@computed_region_awaf_s7ux":"27",":@computed_region_6mkv_f3dw":"21538",":@computed_region_vrxf_vc4k":"22",":@computed_region_bdys_3d7i":"138",":@computed_region_43wa_7qmu":"21",":@computed_region_rpca_8um6":"39",":@computed_region_8hcu_yrd4":"30"}},
{"type":"Feature","geometry":{"type":"Point","coordinates":[-87.684417,41.764345]},"properties":{"id":"1861593053874186306","station_name":"Artesian Ave & 71st St","short_name":"CHI01770","total_docks":"15","docks_in_service":"15","status":"In Service","latitude":"41.764345","longitude":"-87.684417",":id":"row-8zg4~gxmc.nu29",":version":"rv-nxdf-s46j-qzhy",":created_at":"2025-06-14T11:00:19.984Z",":updated_at":"2025-06-14T11:00:25.292Z",":@computed_region_awaf_s7ux":"6",":@computed_region_6mkv_f3dw":"21867",":@computed_region_vrxf_vc4k":"64",":@computed_region_bdys_3d7i":"333",":@computed_region_43wa_7qmu":"30",":@computed_region_rpca_8um6":"58",":@computed_region_8hcu_yrd4":"17"}},
{"type":"Feature","geometry":{"type":"Point","coordinates":[-87.6297910363,41.8793563587]},"properties":{"id":"a3a4203a-a135-11e9-9cda-0a87ae2ba916","station_name":"Dearborn St & Adams St 1","short_name":"CHI00438","total_docks":"30","docks_in_service":"30","status":"In Service","latitude":"41.8793563587","longitude":"-87.6297910363",":id":"row-65m5_mw3e_k9ns",":version":"rv-zhhw_nm3y_sx6p",":created_at":"2026-02-24T20:58:31.862Z",":updated_at":"2026-02-24T20:58:45.278Z",":@computed_region_awaf_s7ux":"22",":@computed_region_6mkv_f3dw":"14912",":@computed_region_vrxf_vc4k":"38",":@computed_region_bdys_3d7i":"92",":@computed_region_43wa_7qmu":"36",":@computed_region_rpca_8um6":"29",":@computed_region_8hcu_yrd4":"34"}},
{"type":"Feature","geometry":{"type":"Point","coordinates":[-87.7667718,41.9349097]},"properties":{"id":"1890604055552786620","station_name":"Central Ave & Wellington Ave","short_name":"CHI01759","total_docks":"15","docks_in_service":"15","status":"In Service","latitude":"41.9349097","longitude":"-87.7667718",":id":"row-xxdd_3nb2_ia9b",":version":"rv-rmm3_6cws.upkw",":created_at":"2026-02-28T12:00:19.612Z",":updated_at":"2026-02-28T12:00:33.025Z",":@computed_region_awaf_s7ux":"7",":@computed_region_6mkv_f3dw":"22254",":@computed_region_vrxf_vc4k":"19",":@computed_region_bdys_3d7i":"82",":@computed_region_43wa_7qmu":"17",":@computed_region_rpca_8um6":"52",":@computed_region_8hcu_yrd4":"31"}},
{"type":"Feature","geometry":{"type":"Point","coordinates":[-87.6346,41.915689]},"properties":{"id":"a3a60f7e-a135-11e9-9cda-0a87ae2ba916","station_name":"Clark St & Lincoln Ave","short_name":"CHI00413","total_docks":"23","docks_in_service":"23","status":"In Service","latitude":"41.915689","longitude":"-87.6346",":id":"row-y7em_xhw4_wqjk",":version":"rv-we26.q8rz_kwxk",":created_at":"2026-01-06T12:02:37.765Z",":updated_at":"2026-01-06T12:02:40.296Z",":@computed_region_awaf_s7ux":"51",":@computed_region_6mkv_f3dw":"21190",":@computed_region_vrxf_vc4k":"68",":@computed_region_bdys_3d7i":"271",":@computed_region_43wa_7qmu":"34",":@computed_region_rpca_8um6":"16",":@computed_region_8hcu_yrd4":"43"}},
{"type":"Feature","geometry":{"type":"Point","coordinates":[-87.580046,41.747363]},"properties":{"id":"a3b4aa91-a135-11e9-9cda-0a87ae2ba916","station_name":"South Chicago Ave & Elliot Ave","short_name":"CHI01315","total_docks":"7","docks_in_service":"7","status":"In Service","latitude":"41.747363","longitude":"-87.580046",":id":"row-nrrp-xmnr-x8zb",":version":"rv-9qax-43vr_q7sn",":created_at":"2025-06-14T11:00:19.984Z",":updated_at":"2025-06-14T11:00:25.292Z",":@computed_region_awaf_s7ux":"9",":@computed_region_6mkv_f3dw":"21202",":@computed_region_vrxf_vc4k":"41",":@computed_region_bdys_3d7i":"431",":@computed_region_43wa_7qmu":"35",":@computed_region_rpca_8um6":"25",":@computed_region_8hcu_yrd4":"10"}},
{"type":"Feature","geometry":{"type":"Point","coordinates":[-87.755285,41.875806]},"properties":{"id":"a3b1cf80-a135-11e9-9cda-0a87ae2ba916","station_name":"Laramie Ave & Gladys Ave","short_name":"CHI00684","total_docks":"11","docks_in_service":"11","status":"In Service","latitude":"41.875806","longitude":"-87.755285",":id":"row-hgpk-5cfb-rfgs",":version":"rv-hsai.2dyk-dg5e",":created_at":"2025-06-14T11:00:19.984Z",":updated_at":"2025-06-14T11:00:25.292Z",":@computed_region_awaf_s7ux":"52",":@computed_region_6mkv_f3dw":"22216",":@computed_region_vrxf_vc4k":"26",":@computed_region_bdys_3d7i":"68",":@computed_region_43wa_7qmu":"7",":@computed_region_rpca_8um6":"32",":@computed_region_8hcu_yrd4":"29"}},
{"type":"Feature","geometry":{"type":"Point","coordinates":[-87.622644156218,41.73655301832]},"properties":{"id":"a3b2dcf0-a135-11e9-9cda-0a87ae2ba916","station_name":"Wabash Ave & 87th St","short_name":"CHI00736","total_docks":"11","docks_in_service":"11","status":"In Service","latitude":"41.7365530183","longitude":"-87.6226441562",":id":"row-b7pw-qzyi-g473",":version":"rv-w7zt~8a5p.xuhg",":created_at":"2025-10-12T11:00:17.063Z",":updated_at":"2025-10-12T11:00:18.520Z",":@computed_region_awaf_s7ux":"31",":@computed_region_6mkv_f3dw":"21546",":@computed_region_vrxf_vc4k":"40",":@computed_region_bdys_3d7i":"406",":@computed_region_43wa_7qmu":"32",":@computed_region_rpca_8um6":"61",":@computed_region_8hcu_yrd4":"4"}},
{"type":"Feature","geometry":{"type":"Point","coordinates":[-87.697474,41.903029]},"properties":{"id":"a3a7f5ea-a135-11e9-9cda-0a87ae2ba916","station_name":"California Ave & Division St","short_name":"CHI00340","total_docks":"19","docks_in_service":"19","status":"In Service","latitude":"41.903029","longitude":"-87.697474",":id":"row-a4b8_hqtf-k98n",":version":"rv-9pkb~ubyj.89y9",":created_at":"2026-01-06T12:02:37.765Z",":updated_at":"2026-01-06T12:02:40.296Z",":@computed_region_awaf_s7ux":"10",":@computed_region_6mkv_f3dw":"22535",":@computed_region_vrxf_vc4k":"25",":@computed_region_bdys_3d7i":"301",":@computed_region_43wa_7qmu":"49",":@computed_region_rpca_8um6":"4",":@computed_region_8hcu_yrd4":"26"}},
{"type":"Feature","geometry":{"type":"Point","coordinates":[-87.78535,41.95261]},"properties":{"id":"1958860355622110046","station_name":"Merrimac Park","short_name":"CHI00814","total_docks":"15","docks_in_service":"15","status":"In Service","latitude":"41.95261","longitude":"-87.78535",":id":"row-ikiq~wu8e_bcpn",":version":"rv-3ssb_e3iq_7uu3",":created_at":"2026-01-31T12:00:25.966Z",":updated_at":"2026-01-31T12:03:14.902Z",":@computed_region_awaf_s7ux":"25",":@computed_region_6mkv_f3dw":"22254",":@computed_region_vrxf_vc4k":"17",":@computed_region_bdys_3d7i":"443",":@computed_region_43wa_7qmu":"19",":@computed_region_rpca_8um6":"52",":@computed_region_8hcu_yrd4":"38"}},
{"type":"Feature","geometry":{"type":"Point","coordinates":[-87.6611982433,42.00104377979]},"properties":{"id":"a3ae87fa-a135-11e9-9cda-0a87ae2ba916","station_name":"Sheridan Rd & Loyola Ave","short_name":"CHI00752","total_docks":"23","docks_in_service":"22","status":"In Service","latitude":"42.0010437798","longitude":"-87.6611982433",":id":"row-f2fq.hksh-hv8i",":version":"rv-wy88.fc7f~axyi",":created_at":"2026-02-21T12:02:35.609Z",":updated_at":"2026-02-21T12:02:36.569Z",":@computed_region_awaf_s7ux":"3",":@computed_region_6mkv_f3dw":"21853",":@computed_region_vrxf_vc4k":"10",":@computed_region_bdys_3d7i":"48",":@computed_region_43wa_7qmu":"5",":@computed_region_rpca_8um6":"9",":@computed_region_8hcu_yrd4":"49"}},
{"type":"Feature","geometry":{"type":"Point","coordinates":[-87.64883,41.919936]},"properties":{"id":"a3a8224f-a135-11e9-9cda-0a87ae2ba916","station_name":"Halsted St & Dickens Ave","short_name":"CHI00291","total_docks":"20","docks_in_service":"20","status":"In Service","latitude":"41.919936","longitude":"-87.64883",":id":"row-25py.9sy5_a36i",":version":"rv-6gq4-rkii~cv7u",":created_at":"2026-01-31T12:00:25.966Z",":updated_at":"2026-01-31T12:03:14.902Z",":@computed_region_awaf_s7ux":"51",":@computed_region_6mkv_f3dw":"21190",":@computed_region_vrxf_vc4k":"68",":@computed_region_bdys_3d7i":"744",":@computed_region_43wa_7qmu":"34",":@computed_region_rpca_8um6":"16",":@computed_region_8hcu_yrd4":"43"}},
{"type":"Feature","geometry":{"type":"Point","coordinates":[-87.53504,41.71781]},"properties":{"id":"1982213647115293456","station_name":"Ewing Ave & 98th St","short_name":"CHI01949","total_docks":"16","docks_in_service":"16","status":"In Service","latitude":"41.71781","longitude":"-87.53504",":id":"row-x6t2_yvp3.qk32",":version":"rv-8y2j-g227.uu3n",":created_at":"2026-01-14T12:00:28.010Z",":updated_at":"2026-01-14T12:00:29.669Z",":@computed_region_awaf_s7ux":"47",":@computed_region_6mkv_f3dw":"21202",":@computed_region_vrxf_vc4k":"49",":@computed_region_bdys_3d7i":"705",":@computed_region_43wa_7qmu":"47",":@computed_region_rpca_8um6":"25",":@computed_region_8hcu_yrd4":"6"}},
{"type":"Feature","geometry":{"type":"Point","coordinates":[-87.636427,41.932588]},"properties":{"id":"a3aac4f9-a135-11e9-9cda-0a87ae2ba916","station_name":"DuSable Lake Shore Dr & Diversey Pkwy","short_name":"CHI00493","total_docks":"23","docks_in_service":"23","status":"In Service","latitude":"41.932588","longitude":"-87.636427",":id":"row-eijq_rjtu_6d58",":version":"rv-4pj9_xugj.3ezr",":created_at":"2025-06-14T11:00:19.984Z",":updated_at":"2025-06-14T11:00:25.292Z",":@computed_region_awaf_s7ux":"51",":@computed_region_6mkv_f3dw":"4449",":@computed_region_vrxf_vc4k":"68",":@computed_region_bdys_3d7i":"101",":@computed_region_43wa_7qmu":"34",":@computed_region_rpca_8um6":"16",":@computed_region_8hcu_yrd4":"43"}},
{"type":"Feature","geometry":{"type":"Point","coordinates":[-87.764902,41.894958]},"properties":{"id":"a3b1f4fb-a135-11e9-9cda-0a87ae2ba916","station_name":"Central Ave & Chicago Ave","short_name":"CHI00598","total_docks":"11","docks_in_service":"11","status":"In Service","latitude":"41.894958","longitude":"-87.764902",":id":"row-87ek.e58x.hwup",":version":"rv-7dyb_cap5~fskk",":created_at":"2025-06-14T11:00:19.984Z",":updated_at":"2025-06-14T11:00:25.292Z",":@computed_region_awaf_s7ux":"4",":@computed_region_6mkv_f3dw":"4299",":@computed_region_vrxf_vc4k":"26",":@computed_region_bdys_3d7i":"562",":@computed_region_43wa_7qmu":"45",":@computed_region_rpca_8um6":"5",":@computed_region_8hcu_yrd4":"37"}},
{"type":"Feature","geometry":{"type":"Point","coordinates":[-87.72279,41.769499]},"properties":{"id":"1939575808945160592","station_name":"Pulaski Rd & 68th St","short_name":"CHI01813","total_docks":"15","docks_in_service":"15","status":"In Service","latitude":"41.769499","longitude":"-87.72279",":id":"row-96g6~edjz_g5p9",":version":"rv-gbtr-3j5e_pmcy",":created_at":"2025-08-09T11:06:58.153Z",":updated_at":"2025-08-09T11:07:02.453Z",":@computed_region_awaf_s7ux":"23",":@computed_region_6mkv_f3dw":"21867",":@computed_region_vrxf_vc4k":"63",":@computed_region_bdys_3d7i":"318",":@computed_region_43wa_7qmu":"15",":@computed_region_rpca_8um6":"58",":@computed_region_8hcu_yrd4":"23"}},
{"type":"Feature","geometry":{"type":"Point","coordinates":[-87.745261,41.886841]},"properties":{"id":"a3b10f66-a135-11e9-9cda-0a87ae2ba916","station_name":"Cicero Ave & Lake St","short_name":"CHI00665","total_docks":"11","docks_in_service":"11","status":"In Service","latitude":"41.886841","longitude":"-87.745261",":id":"row-j3x9-kaae.eruf",":version":"rv-dxyx-pdjv-3jqz",":created_at":"2026-01-31T12:00:25.966Z",":updated_at":"2026-01-31T12:03:14.902Z",":@computed_region_awaf_s7ux":"11",":@computed_region_6mkv_f3dw":"22216",":@computed_region_vrxf_vc4k":"26",":@computed_region_bdys_3d7i":"696",":@computed_region_43wa_7qmu":"23",":@computed_region_rpca_8um6":"32",":@computed_region_8hcu_yrd4":"28"}},
{"type":"Feature","geometry":{"type":"Point","coordinates":[-87.73569,41.96108]},"properties":{"id":"a3b38c3f-a135-11e9-9cda-0a87ae2ba916","station_name":"Kildare Ave & Montrose Ave","short_name":"CHI00609","total_docks":"15","docks_in_service":"15","status":"In Service","latitude":"41.96108","longitude":"-87.73569",":id":"row-rrjw-29cq~bsar",":version":"rv-d74u_fakr_75yi",":created_at":"2026-01-31T12:00:25.966Z",":updated_at":"2026-01-31T12:03:14.902Z",":@computed_region_awaf_s7ux":"20",":@computed_region_6mkv_f3dw":"21869",":@computed_region_vrxf_vc4k":"16",":@computed_region_bdys_3d7i":"363",":@computed_region_43wa_7qmu":"38",":@computed_region_rpca_8um6":"48",":@computed_region_8hcu_yrd4":"39"}},
{"type":"Feature","geometry":{"type":"Point","coordinates":[-87.62785,41.69989]},"properties":{"id":"1991870527990319406","station_name":"Wentworth Ave & 107th St","short_name":"CHI01939","total_docks":"16","docks_in_service":"16","status":"In Service","latitude":"41.69989","longitude":"-87.62785",":id":"row-ptsm.pjnp_uzns",":version":"rv-jr9m_hu2i~wuag",":created_at":"2025-08-30T11:00:24.716Z",":updated_at":"2025-08-30T11:00:27.796Z",":@computed_region_awaf_s7ux":"45",":@computed_region_6mkv_f3dw":"21861",":@computed_region_vrxf_vc4k":"45",":@computed_region_bdys_3d7i":"524",":@computed_region_43wa_7qmu":"22",":@computed_region_rpca_8um6":"19",":@computed_region_8hcu_yrd4":"11"}},
{"type":"Feature","geometry":{"type":"Point","coordinates":[-87.677432,42.058239]},"properties":{"id":"a3b30b06-a135-11e9-9cda-0a87ae2ba916","station_name":"Sheridan Rd & Noyes St (NU)","short_name":"CHI01114","total_docks":"15","docks_in_service":"15","status":"In Service","latitude":"42.058239","longitude":"-87.677432",":id":"row-vyxz_bdr6.uj6m",":version":"rv-xy3w-vefw.9mpg",":created_at":"2025-11-11T12:00:24.711Z",":updated_at":"2025-11-11T12:00:25.670Z",":@computed_region_awaf_s7ux":null,":@computed_region_6mkv_f3dw":"26293",":@computed_region_vrxf_vc4k":null,":@computed_region_bdys_3d7i":null,":@computed_region_43wa_7qmu":null,":@computed_region_rpca_8um6":null,":@computed_region_8hcu_yrd4":null}},
{"type":"Feature","geometry":{"type":"Point","coordinates":[-87.694684,41.828098]},"properties":{"id":"1934289361049585738","station_name":"California Ave & 36th St","short_name":"CHI01875","total_docks":"15","docks_in_service":"15","status":"In Service","latitude":"41.828098","longitude":"-87.694684",":id":"row-eeme_h9bd~ub2v",":version":"rv-g4rc~dq6c_qrqh",":created_at":"2026-02-05T12:00:19.477Z",":updated_at":"2026-02-05T12:00:28.710Z",":@computed_region_awaf_s7ux":"29",":@computed_region_6mkv_f3dw":"22248",":@computed_region_vrxf_vc4k":"55",":@computed_region_bdys_3d7i":"638",":@computed_region_43wa_7qmu":"1",":@computed_region_rpca_8um6":"56",":@computed_region_8hcu_yrd4":"12"}},
{"type":"Feature","geometry":{"type":"Point","coordinates":[-87.7161149615,41.98039423475]},"properties":{"id":"a3af6c2f-a135-11e9-9cda-0a87ae2ba916","station_name":"St. Louis Ave & Balmoral Ave","short_name":"CHI00659","total_docks":"15","docks_in_service":"15","status":"In Service","latitude":"41.9803942348","longitude":"-87.7161149615",":id":"row-fup3-hvst~nznc",":version":"rv-q7j9.pzaw.uqan",":created_at":"2026-01-22T12:00:26.177Z",":updated_at":"2026-01-22T12:00:28.342Z",":@computed_region_awaf_s7ux":"28",":@computed_region_6mkv_f3dw":"21849",":@computed_region_vrxf_vc4k":"13",":@computed_region_bdys_3d7i":"167",":@computed_region_43wa_7qmu":"38",":@computed_region_rpca_8um6":"20",":@computed_region_8hcu_yrd4":"39"}},
{"type":"Feature","geometry":{"type":"Point","coordinates":[-87.62599,41.87801]},"properties":{"id":"2148486988012384726","station_name":"Wabash Ave & Jackson Blvd","short_name":"CHI02168","total_docks":"15","docks_in_service":"15","status":"In Service","latitude":"41.87801","longitude":"-87.62599",":id":"row-4g56_th8f-i4nb",":version":"rv-7teq~yu8g.ivd7",":created_at":"2026-01-22T12:00:26.177Z",":updated_at":"2026-01-22T12:00:28.342Z",":@computed_region_awaf_s7ux":"48",":@computed_region_6mkv_f3dw":"14912",":@computed_region_vrxf_vc4k":"38",":@computed_region_bdys_3d7i":"367",":@computed_region_43wa_7qmu":"36",":@computed_region_rpca_8um6":"29",":@computed_region_8hcu_yrd4":"34"}},
{"type":"Feature","geometry":{"type":"Point","coordinates":[-87.703467,41.794357]},"properties":{"id":"1963359453732131538","station_name":"Kedzie Ave & 54th Pl","short_name":"CHI01919","total_docks":"11","docks_in_service":"11","status":"In Service","latitude":"41.794357","longitude":"-87.703467",":id":"row-b8cf_df5k_5r3k",":version":"rv-5i8e~66n3-thkj",":created_at":"2025-12-22T12:00:15.754Z",":updated_at":"2025-12-22T12:00:22.236Z",":@computed_region_awaf_s7ux":"49",":@computed_region_6mkv_f3dw":"22248",":@computed_region_vrxf_vc4k":"61",":@computed_region_bdys_3d7i":"777",":@computed_region_43wa_7qmu":"8",":@computed_region_rpca_8um6":"56",":@computed_region_8hcu_yrd4":"14"}},
{"type":"Feature","geometry":{"type":"Point","coordinates":[-87.6348193497,41.81620767856]},"properties":{"id":"a3ad37c2-a135-11e9-9cda-0a87ae2ba916","station_name":"Shields Ave & 43rd St","short_name":"CHI02047","total_docks":"11","docks_in_service":"11","status":"In Service","latitude":"41.8162076786","longitude":"-87.6348193497",":id":"row-fcpd~ps83-wf2e",":version":"rv-w94j_trmv-t4ik",":created_at":"2026-01-30T12:02:27.964Z",":updated_at":"2026-01-30T12:02:29.655Z",":@computed_region_awaf_s7ux":"12",":@computed_region_6mkv_f3dw":"14924",":@computed_region_vrxf_vc4k":"3",":@computed_region_bdys_3d7i":"189",":@computed_region_43wa_7qmu":"9",":@computed_region_rpca_8um6":"37",":@computed_region_8hcu_yrd4":"8"}},
{"type":"Feature","geometry":{"type":"Point","coordinates":[-87.6194124619,41.81665889302]},"properties":{"id":"a3ad3d08-a135-11e9-9cda-0a87ae2ba916","station_name":"Prairie Ave & 43rd St","short_name":"CHI00545","total_docks":"15","docks_in_service":"15","status":"In Service","latitude":"41.816658893","longitude":"-87.6194124619",":id":"row-33fa-dm5d_f9s7",":version":"rv-yb5b~vp5i.wkfp",":created_at":"2026-02-05T12:00:19.477Z",":updated_at":"2026-02-05T12:00:28.710Z",":@computed_region_awaf_s7ux":"12",":@computed_region_6mkv_f3dw":"4301",":@computed_region_vrxf_vc4k":"4",":@computed_region_bdys_3d7i":"163",":@computed_region_43wa_7qmu":"9",":@computed_region_rpca_8um6":"36",":@computed_region_8hcu_yrd4":"8"}},
{"type":"Feature","geometry":{"type":"Point","coordinates":[-87.686152,42.064313]},"properties":{"id":"a3b300d3-a135-11e9-9cda-0a87ae2ba916","station_name":"Central St & Girard Ave","short_name":"CHI02042","total_docks":"15","docks_in_service":"15","status":"In Service","latitude":"42.064313","longitude":"-87.686152",":id":"row-w9uv-ikua-5gfq",":version":"rv-bnmu~awqy-cw9h",":created_at":"2025-06-14T11:00:19.984Z",":updated_at":"2025-06-14T11:00:25.292Z",":@computed_region_awaf_s7ux":null,":@computed_region_6mkv_f3dw":"26293",":@computed_region_vrxf_vc4k":null,":@computed_region_bdys_3d7i":null,":@computed_region_43wa_7qmu":null,":@computed_region_rpca_8um6":null,":@computed_region_8hcu_yrd4":null}},
{"type":"Feature","geometry":{"type":"Point","coordinates":[-87.7061278837,41.89546530305]},"properties":{"id":"a3ac9834-a135-11e9-9cda-0a87ae2ba916","station_name":"Kedzie Ave & Chicago Ave","short_name":"CHI00657","total_docks":"11","docks_in_service":"11","status":"In Service","latitude":"41.8954653031","longitude":"-87.7061278837",":id":"row-afbx-rtjx_qtev",":version":"rv-84iw.79et.c55z",":created_at":"2026-02-05T12:00:19.477Z",":updated_at":"2026-02-05T12:00:28.710Z",":@computed_region_awaf_s7ux":"41",":@computed_region_6mkv_f3dw":"21560",":@computed_region_vrxf_vc4k":"24",":@computed_region_bdys_3d7i":"177",":@computed_region_43wa_7qmu":"46",":@computed_region_rpca_8um6":"28",":@computed_region_8hcu_yrd4":"27"}},
{"type":"Feature","geometry":{"type":"Point","coordinates":[-87.63121,41.75797]},"properties":{"id":"a3b2513d-a135-11e9-9cda-0a87ae2ba916","station_name":"Vincennes Ave & 75th St","short_name":"CHI00689","total_docks":"7","docks_in_service":"7","status":"In Service","latitude":"41.75797","longitude":"-87.63121",":id":"row-a3yg-s28u_t6e6",":version":"rv-nfg5.zrjt-a8tm",":created_at":"2026-01-30T12:02:27.964Z",":updated_at":"2026-01-30T12:02:29.655Z",":@computed_region_awaf_s7ux":"17",":@computed_region_6mkv_f3dw":"21554",":@computed_region_vrxf_vc4k":"67",":@computed_region_bdys_3d7i":"495",":@computed_region_43wa_7qmu":"32",":@computed_region_rpca_8um6":"59",":@computed_region_8hcu_yrd4":"4"}},
{"type":"Feature","geometry":{"type":"Point","coordinates":[-87.64125533402,41.830707051441]},"properties":{"id":"a3a9b6e9-a135-11e9-9cda-0a87ae2ba916","station_name":"Wallace St & 35th St","short_name":"CHI00387","total_docks":"15","docks_in_service":"15","status":"In Service","latitude":"41.8307070514","longitude":"-87.641255334",":id":"row-cmr2.egbf_bcmh",":version":"rv-agfn-2exu_ur7c",":created_at":"2026-01-12T12:00:27.725Z",":updated_at":"2026-01-12T12:00:29.487Z",":@computed_region_awaf_s7ux":"26",":@computed_region_6mkv_f3dw":"14924",":@computed_region_vrxf_vc4k":"58",":@computed_region_bdys_3d7i":"172",":@computed_region_43wa_7qmu":"48",":@computed_region_rpca_8um6":"37",":@computed_region_8hcu_yrd4":"7"}},
{"type":"Feature","geometry":{"type":"Point","coordinates":[-87.72121,41.85909]},"properties":{"id":"1984756450139626426","station_name":"Avers Ave & 16th St","short_name":"CHI01908","total_docks":"8","docks_in_service":"8","status":"In Service","latitude":"41.85909","longitude":"-87.72121",":id":"row-inbp~xivj-59cb",":version":"rv-ppkw~th4g_pgkv",":created_at":"2026-01-30T12:02:27.964Z",":updated_at":"2026-01-30T12:02:29.655Z",":@computed_region_awaf_s7ux":"36",":@computed_region_6mkv_f3dw":"21569",":@computed_region_vrxf_vc4k":"30",":@computed_region_bdys_3d7i":"33",":@computed_region_43wa_7qmu":"14",":@computed_region_rpca_8um6":"57",":@computed_region_8hcu_yrd4":"24"}},
{"type":"Feature","geometry":{"type":"Point","coordinates":[-87.7583844,41.9533354]},"properties":{"id":"1929121088624564460","station_name":"Laramie Ave & Irving Park Rd","short_name":"CHI01771","total_docks":"15","docks_in_service":"15","status":"In Service","latitude":"41.9533354","longitude":"-87.7583844",":id":"row-z47z~xebe.kni6",":version":"rv-5zu8.xhaa-9ueh",":created_at":"2025-06-14T11:00:19.984Z",":updated_at":"2025-06-14T11:00:25.292Z",":@computed_region_awaf_s7ux":"25",":@computed_region_6mkv_f3dw":"22618",":@computed_region_vrxf_vc4k":"15",":@computed_region_bdys_3d7i":"260",":@computed_region_43wa_7qmu":"19",":@computed_region_rpca_8um6":"21",":@computed_region_8hcu_yrd4":"38"}},
{"type":"Feature","geometry":{"type":"Point","coordinates":[-87.774453,41.880281]},"properties":{"id":"a3b1d532-a135-11e9-9cda-0a87ae2ba916","station_name":"Austin Blvd & Madison St","short_name":"CHI00596","total_docks":"11","docks_in_service":"11","status":"In Service","latitude":"41.880281","longitude":"-87.774453",":id":"row-n45z-9dh8_xhjz",":version":"rv-v89z_87dp_tp4g",":created_at":"2025-06-14T11:00:19.984Z",":updated_at":"2025-06-14T11:00:25.292Z",":@computed_region_awaf_s7ux":"52",":@computed_region_6mkv_f3dw":"22216",":@computed_region_vrxf_vc4k":"26",":@computed_region_bdys_3d7i":"618",":@computed_region_43wa_7qmu":"7",":@computed_region_rpca_8um6":"32",":@computed_region_8hcu_yrd4":"29"}},
{"type":"Feature","geometry":{"type":"Point","coordinates":[-87.666215,41.786833]},"properties":{"id":"a3b22815-a135-11e9-9cda-0a87ae2ba916","station_name":"Marshfield Ave & 59th St","short_name":"CHI01045","total_docks":"11","docks_in_service":"11","status":"In Service","latitude":"41.786833","longitude":"-87.666215",":id":"row-tkpa-83dn~jaiv",":version":"rv-xg83-7muv.tifr",":created_at":"2026-01-30T12:02:27.964Z",":updated_at":"2026-01-30T12:02:29.655Z",":@computed_region_awaf_s7ux":"44",":@computed_region_6mkv_f3dw":"22257",":@computed_region_vrxf_vc4k":"65",":@computed_region_bdys_3d7i":"385",":@computed_region_43wa_7qmu":"2",":@computed_region_rpca_8um6":"23",":@computed_region_8hcu_yrd4":"16"}},
{"type":"Feature","geometry":{"type":"Point","coordinates":[-87.71057,41.78589]},"properties":{"id":"1936552461714393094","station_name":"St Louis Ave & 59th St","short_name":"CHI01851","total_docks":"15","docks_in_service":"15","status":"In Service","latitude":"41.78589","longitude":"-87.71057",":id":"row-jqwy_pbzn-amyh",":version":"rv-8ah6_2vqz-w57g",":created_at":"2025-12-13T12:00:23.484Z",":updated_at":"2025-12-13T12:00:24.894Z",":@computed_region_awaf_s7ux":"19",":@computed_region_6mkv_f3dw":"21867",":@computed_region_vrxf_vc4k":"64",":@computed_region_bdys_3d7i":"344",":@computed_region_43wa_7qmu":"6",":@computed_region_rpca_8um6":"58",":@computed_region_8hcu_yrd4":"14"}},
{"type":"Feature","geometry":{"type":"Point","coordinates":[-87.5764501141,41.76663823695]},"properties":{"id":"a3a3983e-a135-11e9-9cda-0a87ae2ba916","station_name":"Jeffery Blvd & 71st St","short_name":"CHI00780","total_docks":"11","docks_in_service":"11","status":"In Service","latitude":"41.766638237","longitude":"-87.5764501141",":id":"row-eud9_hvem~vx93",":version":"rv-r96j~iw3s~mgsv",":created_at":"2026-01-30T12:02:27.964Z",":updated_at":"2026-01-30T12:02:29.655Z",":@computed_region_awaf_s7ux":"32",":@computed_region_6mkv_f3dw":"22538",":@computed_region_vrxf_vc4k":"39",":@computed_region_bdys_3d7i":"381",":@computed_region_43wa_7qmu":"33",":@computed_region_rpca_8um6":"24",":@computed_region_8hcu_yrd4":"3"}},
{"type":"Feature","geometry":{"type":"Point","coordinates":[-87.698224,42.048308]},"properties":{"id":"a3b2f698-a135-11e9-9cda-0a87ae2ba916","station_name":"Dodge Ave & Church St","short_name":"CHI00741","total_docks":"15","docks_in_service":"15","status":"In Service","latitude":"42.048308","longitude":"-87.698224",":id":"row-x46u_yktj~j5m7",":version":"rv-e49d-capm.5yq9",":created_at":"2025-06-14T11:00:19.984Z",":updated_at":"2025-06-14T11:00:25.292Z",":@computed_region_awaf_s7ux":null,":@computed_region_6mkv_f3dw":"26293",":@computed_region_vrxf_vc4k":null,":@computed_region_bdys_3d7i":null,":@computed_region_43wa_7qmu":null,":@computed_region_rpca_8um6":null,":@computed_region_8hcu_yrd4":null}},
{"type":"Feature","geometry":{"type":"Point","coordinates":[-87.7018089555,41.91751339399]},"properties":{"id":"a3b029be-a135-11e9-9cda-0a87ae2ba916","station_name":"Humboldt Blvd & Armitage Ave","short_name":"CHI00636","total_docks":"19","docks_in_service":"19","status":"In Service","latitude":"41.917513394","longitude":"-87.7018089555",":id":"row-hp72-mnhp~hrgf",":version":"rv-sq3c-pqhn.d9p9",":created_at":"2025-12-28T12:02:30.178Z",":updated_at":"2025-12-28T12:02:36.842Z",":@computed_region_awaf_s7ux":"15",":@computed_region_6mkv_f3dw":"22535",":@computed_region_vrxf_vc4k":"23",":@computed_region_bdys_3d7i":"322",":@computed_region_43wa_7qmu":"41",":@computed_region_rpca_8um6":"1",":@computed_region_8hcu_yrd4":"1"}},
{"type":"Feature","geometry":{"type":"Point","coordinates":[-87.666058,42.012701]},"properties":{"id":"a3b0fae6-a135-11e9-9cda-0a87ae2ba916","station_name":"Glenwood Ave & Touhy Ave","short_name":"CHI01143","total_docks":"15","docks_in_service":"15","status":"In Service","latitude":"42.012701","longitude":"-87.666058",":id":"row-dsu7_qddi~bzg3",":version":"rv-q8xh.7x7n.mdsu",":created_at":"2026-01-30T12:02:27.964Z",":updated_at":"2026-01-30T12:02:29.655Z",":@computed_region_awaf_s7ux":"3",":@computed_region_6mkv_f3dw":"21853",":@computed_region_vrxf_vc4k":"10",":@computed_region_bdys_3d7i":"358",":@computed_region_43wa_7qmu":"5",":@computed_region_rpca_8um6":"9",":@computed_region_8hcu_yrd4":"49"}},
{"type":"Feature","geometry":{"type":"Point","coordinates":[-87.622072,41.890573]},"properties":{"id":"a3a790cc-a135-11e9-9cda-0a87ae2ba916","station_name":"Cityfront Plaza Dr & Pioneer Ct","short_name":"CHI00483","total_docks":"31","docks_in_service":"31","status":"In Service","latitude":"41.890573","longitude":"-87.622072",":id":"row-v59i_rvvi_fvtq",":version":"rv-kxmi_ag9f.v89s",":created_at":"2026-02-16T12:00:25.970Z",":updated_at":"2026-02-16T12:00:28.973Z",":@computed_region_awaf_s7ux":"22",":@computed_region_6mkv_f3dw":"21182",":@computed_region_vrxf_vc4k":"37",":@computed_region_bdys_3d7i":"159",":@computed_region_43wa_7qmu":"36",":@computed_region_rpca_8um6":"6",":@computed_region_8hcu_yrd4":"42"}},
{"type":"Feature","geometry":{"type":"Point","coordinates":[-87.706134,41.877161]},"properties":{"id":"2142960195123685888","station_name":"Kedzie Ave & Jackson Blvd","short_name":"CHI02159","total_docks":"15","docks_in_service":"15","status":"In Service","latitude":"41.877161","longitude":"-87.706134",":id":"row-xkn7.4u85~p2yn",":version":"rv-g6vw-ty8r.aqhe",":created_at":"2025-12-25T12:00:19.571Z",":updated_at":"2025-12-25T12:00:24.825Z",":@computed_region_awaf_s7ux":"11",":@computed_region_6mkv_f3dw":"21572",":@computed_region_vrxf_vc4k":"28",":@computed_region_bdys_3d7i":"765",":@computed_region_43wa_7qmu":"23",":@computed_region_rpca_8um6":"30",":@computed_region_8hcu_yrd4":"28"}},
{"type":"Feature","geometry":{"type":"Point","coordinates":[-87.747315,41.942427]},"properties":{"id":"1887668523852444498","station_name":"Cicero Ave & Roscoe Ave","short_name":"CHI01801","total_docks":"11","docks_in_service":"11","status":"In Service","latitude":"41.942427","longitude":"-87.747315",":id":"row-dqn7_rnt3~avz5",":version":"rv-78za_icwj~sey8",":created_at":"2025-06-14T11:00:19.984Z",":updated_at":"2025-06-14T11:00:25.292Z",":@computed_region_awaf_s7ux":"25",":@computed_region_6mkv_f3dw":"22618",":@computed_region_vrxf_vc4k":"15",":@computed_region_bdys_3d7i":"115",":@computed_region_43wa_7qmu":"17",":@computed_region_rpca_8um6":"21",":@computed_region_8hcu_yrd4":"31"}},
{"type":"Feature","geometry":{"type":"Point","coordinates":[-87.599383,41.809835]},"properties":{"id":"a3a93622-a135-11e9-9cda-0a87ae2ba916","station_name":"Greenwood Ave & 47th St","short_name":"CHI00422","total_docks":"15","docks_in_service":"15","status":"In Service","latitude":"41.809835","longitude":"-87.599383",":id":"row-epuu_ze9b~9yhe",":version":"rv-qnh8.zgp4~ef59",":created_at":"2026-01-04T12:02:37.701Z",":updated_at":"2026-01-04T12:02:43.041Z",":@computed_region_awaf_s7ux":"1",":@computed_region_6mkv_f3dw":"4301",":@computed_region_vrxf_vc4k":"5",":@computed_region_bdys_3d7i":"395",":@computed_region_43wa_7qmu":"10",":@computed_region_rpca_8um6":"36",":@computed_region_8hcu_yrd4":"9"}},
{"type":"Feature","geometry":{"type":"Point","coordinates":[-87.658971,41.928887]},"properties":{"id":"a3ab8bee-a135-11e9-9cda-0a87ae2ba916","station_name":"Racine Ave & Wrightwood Ave","short_name":"CHI00506","total_docks":"15","docks_in_service":"15","status":"In Service","latitude":"41.928887","longitude":"-87.658971",":id":"row-abyg-7b7c.ua3e",":version":"rv-cb2b-ye2q~cudy",":created_at":"2026-01-04T12:02:37.701Z",":updated_at":"2026-01-04T12:02:43.041Z",":@computed_region_awaf_s7ux":"16",":@computed_region_6mkv_f3dw":"21190",":@computed_region_vrxf_vc4k":"68",":@computed_region_bdys_3d7i":"796",":@computed_region_43wa_7qmu":"34",":@computed_region_rpca_8um6":"16",":@computed_region_8hcu_yrd4":"32"}},
{"type":"Feature","geometry":{"type":"Point","coordinates":[-87.703333302682,41.862802837444]},"properties":{"id":"1967731401884924158","station_name":"Albany Ave & Douglas Blvd","short_name":"CHI01869","total_docks":"15","docks_in_service":"15","status":"In Service","latitude":"41.8628028374","longitude":"-87.7033333027",":id":"row-ttwe_2mz4_5mhk",":version":"rv-nj5j-nzex~33r3",":created_at":"2025-09-30T11:00:15.649Z",":updated_at":"2025-09-30T11:00:22.320Z",":@computed_region_awaf_s7ux":"36",":@computed_region_6mkv_f3dw":"21569",":@computed_region_vrxf_vc4k":"30",":@computed_region_bdys_3d7i":"132",":@computed_region_43wa_7qmu":"14",":@computed_region_rpca_8um6":"57",":@computed_region_8hcu_yrd4":"24"}},
{"type":"Feature","geometry":{"type":"Point","coordinates":[-87.655618,41.907221]},"properties":{"id":"a3b4afb6-a135-11e9-9cda-0a87ae2ba916","station_name":"Cherry Ave & Blackhawk St","short_name":"CHI00718","total_docks":"15","docks_in_service":"15","status":"In Service","latitude":"41.907221","longitude":"-87.655618",":id":"row-9nkj-hep9_fvzp",":version":"rv-qim5.zasq.ewzj",":created_at":"2025-06-14T11:00:19.984Z",":updated_at":"2025-06-14T11:00:25.292Z",":@computed_region_awaf_s7ux":"16",":@computed_region_6mkv_f3dw":"22620",":@computed_region_vrxf_vc4k":"37",":@computed_region_bdys_3d7i":"108",":@computed_region_43wa_7qmu":"46",":@computed_region_rpca_8um6":"49",":@computed_region_8hcu_yrd4":"27"}},
{"type":"Feature","geometry":{"type":"Point","coordinates":[-87.622843980789,41.743359762253]},"properties":{"id":"a3b2b419-a135-11e9-9cda-0a87ae2ba916","station_name":"Wabash Ave & 83rd St","short_name":"CHI00729","total_docks":"11","docks_in_service":"11","status":"In Service","latitude":"41.7433597623","longitude":"-87.6228439808",":id":"row-n55u_an7p_s3wd",":version":"rv-3wwz-qm9s-sxrg",":created_at":"2026-01-09T12:02:30.381Z",":updated_at":"2026-01-09T12:02:34.419Z",":@computed_region_awaf_s7ux":"31",":@computed_region_6mkv_f3dw":"21546",":@computed_region_vrxf_vc4k":"40",":@computed_region_bdys_3d7i":"406",":@computed_region_43wa_7qmu":"32",":@computed_region_rpca_8um6":"61",":@computed_region_8hcu_yrd4":"4"}},
{"type":"Feature","geometry":{"type":"Point","coordinates":[-87.63732,41.88454]},"properties":{"id":"2133966431192650344","station_name":"Wacker Dr & Randolph St","short_name":"CHI02140","total_docks":"24","docks_in_service":"24","status":"In Service","latitude":"41.88454","longitude":"-87.63732",":id":"row-iz8r-7ebn~y29b",":version":"rv-xc7y~ipv3-ea2k",":created_at":"2026-01-09T12:02:30.381Z",":updated_at":"2026-01-09T12:02:34.419Z",":@computed_region_awaf_s7ux":"22",":@computed_region_6mkv_f3dw":"14914",":@computed_region_vrxf_vc4k":"38",":@computed_region_bdys_3d7i":"92",":@computed_region_43wa_7qmu":"36",":@computed_region_rpca_8um6":"46",":@computed_region_8hcu_yrd4":"42"}},
{"type":"Feature","geometry":{"type":"Point","coordinates":[-87.78491,41.9095]},"properties":{"id":"2012672652900879218","station_name":"Narragansett Ave & North Ave","short_name":"CHI01920","total_docks":"12","docks_in_service":"12","status":"In Service","latitude":"41.9095","longitude":"-87.78491",":id":"row-v8t9-6yjs-stuq",":version":"rv-g53c.e5gc-9wch",":created_at":"2025-06-14T11:00:19.984Z",":updated_at":"2025-06-14T11:00:25.292Z",":@computed_region_awaf_s7ux":"52",":@computed_region_6mkv_f3dw":"22615",":@computed_region_vrxf_vc4k":"26",":@computed_region_bdys_3d7i":"597",":@computed_region_43wa_7qmu":"7",":@computed_region_rpca_8um6":"2",":@computed_region_8hcu_yrd4":"29"}},
{"type":"Feature","geometry":{"type":"Point","coordinates":[-87.644899785519,41.737848476733]},"properties":{"id":"d6456ded-180b-4d6e-b020-3aa80bce5c2c","station_name":"Green St & 86th St","short_name":"CHI00728","total_docks":"15","docks_in_service":"15","status":"In Service","latitude":"41.7378484767","longitude":"-87.6448997855",":id":"row-7mv9-qjcp_nzbb",":version":"rv-ejis~bczp-jdr5",":created_at":"2025-11-07T12:00:25.054Z",":updated_at":"2025-11-07T12:00:28.480Z",":@computed_region_awaf_s7ux":"18",":@computed_region_6mkv_f3dw":"21554",":@computed_region_vrxf_vc4k":"70",":@computed_region_bdys_3d7i":"530",":@computed_region_43wa_7qmu":"13",":@computed_region_rpca_8um6":"59",":@computed_region_8hcu_yrd4":"17"}},
{"type":"Feature","geometry":{"type":"Point","coordinates":[-87.658410072327,41.741486528618]},"properties":{"id":"e63300bd-4ca3-4255-adfd-522289d68b8a","station_name":"Loomis Blvd & 84th St","short_name":"CHI00875","total_docks":"15","docks_in_service":"15","status":"In Service","latitude":"41.7414865286","longitude":"-87.6584100723",":id":"row-nxqz-y47n.k6cf",":version":"rv-6k6g_v4hb_9trm",":created_at":"2025-06-14T11:00:19.984Z",":updated_at":"2025-06-14T11:00:25.292Z",":@computed_region_awaf_s7ux":"18",":@computed_region_6mkv_f3dw":"21554",":@computed_region_vrxf_vc4k":"70",":@computed_region_bdys_3d7i":"531",":@computed_region_43wa_7qmu":"13",":@computed_region_rpca_8um6":"59",":@computed_region_8hcu_yrd4":"18"}},
{"type":"Feature","geometry":{"type":"Point","coordinates":[-87.664358,41.954177]},"properties":{"id":"a3aa8ca0-a135-11e9-9cda-0a87ae2ba916","station_name":"Southport Ave & Irving Park Rd","short_name":"CHI00481","total_docks":"15","docks_in_service":"15","status":"In Service","latitude":"41.954177","longitude":"-87.664358",":id":"row-6cxv_yibc-r37s",":version":"rv-iud5-kh9m~iryd",":created_at":"2026-01-22T12:00:26.177Z",":updated_at":"2026-01-22T12:00:28.342Z",":@computed_region_awaf_s7ux":"13",":@computed_region_6mkv_f3dw":"21186",":@computed_region_vrxf_vc4k":"57",":@computed_region_bdys_3d7i":"724",":@computed_region_43wa_7qmu":"18",":@computed_region_rpca_8um6":"53",":@computed_region_8hcu_yrd4":"46"}},
{"type":"Feature","geometry":{"type":"Point","coordinates":[-87.64322,41.9066]},"properties":{"id":"2116533844391069994","station_name":"Larrabee St & Clybourn Ave","short_name":"CHI02096","total_docks":"15","docks_in_service":"15","status":"In Service","latitude":"41.9066","longitude":"-87.64322",":id":"row-kygs_n4qf~7at2",":version":"rv-9s5g_92n7.k9ai",":created_at":"2025-11-18T12:02:29.451Z",":updated_at":"2025-11-18T12:03:04.071Z",":@computed_region_awaf_s7ux":"51",":@computed_region_6mkv_f3dw":"14926",":@computed_region_vrxf_vc4k":"37",":@computed_region_bdys_3d7i":"309",":@computed_region_43wa_7qmu":"46",":@computed_region_rpca_8um6":"54",":@computed_region_8hcu_yrd4":"27"}},
{"type":"Feature","geometry":{"type":"Point","coordinates":[-87.685854,41.907781]},"properties":{"id":"a3a6de38-a135-11e9-9cda-0a87ae2ba916","station_name":"Claremont Ave & Hirsch St","short_name":"CHI00404","total_docks":"11","docks_in_service":"11","status":"In Service","latitude":"41.907781","longitude":"-87.685854",":id":"row-5pb3_bebg~8z3g",":version":"rv-zmyg_imbj~zm47",":created_at":"2025-12-09T12:00:16.990Z",":updated_at":"2025-12-09T12:00:24.068Z",":@computed_region_awaf_s7ux":"24",":@computed_region_6mkv_f3dw":"21560",":@computed_region_vrxf_vc4k":"25",":@computed_region_bdys_3d7i":"516",":@computed_region_43wa_7qmu":"41",":@computed_region_rpca_8um6":"4",":@computed_region_8hcu_yrd4":"1"}},
{"type":"Feature","geometry":{"type":"Point","coordinates":[-87.616917925,41.76550800581]},"properties":{"id":"a3acea44-a135-11e9-9cda-0a87ae2ba916","station_name":"Calumet Ave & 71st St","short_name":"CHI00293","total_docks":"11","docks_in_service":"11","status":"In Service","latitude":"41.7655080058","longitude":"-87.616917925",":id":"row-gy8t-usks-2e7p",":version":"rv-n79z.hwjg-65ms",":created_at":"2025-06-14T11:00:19.984Z",":updated_at":"2025-06-14T11:00:25.292Z",":@computed_region_awaf_s7ux":"31",":@computed_region_6mkv_f3dw":"21546",":@computed_region_vrxf_vc4k":"67",":@computed_region_bdys_3d7i":"474",":@computed_region_43wa_7qmu":"32",":@computed_region_rpca_8um6":"61",":@computed_region_8hcu_yrd4":"4"}},
{"type":"Feature","geometry":{"type":"Point","coordinates":[-87.720028,41.764484]},"properties":{"id":"1861594737501366386","station_name":"Springfield Ave & 71st St","short_name":"CHI01796","total_docks":"15","docks_in_service":"15","status":"In Service","latitude":"41.764484","longitude":"-87.720028",":id":"row-3d43-hvim~b7yg",":version":"rv-6yvb.7iap_cvw8",":created_at":"2025-06-14T11:00:19.984Z",":updated_at":"2025-06-14T11:00:25.292Z",":@computed_region_awaf_s7ux":"23",":@computed_region_6mkv_f3dw":"21867",":@computed_region_vrxf_vc4k":"63",":@computed_region_bdys_3d7i":"317",":@computed_region_43wa_7qmu":"15",":@computed_region_rpca_8um6":"58",":@computed_region_8hcu_yrd4":"23"}},
{"type":"Feature","geometry":{"type":"Point","coordinates":[-87.53542,41.71982]},"properties":{"id":"1988470939730348720","station_name":"Ewing Ave & 97th St","short_name":"CHI01991","total_docks":"15","docks_in_service":"15","status":"In Service","latitude":"41.71982","longitude":"-87.53542",":id":"row-mfe4.t87w-tbx7",":version":"rv-q296-qzkg_diu4",":created_at":"2025-06-14T11:00:19.984Z",":updated_at":"2025-06-14T11:00:25.292Z",":@computed_region_awaf_s7ux":"47",":@computed_region_6mkv_f3dw":"21202",":@computed_region_vrxf_vc4k":"49",":@computed_region_bdys_3d7i":"528",":@computed_region_43wa_7qmu":"47",":@computed_region_rpca_8um6":"25",":@computed_region_8hcu_yrd4":"6"}},
{"type":"Feature","geometry":{"type":"Point","coordinates":[-87.654372,41.783189]},"properties":{"id":"a3b23263-a135-11e9-9cda-0a87ae2ba916","station_name":"Racine Ave & 61st St","short_name":"CHI00704","total_docks":"11","docks_in_service":"11","status":"In Service","latitude":"41.783189","longitude":"-87.654372",":id":"row-w4jf-mkcy-936n",":version":"rv-rwf5~9gim_7xqp",":created_at":"2025-06-14T11:00:19.984Z",":updated_at":"2025-06-14T11:00:25.292Z",":@computed_region_awaf_s7ux":"19",":@computed_region_6mkv_f3dw":"22257",":@computed_region_vrxf_vc4k":"66",":@computed_region_bdys_3d7i":"434",":@computed_region_43wa_7qmu":"2",":@computed_region_rpca_8um6":"11",":@computed_region_8hcu_yrd4":"16"}},
{"type":"Feature","geometry":{"type":"Point","coordinates":[-87.68844,41.96572]},"properties":{"id":"a3a866a5-a135-11e9-9cda-0a87ae2ba916","station_name":"Western Ave & Leland Ave","short_name":"CHI00435","total_docks":"19","docks_in_service":"19","status":"In Service","latitude":"41.96572","longitude":"-87.68844",":id":"row-59nz~r7kw-2v63",":version":"rv-rhrh-2sxs_5wcp",":created_at":"2026-01-22T12:00:26.177Z",":updated_at":"2026-01-22T12:00:28.342Z",":@computed_region_awaf_s7ux":"13",":@computed_region_6mkv_f3dw":"21849",":@computed_region_vrxf_vc4k":"6",":@computed_region_bdys_3d7i":"665",":@computed_region_43wa_7qmu":"18",":@computed_region_rpca_8um6":"20",":@computed_region_8hcu_yrd4":"47"}},
{"type":"Feature","geometry":{"type":"Point","coordinates":[-87.69309,41.92033]},"properties":{"id":"a3a80f32-a135-11e9-9cda-0a87ae2ba916","station_name":"Milwaukee Ave & Rockwell St","short_name":"CHI00289","total_docks":"19","docks_in_service":"19","status":"In Service","latitude":"41.92033","longitude":"-87.69309",":id":"row-rdq5.kwbj_ax5s",":version":"rv-c9tv-meyd_jpne",":created_at":"2025-12-28T12:02:30.178Z",":updated_at":"2025-12-28T12:02:36.842Z",":@computed_region_awaf_s7ux":"24",":@computed_region_6mkv_f3dw":"22535",":@computed_region_vrxf_vc4k":"23",":@computed_region_bdys_3d7i":"294",":@computed_region_43wa_7qmu":"41",":@computed_region_rpca_8um6":"1",":@computed_region_8hcu_yrd4":"1"}},
{"type":"Feature","geometry":{"type":"Point","coordinates":[-87.637536,41.898203]},"properties":{"id":"a3b35e21-a135-11e9-9cda-0a87ae2ba916","station_name":"Orleans St & Chestnut St (NEXT Apts)","short_name":"CHI01251","total_docks":"15","docks_in_service":"15","status":"In Service","latitude":"41.898203","longitude":"-87.637536",":id":"row-4y2t_v22s~v9uz",":version":"rv-zrmq-khra~e45w",":created_at":"2026-01-08T12:00:18.555Z",":updated_at":"2026-01-08T12:00:22.540Z",":@computed_region_awaf_s7ux":"41",":@computed_region_6mkv_f3dw":"14926",":@computed_region_vrxf_vc4k":"37",":@computed_region_bdys_3d7i":"652",":@computed_region_43wa_7qmu":"46",":@computed_region_rpca_8um6":"54",":@computed_region_8hcu_yrd4":"2"}},
{"type":"Feature","geometry":{"type":"Point","coordinates":[-87.68888,41.79031]},"properties":{"id":"1936560522747919086","station_name":"Rockwell St & 57th St","short_name":"CHI01877","total_docks":"15","docks_in_service":"15","status":"In Service","latitude":"41.79031","longitude":"-87.68888",":id":"row-knw7.d6xq-bmxv",":version":"rv-mzgp.jznv-dekf",":created_at":"2025-06-14T11:00:19.984Z",":updated_at":"2025-06-14T11:00:25.292Z",":@computed_region_awaf_s7ux":"19",":@computed_region_6mkv_f3dw":"21867",":@computed_region_vrxf_vc4k":"61",":@computed_region_bdys_3d7i":"112",":@computed_region_43wa_7qmu":"3",":@computed_region_rpca_8um6":"58",":@computed_region_8hcu_yrd4":"15"}},
{"type":"Feature","geometry":{"type":"Point","coordinates":[-87.6078521774,41.79156801058]},"properties":{"id":"a3ad7b51-a135-11e9-9cda-0a87ae2ba916","station_name":"DuSable Museum","short_name":"CHI00586","total_docks":"11","docks_in_service":"11","status":"In Service","latitude":"41.7915680106","longitude":"-87.6078521774",":id":"row-df7x_uikv_tmnn",":version":"rv-yktg_sd2b-u5wr",":created_at":"2025-12-09T12:00:16.990Z",":updated_at":"2025-12-09T12:00:24.068Z",":@computed_region_awaf_s7ux":"53",":@computed_region_6mkv_f3dw":"22260",":@computed_region_vrxf_vc4k":"7",":@computed_region_bdys_3d7i":"401",":@computed_region_43wa_7qmu":"4",":@computed_region_rpca_8um6":"60",":@computed_region_8hcu_yrd4":"20"}},
{"type":"Feature","geometry":{"type":"Point","coordinates":[-87.71587,41.86235]},"properties":{"id":"1936560950769470316","station_name":"Central Park Ave & Douglas Blvd","short_name":"CHI01821","total_docks":"15","docks_in_service":"15","status":"In Service","latitude":"41.86235","longitude":"-87.71587",":id":"row-h8by.88mi-9vtd",":version":"rv-is5p_8ses-br6x",":created_at":"2026-01-30T12:02:27.964Z",":updated_at":"2026-01-30T12:02:29.655Z",":@computed_region_awaf_s7ux":"36",":@computed_region_6mkv_f3dw":"21569",":@computed_region_vrxf_vc4k":"30",":@computed_region_bdys_3d7i":"33",":@computed_region_43wa_7qmu":"14",":@computed_region_rpca_8um6":"57",":@computed_region_8hcu_yrd4":"24"}},
{"type":"Feature","geometry":{"type":"Point","coordinates":[-87.6829126443,42.01213227742]},"properties":{"id":"a3af5804-a135-11e9-9cda-0a87ae2ba916","station_name":"Ridge Blvd & Touhy Ave","short_name":"CHI00793","total_docks":"11","docks_in_service":"11","status":"In Service","latitude":"42.0121322774","longitude":"-87.6829126443",":id":"row-t3j3~rxit_hj37",":version":"rv-ex2f.xni2~457u",":created_at":"2026-01-30T12:02:27.964Z",":updated_at":"2026-01-30T12:02:29.655Z",":@computed_region_awaf_s7ux":"3",":@computed_region_6mkv_f3dw":"22528",":@computed_region_vrxf_vc4k":"10",":@computed_region_bdys_3d7i":"44",":@computed_region_43wa_7qmu":"5",":@computed_region_rpca_8um6":"12",":@computed_region_8hcu_yrd4":"49"}},
{"type":"Feature","geometry":{"type":"Point","coordinates":[-87.765469,41.887664]},"properties":{"id":"a3b11993-a135-11e9-9cda-0a87ae2ba916","station_name":"Central Ave & Lake St","short_name":"CHI00539","total_docks":"11","docks_in_service":"11","status":"In Service","latitude":"41.887664","longitude":"-87.765469",":id":"row-u7dq.zdi7_787e",":version":"rv-vxg2-pp5e~6w5m",":created_at":"2025-12-28T12:02:30.178Z",":updated_at":"2025-12-28T12:02:36.842Z",":@computed_region_awaf_s7ux":"52",":@computed_region_6mkv_f3dw":"22216",":@computed_region_vrxf_vc4k":"26",":@computed_region_bdys_3d7i":"672",":@computed_region_43wa_7qmu":"7",":@computed_region_rpca_8um6":"32",":@computed_region_8hcu_yrd4":"29"}},
{"type":"Feature","geometry":{"type":"Point","coordinates":[-87.75687,41.99722]},"properties":{"id":"2080537224276504924","station_name":"Le Mai Ave & Devon Ave","short_name":"CHI02008","total_docks":"15","docks_in_service":"15","status":"In Service","latitude":"41.99722","longitude":"-87.75687",":id":"row-2y3w-4tt8~rqh8",":version":"rv-kqtd.vy3e~d7iw",":created_at":"2025-06-14T11:00:19.984Z",":updated_at":"2025-06-14T11:00:25.292Z",":@computed_region_awaf_s7ux":"34",":@computed_region_6mkv_f3dw":"22532",":@computed_region_vrxf_vc4k":"12",":@computed_region_bdys_3d7i":"782",":@computed_region_43wa_7qmu":"38",":@computed_region_rpca_8um6":"18",":@computed_region_8hcu_yrd4":"39"}},
{"type":"Feature","geometry":{"type":"Point","coordinates":[-87.65541,41.68759]},"properties":{"id":"62cb5f1d-7dcb-4fe1-849f-d928288d73b9","station_name":"Ada St & 113th Place","short_name":"CHI00825","total_docks":"15","docks_in_service":"15","status":"In Service","latitude":"41.68759","longitude":"-87.65541",":id":"row-2hrb.p56n_eatn",":version":"rv-xf4a.kgzd_6yb3",":created_at":"2025-07-09T11:00:25.237Z",":updated_at":"2025-07-09T11:00:26.549Z",":@computed_region_awaf_s7ux":"45",":@computed_region_6mkv_f3dw":"22212",":@computed_region_vrxf_vc4k":"74",":@computed_region_bdys_3d7i":"663",":@computed_region_43wa_7qmu":"22",":@computed_region_rpca_8um6":"13",":@computed_region_8hcu_yrd4":"21"}},
{"type":"Feature","geometry":{"type":"Point","coordinates":[-87.6412,41.88281]},"properties":{"id":"a3a513e9-a135-11e9-9cda-0a87ae2ba916","station_name":"Clinton St & Washington Blvd","short_name":"CHI00509","total_docks":"27","docks_in_service":"27","status":"In Service","latitude":"41.88281","longitude":"-87.6412",":id":"row-vda6_4urt-5hm6",":version":"rv-eek8.3war-7h39",":created_at":"2026-01-27T12:02:30.998Z",":updated_at":"2026-01-27T12:02:32.589Z",":@computed_region_awaf_s7ux":"22",":@computed_region_6mkv_f3dw":"4452",":@computed_region_vrxf_vc4k":"29",":@computed_region_bdys_3d7i":"784",":@computed_region_43wa_7qmu":"36",":@computed_region_rpca_8um6":"45",":@computed_region_8hcu_yrd4":"42"}},
{"type":"Feature","geometry":{"type":"Point","coordinates":[-87.723831,41.910158]},"properties":{"id":"1867616044298100822","station_name":"Springfield Ave & North Ave","short_name":"CHI01826","total_docks":"15","docks_in_service":"15","status":"In Service","latitude":"41.910158","longitude":"-87.723831",":id":"row-75kx~yxwq_vhte",":version":"rv-rbn6.kyai~nuxc",":created_at":"2025-06-14T11:00:19.984Z",":updated_at":"2025-06-14T11:00:25.292Z",":@computed_region_awaf_s7ux":"27",":@computed_region_6mkv_f3dw":"22535",":@computed_region_vrxf_vc4k":"24",":@computed_region_bdys_3d7i":"391",":@computed_region_43wa_7qmu":"49",":@computed_region_rpca_8um6":"1",":@computed_region_8hcu_yrd4":"26"}},
{"type":"Feature","geometry":{"type":"Point","coordinates":[-87.552007000253,41.752115006333]},"properties":{"id":"a3b2905a-a135-11e9-9cda-0a87ae2ba916","station_name":"Exchange Ave & 79th St","short_name":"CHI00722","total_docks":"11","docks_in_service":"11","status":"In Service","latitude":"41.7521150063","longitude":"-87.5520070003",":id":"row-p5ds-ndye_q84w",":version":"rv-gnn3_navc.hczd",":created_at":"2026-01-30T12:02:27.964Z",":updated_at":"2026-01-30T12:02:29.655Z",":@computed_region_awaf_s7ux":"43",":@computed_region_6mkv_f3dw":"22538",":@computed_region_vrxf_vc4k":"39",":@computed_region_bdys_3d7i":"421",":@computed_region_43wa_7qmu":"37",":@computed_region_rpca_8um6":"24",":@computed_region_8hcu_yrd4":"5"}},
{"type":"Feature","geometry":{"type":"Point","coordinates":[-87.649993,41.952833]},"properties":{"id":"a3a94bc8-a135-11e9-9cda-0a87ae2ba916","station_name":"Broadway & Sheridan Rd","short_name":"CHI00476","total_docks":"19","docks_in_service":"19","status":"In Service","latitude":"41.952833","longitude":"-87.649993",":id":"row-v5aj.aehs-6mcd",":version":"rv-nkdq_ez3c-459h",":created_at":"2025-06-14T11:00:19.984Z",":updated_at":"2025-06-14T11:00:25.292Z",":@computed_region_awaf_s7ux":"37",":@computed_region_6mkv_f3dw":"21186",":@computed_region_vrxf_vc4k":"57",":@computed_region_bdys_3d7i":"83",":@computed_region_43wa_7qmu":"39",":@computed_region_rpca_8um6":"53",":@computed_region_8hcu_yrd4":"46"}},
{"type":"Feature","geometry":{"type":"Point","coordinates":[-87.673308,41.946176]},"properties":{"id":"a3aaca0e-a135-11e9-9cda-0a87ae2ba916","station_name":"Lincoln Ave & Addison St","short_name":"CHI00478","total_docks":"19","docks_in_service":"19","status":"In Service","latitude":"41.946176","longitude":"-87.673308",":id":"row-8t5q~acg6_gm7z",":version":"rv-9xtq~b67j-49qk",":created_at":"2026-02-17T12:00:20.180Z",":updated_at":"2026-02-17T12:00:23.401Z",":@computed_region_awaf_s7ux":"16",":@computed_region_6mkv_f3dw":"4449",":@computed_region_vrxf_vc4k":"57",":@computed_region_bdys_3d7i":"239",":@computed_region_43wa_7qmu":"18",":@computed_region_rpca_8um6":"22",":@computed_region_8hcu_yrd4":"47"}},
{"type":"Feature","geometry":{"type":"Point","coordinates":[-87.631,41.88301]},"properties":{"id":"2152914415572609602","station_name":"Clark St & Washington St","short_name":"CHI02173","total_docks":"15","docks_in_service":"15","status":"In Service","latitude":"41.88301","longitude":"-87.631",":id":"row-ihfd.k68y-mdxg",":version":"rv-mcrr-8433-p9mv",":created_at":"2026-02-09T12:11:17.682Z",":updated_at":"2026-02-09T12:11:25.723Z",":@computed_region_awaf_s7ux":"22",":@computed_region_6mkv_f3dw":"14310",":@computed_region_vrxf_vc4k":"38",":@computed_region_bdys_3d7i":"92",":@computed_region_43wa_7qmu":"36",":@computed_region_rpca_8um6":"41",":@computed_region_8hcu_yrd4":"34"}},
{"type":"Feature","geometry":{"type":"Point","coordinates":[-87.69413,41.84024]},"properties":{"id":"2180731186891818558","station_name":"California Blvd & 29th St","short_name":"CHI02194","total_docks":"8","docks_in_service":"8","status":"In Service","latitude":"41.84024","longitude":"-87.69413",":id":"row-bswv-n97c-qbc7",":version":"rv-43pd_f7ht_28d9",":created_at":"2026-02-03T12:00:19.167Z",":updated_at":"2026-02-03T12:00:34.420Z",":@computed_region_awaf_s7ux":"29",":@computed_region_6mkv_f3dw":"14920",":@computed_region_vrxf_vc4k":"32",":@computed_region_bdys_3d7i":"124",":@computed_region_43wa_7qmu":"1",":@computed_region_rpca_8um6":"43",":@computed_region_8hcu_yrd4":"25"}},
{"type":"Feature","geometry":{"type":"Point","coordinates":[-87.611031532288,41.729285157255]},"properties":{"id":"03a1610c-3ba0-4b85-b512-bc26791cb7ee","station_name":"Eberhart Ave & 91st St","short_name":"CHI00790","total_docks":"15","docks_in_service":"15","status":"In Service","latitude":"41.7292851573","longitude":"-87.6110315323",":id":"row-tatb.zmve-jwff",":version":"rv-jv2i_zamw-rx6f",":created_at":"2026-01-12T12:00:27.725Z",":updated_at":"2026-01-12T12:00:29.487Z",":@computed_region_awaf_s7ux":"31",":@computed_region_6mkv_f3dw":"21546",":@computed_region_vrxf_vc4k":"40",":@computed_region_bdys_3d7i":"430",":@computed_region_43wa_7qmu":"43",":@computed_region_rpca_8um6":"61",":@computed_region_8hcu_yrd4":"4"}},
{"type":"Feature","geometry":{"type":"Point","coordinates":[-87.6313,41.90297]},"properties":{"id":"a3a734ce-a135-11e9-9cda-0a87ae2ba916","station_name":"Clark St & Elm St","short_name":"CHI00281","total_docks":"39","docks_in_service":"39","status":"In Service","latitude":"41.90297","longitude":"-87.6313",":id":"row-2weq-r2ig_qvef",":version":"rv-ise4~kdzb_kkdq",":created_at":"2026-02-09T12:11:17.682Z",":updated_at":"2026-02-09T12:11:25.723Z",":@computed_region_awaf_s7ux":"22",":@computed_region_6mkv_f3dw":"14926",":@computed_region_vrxf_vc4k":"37",":@computed_region_bdys_3d7i":"310",":@computed_region_43wa_7qmu":"11",":@computed_region_rpca_8um6":"54",":@computed_region_8hcu_yrd4":"2"}},
{"type":"Feature","geometry":{"type":"Point","coordinates":[-87.74894,41.80217]},"properties":{"id":"1945194573870506886","station_name":"Lawler Ave & 50th St","short_name":"CHI01860","total_docks":"15","docks_in_service":"15","status":"In Service","latitude":"41.80217","longitude":"-87.74894",":id":"row-7kju_u5k8_z6vp",":version":"rv-5hqs~bszq.kgqx",":created_at":"2026-01-12T12:00:27.725Z",":updated_at":"2026-01-12T12:00:29.487Z",":@computed_region_awaf_s7ux":"35",":@computed_region_6mkv_f3dw":"22268",":@computed_region_vrxf_vc4k":"53",":@computed_region_bdys_3d7i":"605",":@computed_region_43wa_7qmu":"28",":@computed_region_rpca_8um6":"7",":@computed_region_8hcu_yrd4":"22"}},
{"type":"Feature","geometry":{"type":"Point","coordinates":[-87.68752,41.91208]},"properties":{"id":"2124820331580000694","station_name":"Western Ave & Wabansia Ave","short_name":"CHI02117","total_docks":"11","docks_in_service":"10","status":"In Service","latitude":"41.91208","longitude":"-87.68752",":id":"row-e8sx_vgzx.pu8b",":version":"rv-pkz9.twtr.k9fe",":created_at":"2026-02-25T12:00:20.143Z",":updated_at":"2026-02-25T12:00:25.384Z",":@computed_region_awaf_s7ux":"24",":@computed_region_6mkv_f3dw":"22535",":@computed_region_vrxf_vc4k":"25",":@computed_region_bdys_3d7i":"287",":@computed_region_43wa_7qmu":"41",":@computed_region_rpca_8um6":"1",":@computed_region_8hcu_yrd4":"1"}},
{"type":"Feature","geometry":{"type":"Point","coordinates":[-87.679258,41.96325]},"properties":{"id":"a3aa7db3-a135-11e9-9cda-0a87ae2ba916","station_name":"Damen Ave & Sunnyside Ave","short_name":"CHI00459","total_docks":"19","docks_in_service":"19","status":"In Service","latitude":"41.96325","longitude":"-87.679258",":id":"row-zfw5~qypb~k5kh",":version":"rv-rah6~yhyi.6hqv",":created_at":"2026-01-29T12:00:16.814Z",":updated_at":"2026-01-29T12:00:31.023Z",":@computed_region_awaf_s7ux":"13",":@computed_region_6mkv_f3dw":"21849",":@computed_region_vrxf_vc4k":"6",":@computed_region_bdys_3d7i":"667",":@computed_region_43wa_7qmu":"18",":@computed_region_rpca_8um6":"20",":@computed_region_8hcu_yrd4":"47"}},
{"type":"Feature","geometry":{"type":"Point","coordinates":[-87.682437,41.917805]},"properties":{"id":"a3aa59bb-a135-11e9-9cda-0a87ae2ba916","station_name":"Leavitt St & Armitage Ave","short_name":"CHI00467","total_docks":"11","docks_in_service":"11","status":"In Service","latitude":"41.917805","longitude":"-87.682437",":id":"row-n42a_wmvv~t54r",":version":"rv-bmht_mac8~i6z3",":created_at":"2026-01-22T12:00:26.177Z",":updated_at":"2026-01-22T12:00:28.342Z",":@computed_region_awaf_s7ux":"16",":@computed_region_6mkv_f3dw":"22535",":@computed_region_vrxf_vc4k":"23",":@computed_region_bdys_3d7i":"178",":@computed_region_43wa_7qmu":"40",":@computed_region_rpca_8um6":"1",":@computed_region_8hcu_yrd4":"32"}},
{"type":"Feature","geometry":{"type":"Point","coordinates":[-87.6655023944,42.00797192287]},"properties":{"id":"a3ae737f-a135-11e9-9cda-0a87ae2ba916","station_name":"Glenwood Ave & Morse Ave","short_name":"CHI00613","total_docks":"15","docks_in_service":"15","status":"In Service","latitude":"42.0079719229","longitude":"-87.6655023944",":id":"row-kny4.2g3m~y4k5",":version":"rv-9k64-qckn-qzv7",":created_at":"2025-12-16T12:04:47.057Z",":updated_at":"2025-12-16T12:04:49.330Z",":@computed_region_awaf_s7ux":"3",":@computed_region_6mkv_f3dw":"21853",":@computed_region_vrxf_vc4k":"10",":@computed_region_bdys_3d7i":"66",":@computed_region_43wa_7qmu":"5",":@computed_region_rpca_8um6":"9",":@computed_region_8hcu_yrd4":"49"}},
{"type":"Feature","geometry":{"type":"Point","coordinates":[-87.633124,41.794982]},"properties":{"id":"a3accb60-a135-11e9-9cda-0a87ae2ba916","station_name":"Princeton Ave & Garfield Blvd","short_name":"CHI00762","total_docks":"11","docks_in_service":"11","status":"In Service","latitude":"41.794982","longitude":"-87.633124",":id":"row-7zaa_mcmx~6te6",":version":"rv-dsd5_5fhw_cegu",":created_at":"2026-01-04T12:02:37.701Z",":updated_at":"2026-01-04T12:02:43.041Z",":@computed_region_awaf_s7ux":"12",":@computed_region_6mkv_f3dw":"14924",":@computed_region_vrxf_vc4k":"3",":@computed_region_bdys_3d7i":"224",":@computed_region_43wa_7qmu":"9",":@computed_region_rpca_8um6":"37",":@computed_region_8hcu_yrd4":"20"}},
{"type":"Feature","geometry":{"type":"Point","coordinates":[-87.709261,41.975672]},"properties":{"id":"a3af71a9-a135-11e9-9cda-0a87ae2ba916","station_name":"Kedzie Ave & Foster Ave","short_name":"CHI00651","total_docks":"11","docks_in_service":"11","status":"In Service","latitude":"41.975672","longitude":"-87.709261",":id":"row-bw8b_3gnr_uqe2",":version":"rv-b98i-fdrt-qxr5",":created_at":"2025-06-14T11:00:19.984Z",":updated_at":"2025-06-14T11:00:25.292Z",":@computed_region_awaf_s7ux":"28",":@computed_region_6mkv_f3dw":"21849",":@computed_region_vrxf_vc4k":"13",":@computed_region_bdys_3d7i":"167",":@computed_region_43wa_7qmu":"38",":@computed_region_rpca_8um6":"20",":@computed_region_8hcu_yrd4":"39"}},
{"type":"Feature","geometry":{"type":"Point","coordinates":[-87.684781,41.963004]},"properties":{"id":"a3a87b3f-a135-11e9-9cda-0a87ae2ba916","station_name":"Lincoln Ave & Sunnyside Ave","short_name":"CHI00425","total_docks":"15","docks_in_service":"15","status":"In Service","latitude":"41.963004","longitude":"-87.684781",":id":"row-8q2y_njqw.u5ix",":version":"rv-p3ue-6375_cu28",":created_at":"2025-06-14T11:00:19.984Z",":updated_at":"2025-06-14T11:00:25.292Z",":@computed_region_awaf_s7ux":"13",":@computed_region_6mkv_f3dw":"21849",":@computed_region_vrxf_vc4k":"6",":@computed_region_bdys_3d7i":"667",":@computed_region_43wa_7qmu":"18",":@computed_region_rpca_8um6":"20",":@computed_region_8hcu_yrd4":"47"}},
{"type":"Feature","geometry":{"type":"Point","coordinates":[-87.659049,41.837962]},"properties":{"id":"2113985612794702690","station_name":"Lock St & 31st St","short_name":"CHI02091","total_docks":"15","docks_in_service":"15","status":"In Service","latitude":"41.837962","longitude":"-87.659049",":id":"row-7mut.7dmv_v9gy",":version":"rv-x268_wicp.aqxz",":created_at":"2025-08-15T11:06:55.606Z",":updated_at":"2025-08-15T11:07:01.135Z",":@computed_region_awaf_s7ux":"26",":@computed_region_6mkv_f3dw":"14920",":@computed_region_vrxf_vc4k":"58",":@computed_region_bdys_3d7i":"723",":@computed_region_43wa_7qmu":"48",":@computed_region_rpca_8um6":"43",":@computed_region_8hcu_yrd4":"7"}},
{"type":"Feature","geometry":{"type":"Point","coordinates":[-87.61439,41.73677]},"properties":{"id":"1970688521031469268","station_name":"Martin Luther King Dr & 87th St","short_name":"CHI01973","total_docks":"15","docks_in_service":"15","status":"In Service","latitude":"41.73677","longitude":"-87.61439",":id":"row-y3mw~vm7q-uzhn",":version":"rv-3r8g_is53~28u5",":created_at":"2026-01-12T12:00:27.725Z",":updated_at":"2026-01-12T12:00:29.487Z",":@computed_region_awaf_s7ux":"31",":@computed_region_6mkv_f3dw":"21546",":@computed_region_vrxf_vc4k":"40",":@computed_region_bdys_3d7i":"140",":@computed_region_43wa_7qmu":"32",":@computed_region_rpca_8um6":"61",":@computed_region_8hcu_yrd4":"4"}},
{"type":"Feature","geometry":{"type":"Point","coordinates":[-87.61379,41.75094]},"properties":{"id":"a3b26fee-a135-11e9-9cda-0a87ae2ba916","station_name":"Vernon Ave & 79th St","short_name":"CHI01226","total_docks":"11","docks_in_service":"11","status":"In Service","latitude":"41.75094","longitude":"-87.61379",":id":"row-fvfb_3n9i_h4v4",":version":"rv-7w87~encn_gkt5",":created_at":"2026-01-30T12:02:27.964Z",":updated_at":"2026-01-30T12:02:29.655Z",":@computed_region_awaf_s7ux":"31",":@computed_region_6mkv_f3dw":"21546",":@computed_region_vrxf_vc4k":"40",":@computed_region_bdys_3d7i":"11",":@computed_region_43wa_7qmu":"32",":@computed_region_rpca_8um6":"61",":@computed_region_8hcu_yrd4":"4"}},
{"type":"Feature","geometry":{"type":"Point","coordinates":[-87.663559913635,41.854914575766]},"properties":{"id":"a3a7cd56-a135-11e9-9cda-0a87ae2ba916","station_name":"Laflin St & Cullerton St","short_name":"CHI00352","total_docks":"15","docks_in_service":"15","status":"In Service","latitude":"41.8549145758","longitude":"-87.6635599136",":id":"row-672x.2ppc~ujhu",":version":"rv-47vt~ufgx_enuf",":created_at":"2025-06-14T11:00:19.984Z",":updated_at":"2025-06-14T11:00:25.292Z",":@computed_region_awaf_s7ux":"8",":@computed_region_6mkv_f3dw":"14920",":@computed_region_vrxf_vc4k":"33",":@computed_region_bdys_3d7i":"365",":@computed_region_43wa_7qmu":"26",":@computed_region_rpca_8um6":"43",":@computed_region_8hcu_yrd4":"25"}},
{"type":"Feature","geometry":{"type":"Point","coordinates":[-87.730502,41.836966]},"properties":{"id":"1934009488956756950","station_name":"Tripp Ave & 31st St","short_name":"CHI01862","total_docks":"15","docks_in_service":"15","status":"In Service","latitude":"41.836966","longitude":"-87.730502",":id":"row-u93t.sh2q.bbc3",":version":"rv-66zf.rwiw.kq3g",":created_at":"2026-02-03T12:00:19.167Z",":updated_at":"2026-02-03T12:00:34.420Z",":@computed_region_awaf_s7ux":"14",":@computed_region_6mkv_f3dw":"21569",":@computed_region_vrxf_vc4k":"32",":@computed_region_bdys_3d7i":"248",":@computed_region_43wa_7qmu":"28",":@computed_region_rpca_8um6":"57",":@computed_region_8hcu_yrd4":"22"}},
{"type":"Feature","geometry":{"type":"Point","coordinates":[-87.53043115139,41.691773851168]},"properties":{"id":"7c56e4d5-92ee-4129-9a3a-d2ce89eab31d","station_name":"Burnham Greenway & 112th St","short_name":"CHI00873","total_docks":"15","docks_in_service":"15","status":"In Service","latitude":"41.6917738512","longitude":"-87.5304311514",":id":"row-pir4-grvy_4qp3",":version":"rv-9iuw~ipyh_vp5i",":created_at":"2025-06-14T11:00:19.984Z",":updated_at":"2025-06-14T11:00:25.292Z",":@computed_region_awaf_s7ux":"47",":@computed_region_6mkv_f3dw":"21202",":@computed_region_vrxf_vc4k":"49",":@computed_region_bdys_3d7i":"552",":@computed_region_43wa_7qmu":"47",":@computed_region_rpca_8um6":"25",":@computed_region_8hcu_yrd4":"6"}},
{"type":"Feature","geometry":{"type":"Point","coordinates":[-87.6864452757,41.87474885079]},"properties":{"id":"a3acbc0b-a135-11e9-9cda-0a87ae2ba916","station_name":"Western Ave & Congress Pkwy","short_name":"CHI00653","total_docks":"19","docks_in_service":"19","status":"In Service","latitude":"41.8747488508","longitude":"-87.6864452757",":id":"row-masu~ds6a.uruw",":version":"rv-5vii-qbqn~i448",":created_at":"2026-01-01T12:00:20.473Z",":updated_at":"2026-01-01T12:00:28.954Z",":@computed_region_awaf_s7ux":"48",":@computed_region_6mkv_f3dw":"21184",":@computed_region_vrxf_vc4k":"29",":@computed_region_bdys_3d7i":"756",":@computed_region_43wa_7qmu":"23",":@computed_region_rpca_8um6":"28",":@computed_region_8hcu_yrd4":"28"}},
{"type":"Feature","geometry":{"type":"Point","coordinates":[-87.7064961757,41.86649278172]},"properties":{"id":"a3adbedf-a135-11e9-9cda-0a87ae2ba916","station_name":"Kedzie Ave & Roosevelt Rd","short_name":"CHI00654","total_docks":"11","docks_in_service":"11","status":"In Service","latitude":"41.8664927817","longitude":"-87.7064961757",":id":"row-t5rp.jxxd~pfwz",":version":"rv-92y7-m753~mkmx",":created_at":"2026-01-30T12:02:27.964Z",":updated_at":"2026-01-30T12:02:29.655Z",":@computed_region_awaf_s7ux":"36",":@computed_region_6mkv_f3dw":"21572",":@computed_region_vrxf_vc4k":"30",":@computed_region_bdys_3d7i":"98",":@computed_region_43wa_7qmu":"14",":@computed_region_rpca_8um6":"30",":@computed_region_8hcu_yrd4":"24"}},
{"type":"Feature","geometry":{"type":"Point","coordinates":[-87.710121,41.764354]},"properties":{"id":"1861613253877461614","station_name":"St. Louis & 71st St","short_name":"CHI01797","total_docks":"15","docks_in_service":"15","status":"In Service","latitude":"41.764354","longitude":"-87.710121",":id":"row-ae42~bybm~surv",":version":"rv-cknq_rf9a.kjpf",":created_at":"2025-06-14T11:00:19.984Z",":updated_at":"2025-06-14T11:00:25.292Z",":@computed_region_awaf_s7ux":"6",":@computed_region_6mkv_f3dw":"21867",":@computed_region_vrxf_vc4k":"64",":@computed_region_bdys_3d7i":"383",":@computed_region_43wa_7qmu":"31",":@computed_region_rpca_8um6":"58",":@computed_region_8hcu_yrd4":"17"}},
{"type":"Feature","geometry":{"type":"Point","coordinates":[-87.6893070063,41.92463247165]},"properties":{"id":"a3b01a86-a135-11e9-9cda-0a87ae2ba916","station_name":"Campbell Ave & Fullerton Ave","short_name":"CHI00634","total_docks":"15","docks_in_service":"15","status":"In Service","latitude":"41.9246324716","longitude":"-87.6893070063",":id":"row-bcfx.ht8w-rcbf",":version":"rv-i5a3~rhbq~tm3w",":created_at":"2025-06-14T11:00:19.984Z",":updated_at":"2025-06-14T11:00:25.292Z",":@computed_region_awaf_s7ux":"24",":@computed_region_6mkv_f3dw":"22535",":@computed_region_vrxf_vc4k":"23",":@computed_region_bdys_3d7i":"323",":@computed_region_43wa_7qmu":"41",":@computed_region_rpca_8um6":"1",":@computed_region_8hcu_yrd4":"1"}},
{"type":"Feature","geometry":{"type":"Point","coordinates":[-87.709219571,41.90270659438]},"properties":{"id":"a3b0b801-a135-11e9-9cda-0a87ae2ba916","station_name":"Spaulding Ave & Division St","short_name":"CHI00644","total_docks":"11","docks_in_service":"11","status":"In Service","latitude":"41.9027065944","longitude":"-87.709219571",":id":"row-r5u8~k7pi-ew2b",":version":"rv-jx2y_naiu~nzd2",":created_at":"2026-01-01T12:00:20.473Z",":updated_at":"2026-01-01T12:00:28.954Z",":@computed_region_awaf_s7ux":"10",":@computed_region_6mkv_f3dw":"4299",":@computed_region_vrxf_vc4k":"24",":@computed_region_bdys_3d7i":"150",":@computed_region_43wa_7qmu":"49",":@computed_region_rpca_8um6":"5",":@computed_region_8hcu_yrd4":"26"}},
{"type":"Feature","geometry":{"type":"Point","coordinates":[-87.626797556877,41.831036314016]},"properties":{"id":"a3a75d8a-a135-11e9-9cda-0a87ae2ba916","station_name":"State St & 35th St","short_name":"CHI00343","total_docks":"15","docks_in_service":"15","status":"In Service","latitude":"41.831036314","longitude":"-87.6267975569",":id":"row-ibyr_mcwy-e59g",":version":"rv-r5cw-qct4-jzb5",":created_at":"2025-12-02T12:02:33.177Z",":updated_at":"2025-12-02T12:02:41.853Z",":@computed_region_awaf_s7ux":"12",":@computed_region_6mkv_f3dw":"21194",":@computed_region_vrxf_vc4k":"1",":@computed_region_bdys_3d7i":"25",":@computed_region_43wa_7qmu":"9",":@computed_region_rpca_8um6":"40",":@computed_region_8hcu_yrd4":"8"}},
{"type":"Feature","geometry":{"type":"Point","coordinates":[-87.635876,41.768898]},"properties":{"id":"a3b45e26-a135-11e9-9cda-0a87ae2ba916","station_name":"Eggleston Ave & 69th St","short_name":"CHI00771","total_docks":"11","docks_in_service":"11","status":"In Service","latitude":"41.768898","longitude":"-87.635876",":id":"row-a666_kdwp_8cya",":version":"rv-4p77.bh7u-mg4f",":created_at":"2025-06-14T11:00:19.984Z",":updated_at":"2025-06-14T11:00:25.292Z",":@computed_region_awaf_s7ux":"31",":@computed_region_6mkv_f3dw":"21559",":@computed_region_vrxf_vc4k":"66",":@computed_region_bdys_3d7i":"479",":@computed_region_43wa_7qmu":"32",":@computed_region_rpca_8um6":"11",":@computed_region_8hcu_yrd4":"4"}},
{"type":"Feature","geometry":{"type":"Point","coordinates":[-87.745405,41.877613]},"properties":{"id":"a3b143aa-a135-11e9-9cda-0a87ae2ba916","station_name":"Cicero Ave & Quincy St","short_name":"CHI00591","total_docks":"11","docks_in_service":"11","status":"In Service","latitude":"41.877613","longitude":"-87.745405",":id":"row-fr2n~bkcx_cy9y",":version":"rv-36w7-8cwk~aw3e",":created_at":"2026-01-04T12:02:37.701Z",":updated_at":"2026-01-04T12:02:43.041Z",":@computed_region_awaf_s7ux":"11",":@computed_region_6mkv_f3dw":"22216",":@computed_region_vrxf_vc4k":"26",":@computed_region_bdys_3d7i":"69",":@computed_region_43wa_7qmu":"23",":@computed_region_rpca_8um6":"32",":@computed_region_8hcu_yrd4":"28"}},
{"type":"Feature","geometry":{"type":"Point","coordinates":[-87.63511,41.88318]},"properties":{"id":"2103281785461334546","station_name":"Franklin St & Washington St","short_name":"CHI02074","total_docks":"36","docks_in_service":"36","status":"In Service","latitude":"41.88318","longitude":"-87.63511",":id":"row-s3ct-kkwe~8tgk",":version":"rv-inps.n66m_mjnn",":created_at":"2026-02-03T12:00:19.167Z",":updated_at":"2026-02-03T12:00:34.420Z",":@computed_region_awaf_s7ux":"22",":@computed_region_6mkv_f3dw":"14914",":@computed_region_vrxf_vc4k":"38",":@computed_region_bdys_3d7i":"92",":@computed_region_43wa_7qmu":"36",":@computed_region_rpca_8um6":"46",":@computed_region_8hcu_yrd4":"34"}},
{"type":"Feature","geometry":{"type":"Point","coordinates":[-87.83674,41.97732]},"properties":{"id":"2030108974061988752","station_name":"Cumberland Ave & Catherine Ave","short_name":"CHI01985","total_docks":"16","docks_in_service":"16","status":"In Service","latitude":"41.97732","longitude":"-87.83674",":id":"row-9j32.bdah~iygc",":version":"rv-kwa7_dn5j-jk78",":created_at":"2025-06-14T11:00:19.984Z",":updated_at":"2025-06-14T11:00:25.292Z",":@computed_region_awaf_s7ux":"34",":@computed_region_6mkv_f3dw":"4448",":@computed_region_vrxf_vc4k":"75",":@computed_region_bdys_3d7i":"8",":@computed_region_43wa_7qmu":"29",":@computed_region_rpca_8um6":"31",":@computed_region_8hcu_yrd4":"41"}},
{"type":"Feature","geometry":{"type":"Point","coordinates":[-87.6489,41.69211]},"properties":{"id":"2079474556089797110","station_name":"Major Taylor Trail & 111th St","short_name":"CHI02010","total_docks":"15","docks_in_service":"15","status":"In Service","latitude":"41.69211","longitude":"-87.6489",":id":"row-wbrw_4ejm_fsd9",":version":"rv-ewqe~c98s.sbqv",":created_at":"2026-01-04T12:02:37.701Z",":updated_at":"2026-01-04T12:02:43.041Z",":@computed_region_awaf_s7ux":"45",":@computed_region_6mkv_f3dw":"22212",":@computed_region_vrxf_vc4k":"74",":@computed_region_bdys_3d7i":"663",":@computed_region_43wa_7qmu":"22",":@computed_region_rpca_8um6":"13",":@computed_region_8hcu_yrd4":"21"}},
{"type":"Feature","geometry":{"type":"Point","coordinates":[-87.663477,41.809719]},"properties":{"id":"a3b1ff34-a135-11e9-9cda-0a87ae2ba916","station_name":"Ashland Ave & McDowell Ave","short_name":"CHI00672","total_docks":"11","docks_in_service":"11","status":"In Service","latitude":"41.809719","longitude":"-87.663477",":id":"row-ggq9-6nj2-nzym",":version":"rv-mbcp.qcax~wtjn",":created_at":"2025-12-16T12:04:47.057Z",":updated_at":"2025-12-16T12:04:49.330Z",":@computed_region_awaf_s7ux":"12",":@computed_region_6mkv_f3dw":"14924",":@computed_region_vrxf_vc4k":"59",":@computed_region_bdys_3d7i":"123",":@computed_region_43wa_7qmu":"3",":@computed_region_rpca_8um6":"37",":@computed_region_8hcu_yrd4":"15"}},
{"type":"Feature","geometry":{"type":"Point","coordinates":[-87.567514,41.773643]},"properties":{"id":"a3ac4548-a135-11e9-9cda-0a87ae2ba916","station_name":"South Shore Dr & 67th St","short_name":"CHI00247","total_docks":"15","docks_in_service":"15","status":"In Service","latitude":"41.773643","longitude":"-87.567514",":id":"row-km67~dsna~kfq7",":version":"rv-4ixt-69vk~kkiz",":created_at":"2025-10-11T11:00:26.358Z",":updated_at":"2025-10-11T11:00:32.441Z",":@computed_region_awaf_s7ux":"32",":@computed_region_6mkv_f3dw":"22538",":@computed_region_vrxf_vc4k":"9",":@computed_region_bdys_3d7i":"134",":@computed_region_43wa_7qmu":"33",":@computed_region_rpca_8um6":"24",":@computed_region_8hcu_yrd4":"3"}},
{"type":"Feature","geometry":{"type":"Point","coordinates":[-87.648625,41.867324]},"properties":{"id":"a3a47dde-a135-11e9-9cda-0a87ae2ba916","station_name":"Halsted St & Roosevelt Rd","short_name":"CHI00364","total_docks":"23","docks_in_service":"23","status":"In Service","latitude":"41.867324","longitude":"-87.648625",":id":"row-e48d~3piw.ca4v",":version":"rv-a5wi~xukg~553h",":created_at":"2026-02-25T12:00:20.143Z",":updated_at":"2026-02-25T12:00:25.384Z",":@computed_region_awaf_s7ux":"8",":@computed_region_6mkv_f3dw":"14917",":@computed_region_vrxf_vc4k":"29",":@computed_region_bdys_3d7i":"97",":@computed_region_43wa_7qmu":"48",":@computed_region_rpca_8um6":"44",":@computed_region_8hcu_yrd4":"28"}},
{"type":"Feature","geometry":{"type":"Point","coordinates":[-87.658069431782,41.732379753296]},"properties":{"id":"87d2a090-22cd-471b-b622-fef3923999dd","station_name":"Loomis St & 89th St","short_name":"CHI00738","total_docks":"15","docks_in_service":"15","status":"In Service","latitude":"41.7323797533","longitude":"-87.6580694318",":id":"row-6sg8.vazg-zeig",":version":"rv-u53j~29ix~6pbr",":created_at":"2025-06-29T11:04:46.125Z",":updated_at":"2025-06-29T11:04:51.144Z",":@computed_region_awaf_s7ux":"18",":@computed_region_6mkv_f3dw":"21554",":@computed_region_vrxf_vc4k":"70",":@computed_region_bdys_3d7i":"533",":@computed_region_43wa_7qmu":"13",":@computed_region_rpca_8um6":"59",":@computed_region_8hcu_yrd4":"21"}},
{"type":"Feature","geometry":{"type":"Point","coordinates":[-87.648626714945,41.883601657275]},"properties":{"id":"430d5876-c44d-446e-ac53-065da9fb9c17","station_name":"Green St & Randolph St*","short_name":"CHI01988","total_docks":"12","docks_in_service":"12","status":"In Service","latitude":"41.8836016573","longitude":"-87.6486267149",":id":"row-mc2v-dz4a_tqdc",":version":"rv-wuvx_ksng-madk",":created_at":"2026-02-21T12:02:35.609Z",":updated_at":"2026-02-21T12:02:36.569Z",":@computed_region_awaf_s7ux":"41",":@computed_region_6mkv_f3dw":"14917",":@computed_region_vrxf_vc4k":"29",":@computed_region_bdys_3d7i":"63",":@computed_region_43wa_7qmu":"46",":@computed_region_rpca_8um6":"44",":@computed_region_8hcu_yrd4":"27"}},
{"type":"Feature","geometry":{"type":"Point","coordinates":[-87.67328,41.87501]},"properties":{"id":"a3a5af44-a135-11e9-9cda-0a87ae2ba916","station_name":"Ogden Ave & Congress Pkwy","short_name":"CHI00305","total_docks":"15","docks_in_service":"15","status":"In Service","latitude":"41.87501","longitude":"-87.67328",":id":"row-hd32~sawa_sjdu",":version":"rv-9mwp-ewsh~cuy2",":created_at":"2025-08-10T11:06:58.861Z",":updated_at":"2025-08-10T11:07:01.707Z",":@computed_region_awaf_s7ux":"48",":@computed_region_6mkv_f3dw":"21184",":@computed_region_vrxf_vc4k":"29",":@computed_region_bdys_3d7i":"90",":@computed_region_43wa_7qmu":"46",":@computed_region_rpca_8um6":"28",":@computed_region_8hcu_yrd4":"27"}},
{"type":"Feature","geometry":{"type":"Point","coordinates":[-87.625923,41.796642]},"properties":{"id":"a3b4497a-a135-11e9-9cda-0a87ae2ba916","station_name":"State St & 54th St","short_name":"CHI01078","total_docks":"11","docks_in_service":"11","status":"In Service","latitude":"41.796642","longitude":"-87.625923",":id":"row-nb49.duk2.ctri",":version":"rv-ufwv_e6ie~36ns",":created_at":"2025-06-14T11:00:19.984Z",":updated_at":"2025-06-14T11:00:25.292Z",":@computed_region_awaf_s7ux":"12",":@computed_region_6mkv_f3dw":"14924",":@computed_region_vrxf_vc4k":"7",":@computed_region_bdys_3d7i":"218",":@computed_region_43wa_7qmu":"9",":@computed_region_rpca_8um6":"37",":@computed_region_8hcu_yrd4":"8"}},
{"type":"Feature","geometry":{"type":"Point","coordinates":[-87.621857,41.838842]},"properties":{"id":"a3a9984a-a135-11e9-9cda-0a87ae2ba916","station_name":"Indiana Ave & 31st St","short_name":"CHI00436","total_docks":"11","docks_in_service":"11","status":"In Service","latitude":"41.838842","longitude":"-87.621857",":id":"row-sw2z.57xh~dc42",":version":"rv-tmas_7h38-uwxr",":created_at":"2026-01-03T12:02:28.849Z",":updated_at":"2026-01-03T12:02:30.581Z",":@computed_region_awaf_s7ux":"48",":@computed_region_6mkv_f3dw":"21194",":@computed_region_vrxf_vc4k":"1",":@computed_region_bdys_3d7i":"191",":@computed_region_43wa_7qmu":"10",":@computed_region_rpca_8um6":"40",":@computed_region_8hcu_yrd4":"9"}},
{"type":"Feature","geometry":{"type":"Point","coordinates":[-87.5864608775,41.7664929373]},"properties":{"id":"a3ac4a7c-a135-11e9-9cda-0a87ae2ba916","station_name":"Stony Island Ave & 71st St","short_name":"CHI00549","total_docks":"11","docks_in_service":"11","status":"In Service","latitude":"41.7664929373","longitude":"-87.5864608775",":id":"row-443b.fqxu~2a5b",":version":"rv-ktam-rh77-e6z5",":created_at":"2026-01-30T12:02:27.964Z",":updated_at":"2026-01-30T12:02:29.655Z",":@computed_region_awaf_s7ux":"32",":@computed_region_6mkv_f3dw":"22538",":@computed_region_vrxf_vc4k":"39",":@computed_region_bdys_3d7i":"416",":@computed_region_43wa_7qmu":"33",":@computed_region_rpca_8um6":"60",":@computed_region_8hcu_yrd4":"3"}},
{"type":"Feature","geometry":{"type":"Point","coordinates":[-87.72472,41.80769]},"properties":{"id":"1958859802548216454","station_name":"Komensky Ave & 47th St","short_name":"CHI01855","total_docks":"15","docks_in_service":"15","status":"In Service","latitude":"41.80769","longitude":"-87.72472",":id":"row-hsjd.r4sa_8tpy",":version":"rv-f4ig~wjjk~dt3a",":created_at":"2026-01-12T12:00:27.725Z",":updated_at":"2026-01-12T12:00:29.487Z",":@computed_region_awaf_s7ux":"49",":@computed_region_6mkv_f3dw":"22248",":@computed_region_vrxf_vc4k":"54",":@computed_region_bdys_3d7i":"697",":@computed_region_43wa_7qmu":"8",":@computed_region_rpca_8um6":"56",":@computed_region_8hcu_yrd4":"14"}},
{"type":"Feature","geometry":{"type":"Point","coordinates":[-87.80577,41.91203]},"properties":{"id":"1942539875938640858","station_name":"Harlem Ave & Bloomingdale Ave","short_name":"CHI01792","total_docks":"15","docks_in_service":"15","status":"In Service","latitude":"41.91203","longitude":"-87.80577",":id":"row-mbh4.4c58-jpw3",":version":"rv-52wa.vqva~hssf",":created_at":"2025-06-14T11:00:19.984Z",":updated_at":"2025-06-14T11:00:25.292Z",":@computed_region_awaf_s7ux":"39",":@computed_region_6mkv_f3dw":"4454",":@computed_region_vrxf_vc4k":"26",":@computed_region_bdys_3d7i":"598",":@computed_region_43wa_7qmu":"7",":@computed_region_rpca_8um6":"3",":@computed_region_8hcu_yrd4":"29"}},
{"type":"Feature","geometry":{"type":"Point","coordinates":[-87.606582,41.816499]},"properties":{"id":"a3a99346-a135-11e9-9cda-0a87ae2ba916","station_name":"Cottage Grove Ave & 43rd St","short_name":"CHI00445","total_docks":"11","docks_in_service":"11","status":"In Service","latitude":"41.816499","longitude":"-87.606582",":id":"row-d4k6.va4t.vphv",":version":"rv-azbw_7rgj.2nxy",":created_at":"2026-01-31T12:00:25.966Z",":updated_at":"2026-01-31T12:03:14.902Z",":@computed_region_awaf_s7ux":"1",":@computed_region_6mkv_f3dw":"4301",":@computed_region_vrxf_vc4k":"5",":@computed_region_bdys_3d7i":"398",":@computed_region_43wa_7qmu":"10",":@computed_region_rpca_8um6":"36",":@computed_region_8hcu_yrd4":"9"}},
{"type":"Feature","geometry":{"type":"Point","coordinates":[-87.624336,41.857926]},"properties":{"id":"a3a99d47-a135-11e9-9cda-0a87ae2ba916","station_name":"Michigan Ave & 18th St","short_name":"CHI00243","total_docks":"23","docks_in_service":"23","status":"In Service","latitude":"41.857926","longitude":"-87.624336",":id":"row-7kec~cjga.47uq",":version":"rv-9c43_9ki3-dngh",":created_at":"2025-12-06T12:04:38.347Z",":updated_at":"2025-12-06T12:04:39.251Z",":@computed_region_awaf_s7ux":"48",":@computed_region_6mkv_f3dw":"21194",":@computed_region_vrxf_vc4k":"34",":@computed_region_bdys_3d7i":"374",":@computed_region_43wa_7qmu":"9",":@computed_region_rpca_8um6":"40",":@computed_region_8hcu_yrd4":"8"}},
{"type":"Feature","geometry":{"type":"Point","coordinates":[-87.638437,41.894666]},"properties":{"id":"a3a57527-a135-11e9-9cda-0a87ae2ba916","station_name":"Sedgwick St & Huron St","short_name":"CHI00241","total_docks":"27","docks_in_service":"27","status":"In Service","latitude":"41.894666","longitude":"-87.638437",":id":"row-ch8i_x4aj.n4a2",":version":"rv-sn7c.pznr_isri",":created_at":"2026-01-22T12:00:26.177Z",":updated_at":"2026-01-22T12:00:28.342Z",":@computed_region_awaf_s7ux":"22",":@computed_region_6mkv_f3dw":"4446",":@computed_region_vrxf_vc4k":"37",":@computed_region_bdys_3d7i":"652",":@computed_region_43wa_7qmu":"36",":@computed_region_rpca_8um6":"55",":@computed_region_8hcu_yrd4":"42"}},
{"type":"Feature","geometry":{"type":"Point","coordinates":[-87.726491,41.885409]},"properties":{"id":"a3b10a40-a135-11e9-9cda-0a87ae2ba916","station_name":"Pulaski Rd & Lake St","short_name":"CHI00670","total_docks":"11","docks_in_service":"11","status":"In Service","latitude":"41.885409","longitude":"-87.726491",":id":"row-tudh-5w6c.kki3",":version":"rv-sueb_ntri-jrgg",":created_at":"2026-01-31T12:00:25.966Z",":updated_at":"2026-01-31T12:03:14.902Z",":@computed_region_awaf_s7ux":"11",":@computed_region_6mkv_f3dw":"21572",":@computed_region_vrxf_vc4k":"27",":@computed_region_bdys_3d7i":"659",":@computed_region_43wa_7qmu":"23",":@computed_region_rpca_8um6":"30",":@computed_region_8hcu_yrd4":"28"}},
{"type":"Feature","geometry":{"type":"Point","coordinates":[-87.65114,41.8378]},"properties":{"id":"a3a9c0f6-a135-11e9-9cda-0a87ae2ba916","station_name":"Morgan St & 31st St","short_name":"CHI00431","total_docks":"15","docks_in_service":"15","status":"In Service","latitude":"41.8378","longitude":"-87.65114",":id":"row-a6i5-pepu-cihm",":version":"rv-gcm4.cp73.jngz",":created_at":"2025-06-14T11:00:19.984Z",":updated_at":"2025-06-14T11:00:25.292Z",":@computed_region_awaf_s7ux":"26",":@computed_region_6mkv_f3dw":"14920",":@computed_region_vrxf_vc4k":"58",":@computed_region_bdys_3d7i":"676",":@computed_region_43wa_7qmu":"48",":@computed_region_rpca_8um6":"43",":@computed_region_8hcu_yrd4":"7"}},
{"type":"Feature","geometry":{"type":"Point","coordinates":[-87.539555393765,41.651902685321]},"properties":{"id":"759171ce-f355-4740-948d-e14bb8f7dc0e","station_name":"Avenue O & 134th St","short_name":"CHI00843","total_docks":"15","docks_in_service":"15","status":"In Service","latitude":"41.6519026853","longitude":"-87.5395553938",":id":"row-k4r9-9r4z.hnmq",":version":"rv-47em~6tty~4wh4",":created_at":"2025-07-05T11:00:22.144Z",":updated_at":"2025-07-05T11:00:27.848Z",":@computed_region_awaf_s7ux":"47",":@computed_region_6mkv_f3dw":"22250",":@computed_region_vrxf_vc4k":"52",":@computed_region_bdys_3d7i":"787",":@computed_region_43wa_7qmu":"47",":@computed_region_rpca_8um6":"26",":@computed_region_8hcu_yrd4":"6"}},
{"type":"Feature","geometry":{"type":"Point","coordinates":[-87.632504,41.830777]},"properties":{"id":"a3ad2322-a135-11e9-9cda-0a87ae2ba916","station_name":"Wentworth Ave & 35th St","short_name":"CHI02033","total_docks":"15","docks_in_service":"15","status":"In Service","latitude":"41.830777","longitude":"-87.632504",":id":"row-5pra_beb4.bviu",":version":"rv-h66i_pc42~gf3a",":created_at":"2026-02-03T12:00:19.167Z",":updated_at":"2026-02-03T12:00:34.420Z",":@computed_region_awaf_s7ux":"26",":@computed_region_6mkv_f3dw":"14924",":@computed_region_vrxf_vc4k":"35",":@computed_region_bdys_3d7i":"296",":@computed_region_43wa_7qmu":"48",":@computed_region_rpca_8um6":"37",":@computed_region_8hcu_yrd4":"7"}},
{"type":"Feature","geometry":{"type":"Point","coordinates":[-87.68469707,41.86650148316]},"properties":{"id":"a3adb9a3-a135-11e9-9cda-0a87ae2ba916","station_name":"Ogden Ave & Roosevelt Rd","short_name":"CHI00580","total_docks":"19","docks_in_service":"19","status":"In Service","latitude":"41.8665014832","longitude":"-87.68469707",":id":"row-43xw-gtf7-yw86",":version":"rv-pz8h.yyvw.64jw",":created_at":"2026-01-01T12:00:20.473Z",":updated_at":"2026-01-01T12:00:28.954Z",":@computed_region_awaf_s7ux":"8",":@computed_region_6mkv_f3dw":"14920",":@computed_region_vrxf_vc4k":"29",":@computed_region_bdys_3d7i":"96",":@computed_region_43wa_7qmu":"23",":@computed_region_rpca_8um6":"43",":@computed_region_8hcu_yrd4":"28"}},
{"type":"Feature","geometry":{"type":"Point","coordinates":[-87.774704,41.894887]},"properties":{"id":"a3b0f5c9-a135-11e9-9cda-0a87ae2ba916","station_name":"Austin Blvd & Chicago Ave","short_name":"CHI00600","total_docks":"7","docks_in_service":"7","status":"In Service","latitude":"41.894887","longitude":"-87.774704",":id":"row-fv25_qwxm.nkyi",":version":"rv-scxi~fccy.ukr6",":created_at":"2025-06-14T11:00:19.984Z",":updated_at":"2025-06-14T11:00:25.292Z",":@computed_region_awaf_s7ux":"52",":@computed_region_6mkv_f3dw":"4299",":@computed_region_vrxf_vc4k":"26",":@computed_region_bdys_3d7i":"671",":@computed_region_43wa_7qmu":"7",":@computed_region_rpca_8um6":"5",":@computed_region_8hcu_yrd4":"29"}},
{"type":"Feature","geometry":{"type":"Point","coordinates":[-87.649077,41.929143]},"properties":{"id":"a3ac2671-a135-11e9-9cda-0a87ae2ba916","station_name":"Halsted St & Wrightwood Ave","short_name":"CHI00504","total_docks":"15","docks_in_service":"15","status":"In Service","latitude":"41.929143","longitude":"-87.649077",":id":"row-e5ye_3i4f_3maz",":version":"rv-8hjj-xgyc.numm",":created_at":"2026-01-01T12:00:20.473Z",":updated_at":"2026-01-01T12:00:28.954Z",":@computed_region_awaf_s7ux":"51",":@computed_region_6mkv_f3dw":"21190",":@computed_region_vrxf_vc4k":"68",":@computed_region_bdys_3d7i":"769",":@computed_region_43wa_7qmu":"34",":@computed_region_rpca_8um6":"16",":@computed_region_8hcu_yrd4":"43"}},
{"type":"Feature","geometry":{"type":"Point","coordinates":[-87.6281959291,41.76929308995]},"properties":{"id":"a3ace51b-a135-11e9-9cda-0a87ae2ba916","station_name":"Perry Ave & 69th St","short_name":"CHI00554","total_docks":"11","docks_in_service":"11","status":"In Service","latitude":"41.7692930899","longitude":"-87.6281959291",":id":"row-pefk_jmm5.8jnt",":version":"rv-5rse_mb73_sztb",":created_at":"2025-10-12T11:00:17.063Z",":updated_at":"2025-10-12T11:00:18.520Z",":@computed_region_awaf_s7ux":"31",":@computed_region_6mkv_f3dw":"21559",":@computed_region_vrxf_vc4k":"67",":@computed_region_bdys_3d7i":"513",":@computed_region_43wa_7qmu":"32",":@computed_region_rpca_8um6":"11",":@computed_region_8hcu_yrd4":"4"}},
{"type":"Feature","geometry":{"type":"Point","coordinates":[-87.651062,41.862378]},"properties":{"id":"a3a6002c-a135-11e9-9cda-0a87ae2ba916","station_name":"Morgan Ave & 14th Pl","short_name":"CHI00261","total_docks":"15","docks_in_service":"15","status":"In Service","latitude":"41.862378","longitude":"-87.651062",":id":"row-kcyi~8ywe_jxy4",":version":"rv-mhrx.tw44-8ctv",":created_at":"2025-12-16T12:04:47.057Z",":updated_at":"2025-12-16T12:04:49.330Z",":@computed_region_awaf_s7ux":"8",":@computed_region_6mkv_f3dw":"14920",":@computed_region_vrxf_vc4k":"29",":@computed_region_bdys_3d7i":"760",":@computed_region_43wa_7qmu":"48",":@computed_region_rpca_8um6":"43",":@computed_region_8hcu_yrd4":"28"}},
{"type":"Feature","geometry":{"type":"Point","coordinates":[-87.64274597168,41.880329633635]},"properties":{"id":"a3a4c618-a135-11e9-9cda-0a87ae2ba916","station_name":"Jefferson St & Monroe St","short_name":"CHI00513","total_docks":"19","docks_in_service":"19","status":"In Service","latitude":"41.8803296336","longitude":"-87.6427459717",":id":"row-9xnu-i5r5.grm4",":version":"rv-t9vj-sx3c.cj7g",":created_at":"2025-06-14T11:00:19.984Z",":updated_at":"2025-06-14T11:00:25.292Z",":@computed_region_awaf_s7ux":"48",":@computed_region_6mkv_f3dw":"4452",":@computed_region_vrxf_vc4k":"29",":@computed_region_bdys_3d7i":"786",":@computed_region_43wa_7qmu":"36",":@computed_region_rpca_8um6":"45",":@computed_region_8hcu_yrd4":"34"}},
{"type":"Feature","geometry":{"type":"Point","coordinates":[-87.613791525364,41.857411787074]},"properties":{"id":"a3a378ca-a135-11e9-9cda-0a87ae2ba916","station_name":"Burnham Harbor","short_name":"CHI00558","total_docks":"23","docks_in_service":"23","status":"In Service","latitude":"41.8574117871","longitude":"-87.6137915254",":id":"row-zex9~tu79_xrvj",":version":"rv-ygvc~t3y2-m4rm",":created_at":"2026-01-29T12:00:16.814Z",":updated_at":"2026-01-29T12:00:31.023Z",":@computed_region_awaf_s7ux":"48",":@computed_region_6mkv_f3dw":"21194",":@computed_region_vrxf_vc4k":"34",":@computed_region_bdys_3d7i":"374",":@computed_region_43wa_7qmu":"10",":@computed_region_rpca_8um6":"40",":@computed_region_8hcu_yrd4":"9"}},
{"type":"Feature","geometry":{"type":"Point","coordinates":[-87.763238,41.880121]},"properties":{"id":"a3b1ca28-a135-11e9-9cda-0a87ae2ba916","station_name":"Central Ave & Madison St","short_name":"CHI00595","total_docks":"11","docks_in_service":"11","status":"In Service","latitude":"41.880121","longitude":"-87.763238",":id":"row-q7jk-wbrk_skm7",":version":"rv-5w77.7yta-ik5s",":created_at":"2025-06-14T11:00:19.984Z",":updated_at":"2025-06-14T11:00:25.292Z",":@computed_region_awaf_s7ux":"52",":@computed_region_6mkv_f3dw":"22216",":@computed_region_vrxf_vc4k":"26",":@computed_region_bdys_3d7i":"68",":@computed_region_43wa_7qmu":"7",":@computed_region_rpca_8um6":"32",":@computed_region_8hcu_yrd4":"29"}},
{"type":"Feature","geometry":{"type":"Point","coordinates":[-87.59013,41.79962]},"properties":{"id":"2150298404205650896","station_name":"Blackstone Ave & 53rd St","short_name":"CHI02185","total_docks":"15","docks_in_service":"15","status":"In Service","latitude":"41.79962","longitude":"-87.59013",":id":"row-sc66_frvh-2msi",":version":"rv-h3ie_4mmq.expb",":created_at":"2026-01-03T12:02:28.849Z",":updated_at":"2026-01-03T12:02:30.581Z",":@computed_region_awaf_s7ux":"1",":@computed_region_6mkv_f3dw":"21192",":@computed_region_vrxf_vc4k":"8",":@computed_region_bdys_3d7i":"500",":@computed_region_43wa_7qmu":"10",":@computed_region_rpca_8um6":"10",":@computed_region_8hcu_yrd4":"9"}},
{"type":"Feature","geometry":{"type":"Point","coordinates":[-87.77178,41.90192]},"properties":{"id":"1942112671760511044","station_name":"Monitor Ave & Division St","short_name":"CHI01873","total_docks":"15","docks_in_service":"15","status":"In Service","latitude":"41.90192","longitude":"-87.77178",":id":"row-xtfd_dmrf_q5ja",":version":"rv-sy8w~grpd_25jc",":created_at":"2025-06-14T11:00:19.984Z",":updated_at":"2025-06-14T11:00:25.292Z",":@computed_region_awaf_s7ux":"52",":@computed_region_6mkv_f3dw":"4299",":@computed_region_vrxf_vc4k":"26",":@computed_region_bdys_3d7i":"671",":@computed_region_43wa_7qmu":"7",":@computed_region_rpca_8um6":"5",":@computed_region_8hcu_yrd4":"29"}},
{"type":"Feature","geometry":{"type":"Point","coordinates":[-87.693013,41.979461]},"properties":{"id":"2137697298090635320","station_name":"Lincoln Ave & Balmoral Ave","short_name":"CHI02149","total_docks":"11","docks_in_service":"11","status":"In Service","latitude":"41.979461","longitude":"-87.693013",":id":"row-tee6~k9if_xnaq",":version":"rv-ruhm_kfk6_2ztr",":created_at":"2026-01-29T12:00:16.814Z",":updated_at":"2026-01-29T12:00:31.023Z",":@computed_region_awaf_s7ux":"46",":@computed_region_6mkv_f3dw":"21849",":@computed_region_vrxf_vc4k":"6",":@computed_region_bdys_3d7i":"29",":@computed_region_43wa_7qmu":"24",":@computed_region_rpca_8um6":"20",":@computed_region_8hcu_yrd4":"40"}},
{"type":"Feature","geometry":{"type":"Point","coordinates":[-87.6417358,41.8939139]},"properties":{"id":"a3a4cb42-a135-11e9-9cda-0a87ae2ba916","station_name":"Kingsbury St & Erie St","short_name":"CHI02028","total_docks":"23","docks_in_service":"23","status":"In Service","latitude":"41.8939139","longitude":"-87.6417358",":id":"row-5vbz_8evv_52yd",":version":"rv-au54.fhxe~22h3",":created_at":"2026-01-20T12:00:21.639Z",":updated_at":"2026-01-20T12:00:25.244Z",":@computed_region_awaf_s7ux":"22",":@computed_region_6mkv_f3dw":"4446",":@computed_region_vrxf_vc4k":"37",":@computed_region_bdys_3d7i":"652",":@computed_region_43wa_7qmu":"36",":@computed_region_rpca_8um6":"55",":@computed_region_8hcu_yrd4":"42"}},
{"type":"Feature","geometry":{"type":"Point","coordinates":[-87.702292,41.760703]},"properties":{"id":"1869052846885132442","station_name":"Kedzie Ave & 73rd St","short_name":"CHI01802","total_docks":"15","docks_in_service":"15","status":"In Service","latitude":"41.760703","longitude":"-87.702292",":id":"row-kh89.2k8j_9pnh",":version":"rv-s6a4_b7vm-xqt3",":created_at":"2025-06-14T11:00:19.984Z",":updated_at":"2025-06-14T11:00:25.292Z",":@computed_region_awaf_s7ux":"6",":@computed_region_6mkv_f3dw":"21867",":@computed_region_vrxf_vc4k":"64",":@computed_region_bdys_3d7i":"349",":@computed_region_43wa_7qmu":"30",":@computed_region_rpca_8um6":"58",":@computed_region_8hcu_yrd4":"18"}},
{"type":"Feature","geometry":{"type":"Point","coordinates":[-87.63418,41.88199]},"properties":{"id":"2118772560060283098","station_name":"Wells St & Madison St","short_name":"CHI02102","total_docks":"19","docks_in_service":"19","status":"In Service","latitude":"41.88199","longitude":"-87.63418",":id":"row-pjg7-65u3.tiqj",":version":"rv-nyen_5sgp.d9gj",":created_at":"2026-02-03T12:00:19.167Z",":updated_at":"2026-02-03T12:00:34.420Z",":@computed_region_awaf_s7ux":"22",":@computed_region_6mkv_f3dw":"14914",":@computed_region_vrxf_vc4k":"38",":@computed_region_bdys_3d7i":"92",":@computed_region_43wa_7qmu":"36",":@computed_region_rpca_8um6":"46",":@computed_region_8hcu_yrd4":"34"}},
{"type":"Feature","geometry":{"type":"Point","coordinates":[-87.71055,41.86963]},"properties":{"id":"1981861957867952304","station_name":"Homan Ave & Arthington Ave","short_name":"CHI01835","total_docks":"12","docks_in_service":"12","status":"In Service","latitude":"41.86963","longitude":"-87.71055",":id":"row-74d8.embj-smtp",":version":"rv-pyt3.gdqp~7fi7",":created_at":"2025-06-14T11:00:19.984Z",":updated_at":"2025-06-14T11:00:25.292Z",":@computed_region_awaf_s7ux":"36",":@computed_region_6mkv_f3dw":"21572",":@computed_region_vrxf_vc4k":"30",":@computed_region_bdys_3d7i":"98",":@computed_region_43wa_7qmu":"14",":@computed_region_rpca_8um6":"30",":@computed_region_8hcu_yrd4":"24"}},
{"type":"Feature","geometry":{"type":"Point","coordinates":[-87.63429,41.66338]},"properties":{"id":"2006690972500072780","station_name":"Parnell Ave & 127th St","short_name":"CHI01940","total_docks":"16","docks_in_service":"16","status":"In Service","latitude":"41.66338","longitude":"-87.63429",":id":"row-w7b4-rreg~67by",":version":"rv-3imh~raun-2sbi",":created_at":"2025-06-14T11:00:19.984Z",":updated_at":"2025-06-14T11:00:25.292Z",":@computed_region_awaf_s7ux":"30",":@computed_region_6mkv_f3dw":"21861",":@computed_region_vrxf_vc4k":"50",":@computed_region_bdys_3d7i":"7",":@computed_region_43wa_7qmu":"43",":@computed_region_rpca_8um6":"19",":@computed_region_8hcu_yrd4":"11"}},
{"type":"Feature","geometry":{"type":"Point","coordinates":[-87.66552,41.735629]},"properties":{"id":"1869786699581020630","station_name":"Paulina Ave & 87th St","short_name":"CHI01786","total_docks":"15","docks_in_service":"15","status":"In Service","latitude":"41.735629","longitude":"-87.66552",":id":"row-9ywb.xc92~qupq",":version":"rv-zv4a.5aky_uwc2",":created_at":"2026-01-30T12:02:27.964Z",":updated_at":"2026-01-30T12:02:29.655Z",":@computed_region_awaf_s7ux":"18",":@computed_region_6mkv_f3dw":"21554",":@computed_region_vrxf_vc4k":"70",":@computed_region_bdys_3d7i":"488",":@computed_region_43wa_7qmu":"13",":@computed_region_rpca_8um6":"59",":@computed_region_8hcu_yrd4":"18"}},
{"type":"Feature","geometry":{"type":"Point","coordinates":[-87.674684,41.800908]},"properties":{"id":"a3b20960-a135-11e9-9cda-0a87ae2ba916","station_name":"Damen Ave & 51st St","short_name":"CHI01165","total_docks":"7","docks_in_service":"7","status":"In Service","latitude":"41.800908","longitude":"-87.674684",":id":"row-sk4x.s45z.3gxt",":version":"rv-t8rk.ubxs.s35h",":created_at":"2026-01-01T12:00:20.473Z",":updated_at":"2026-01-01T12:00:28.954Z",":@computed_region_awaf_s7ux":"19",":@computed_region_6mkv_f3dw":"14924",":@computed_region_vrxf_vc4k":"59",":@computed_region_bdys_3d7i":"686",":@computed_region_43wa_7qmu":"2",":@computed_region_rpca_8um6":"37",":@computed_region_8hcu_yrd4":"16"}},
{"type":"Feature","geometry":{"type":"Point","coordinates":[-87.661206,41.88283]},"properties":{"id":"a3ac1607-a135-11e9-9cda-0a87ae2ba916","station_name":"Ada St & Washington Blvd","short_name":"CHI00278","total_docks":"15","docks_in_service":"15","status":"In Service","latitude":"41.88283","longitude":"-87.661206",":id":"row-z84w_yqn3-94yh",":version":"rv-usrt~aazp~biy8",":created_at":"2026-02-26T12:02:37.102Z",":updated_at":"2026-02-26T12:02:39.949Z",":@computed_region_awaf_s7ux":"41",":@computed_region_6mkv_f3dw":"14917",":@computed_region_vrxf_vc4k":"29",":@computed_region_bdys_3d7i":"63",":@computed_region_43wa_7qmu":"46",":@computed_region_rpca_8um6":"44",":@computed_region_8hcu_yrd4":"27"}},
{"type":"Feature","geometry":{"type":"Point","coordinates":[-87.6895259,41.96966]},"properties":{"id":"2137323583098022140","station_name":"Western Ave & Gunnison St","short_name":"CHI02148","total_docks":"11","docks_in_service":"11","status":"In Service","latitude":"41.96966","longitude":"-87.6895259",":id":"row-uyta.mcvx.ipg5",":version":"rv-ihai_49iy.qu9d",":created_at":"2025-11-25T12:02:27.185Z",":updated_at":"2025-11-25T12:02:31.248Z",":@computed_region_awaf_s7ux":"13",":@computed_region_6mkv_f3dw":"21849",":@computed_region_vrxf_vc4k":"6",":@computed_region_bdys_3d7i":"28",":@computed_region_43wa_7qmu":"24",":@computed_region_rpca_8um6":"20",":@computed_region_8hcu_yrd4":"40"}},
{"type":"Feature","geometry":{"type":"Point","coordinates":[-87.616743,41.880958]},"properties":{"id":"a3a4d588-a135-11e9-9cda-0a87ae2ba916","station_name":"DuSable Lake Shore Dr & Monroe St","short_name":"CHI00374","total_docks":"39","docks_in_service":"39","status":"In Service","latitude":"41.880958","longitude":"-87.616743",":id":"row-chqg.n4yb_bdd3",":version":"rv-a6zm.sf88.7va9",":created_at":"2026-01-12T12:00:27.725Z",":updated_at":"2026-01-12T12:00:29.487Z",":@computed_region_awaf_s7ux":"22",":@computed_region_6mkv_f3dw":"14913",":@computed_region_vrxf_vc4k":"38",":@computed_region_bdys_3d7i":"580",":@computed_region_43wa_7qmu":"36",":@computed_region_rpca_8um6":"34",":@computed_region_8hcu_yrd4":"42"}},
{"type":"Feature","geometry":{"type":"Point","coordinates":[-87.755527,41.887832]},"properties":{"id":"a3b11480-a135-11e9-9cda-0a87ae2ba916","station_name":"Laramie Ave & Kinzie St","short_name":"CHI01122","total_docks":"11","docks_in_service":"11","status":"In Service","latitude":"41.887832","longitude":"-87.755527",":id":"row-59r3.w3ut.c8tw",":version":"rv-qhqu_v2gr.4zu6",":created_at":"2025-06-14T11:00:19.984Z",":updated_at":"2025-06-14T11:00:25.292Z",":@computed_region_awaf_s7ux":"11",":@computed_region_6mkv_f3dw":"22216",":@computed_region_vrxf_vc4k":"26",":@computed_region_bdys_3d7i":"673",":@computed_region_43wa_7qmu":"45",":@computed_region_rpca_8um6":"32",":@computed_region_8hcu_yrd4":"37"}},
{"type":"Feature","geometry":{"type":"Point","coordinates":[-87.54518,41.74117]},"properties":{"id":"1966261229814532840","station_name":"Burley Ave & 85th St","short_name":"CHI01992","total_docks":"15","docks_in_service":"15","status":"In Service","latitude":"41.74117","longitude":"-87.54518",":id":"row-ib7d~anji-2kac",":version":"rv-3q2k-x2dd.2mq2",":created_at":"2026-01-27T12:02:30.998Z",":updated_at":"2026-01-27T12:02:32.589Z",":@computed_region_awaf_s7ux":"47",":@computed_region_6mkv_f3dw":"21202",":@computed_region_vrxf_vc4k":"42",":@computed_region_bdys_3d7i":"506",":@computed_region_43wa_7qmu":"47",":@computed_region_rpca_8um6":"25",":@computed_region_8hcu_yrd4":"6"}},
{"type":"Feature","geometry":{"type":"Point","coordinates":[-87.78052,41.79296]},"properties":{"id":"1963672958015783854","station_name":"Mulligan Ave & Archer Ave","short_name":"CHI01907","total_docks":"7","docks_in_service":"7","status":"In Service","latitude":"41.79296","longitude":"-87.78052",":id":"row-7d88.wyti~ztbc",":version":"rv-pzrq~hvud~sbk8",":created_at":"2026-02-17T12:00:20.180Z",":updated_at":"2026-02-17T12:00:23.401Z",":@computed_region_awaf_s7ux":"35",":@computed_region_6mkv_f3dw":"22268",":@computed_region_vrxf_vc4k":"53",":@computed_region_bdys_3d7i":"587",":@computed_region_43wa_7qmu":"6",":@computed_region_rpca_8um6":"7",":@computed_region_8hcu_yrd4":"23"}},
{"type":"Feature","geometry":{"type":"Point","coordinates":[-87.641823,41.885637]},"properties":{"id":"a3a4a71e-a135-11e9-9cda-0a87ae2ba916","station_name":"Clinton St & Lake St","short_name":"CHI01746","total_docks":"23","docks_in_service":"23","status":"In Service","latitude":"41.885637","longitude":"-87.641823",":id":"row-apq5~y8ue.nb3s",":version":"rv-9f7i_cg6d_bi46",":created_at":"2026-01-27T12:02:30.998Z",":updated_at":"2026-01-27T12:02:32.589Z",":@computed_region_awaf_s7ux":"22",":@computed_region_6mkv_f3dw":"4452",":@computed_region_vrxf_vc4k":"29",":@computed_region_bdys_3d7i":"784",":@computed_region_43wa_7qmu":"36",":@computed_region_rpca_8um6":"45",":@computed_region_8hcu_yrd4":"34"}},
{"type":"Feature","geometry":{"type":"Point","coordinates":[-87.689397,41.892048]},"properties":{"id":"a3b4399a-a135-11e9-9cda-0a87ae2ba916","station_name":"Smith Park","short_name":"CHI01237","total_docks":"15","docks_in_service":"15","status":"In Service","latitude":"41.892048","longitude":"-87.689397",":id":"row-in65~ges9_ehca",":version":"rv-masu.p5uz-xgmt",":created_at":"2026-01-12T12:00:27.725Z",":updated_at":"2026-01-12T12:00:29.487Z",":@computed_region_awaf_s7ux":"10",":@computed_region_6mkv_f3dw":"21184",":@computed_region_vrxf_vc4k":"25",":@computed_region_bdys_3d7i":"545",":@computed_region_43wa_7qmu":"49",":@computed_region_rpca_8um6":"28",":@computed_region_8hcu_yrd4":"36"}},
{"type":"Feature","geometry":{"type":"Point","coordinates":[-87.640279,41.837911]},"properties":{"id":"2113986813030865450","station_name":"Parnell Ave & 31st St","short_name":"CHI02092","total_docks":"15","docks_in_service":"15","status":"In Service","latitude":"41.837911","longitude":"-87.640279",":id":"row-fua5_9nyt.uhh4",":version":"rv-9f2n.wi3h.mrvm",":created_at":"2026-01-30T12:02:27.964Z",":updated_at":"2026-01-30T12:02:29.655Z",":@computed_region_awaf_s7ux":"26",":@computed_region_6mkv_f3dw":"21194",":@computed_region_vrxf_vc4k":"58",":@computed_region_bdys_3d7i":"223",":@computed_region_43wa_7qmu":"48",":@computed_region_rpca_8um6":"40",":@computed_region_8hcu_yrd4":"7"}},
{"type":"Feature","geometry":{"type":"Point","coordinates":[-87.665577,41.823465]},"properties":{"id":"a3b1e588-a135-11e9-9cda-0a87ae2ba916","station_name":"Ashland Ave & Pershing Rd","short_name":"CHI00601","total_docks":"11","docks_in_service":"11","status":"In Service","latitude":"41.823465","longitude":"-87.665577",":id":"row-tnm9~qfci-gb7y",":version":"rv-wftz~8yap-dwpm",":created_at":"2025-06-14T11:00:19.984Z",":updated_at":"2025-06-14T11:00:25.292Z",":@computed_region_awaf_s7ux":"26",":@computed_region_6mkv_f3dw":"14924",":@computed_region_vrxf_vc4k":"56",":@computed_region_bdys_3d7i":"721",":@computed_region_43wa_7qmu":"1",":@computed_region_rpca_8um6":"37",":@computed_region_8hcu_yrd4":"7"}},
{"type":"Feature","geometry":{"type":"Point","coordinates":[-87.7317073,41.9900762]},"properties":{"id":"1929967657204564894","station_name":"Kedvale Ave & Peterson Ave","short_name":"CHI01905","total_docks":"15","docks_in_service":"15","status":"In Service","latitude":"41.9900762","longitude":"-87.7317073",":id":"row-jri3-mgkm-eihb",":version":"rv-yy5t.xn3c_xscz",":created_at":"2026-01-31T12:00:25.966Z",":updated_at":"2026-01-31T12:03:14.902Z",":@computed_region_awaf_s7ux":"28",":@computed_region_6mkv_f3dw":"22532",":@computed_region_vrxf_vc4k":"13",":@computed_region_bdys_3d7i":"748",":@computed_region_43wa_7qmu":"38",":@computed_region_rpca_8um6":"18",":@computed_region_8hcu_yrd4":"39"}},
{"type":"Feature","geometry":{"type":"Point","coordinates":[-87.590233683586,41.709581135263]},"properties":{"id":"a4f9ba74-f1cc-4b6a-90ad-78cacd45d3e1","station_name":"Olive Harvey College","short_name":"CHI00776","total_docks":"15","docks_in_service":"15","status":"In Service","latitude":"41.7095811353","longitude":"-87.5902336836",":id":"row-krcd-h34b.ft3z",":version":"rv-uyx3~qz92-rwqx",":created_at":"2026-02-17T12:00:20.180Z",":updated_at":"2026-02-17T12:00:23.401Z",":@computed_region_awaf_s7ux":"9",":@computed_region_6mkv_f3dw":"21861",":@computed_region_vrxf_vc4k":"47",":@computed_region_bdys_3d7i":"643",":@computed_region_43wa_7qmu":"35",":@computed_region_rpca_8um6":"19",":@computed_region_8hcu_yrd4":"10"}},
{"type":"Feature","geometry":{"type":"Point","coordinates":[-87.6702983089,41.83010465416]},"properties":{"id":"a3ac88db-a135-11e9-9cda-0a87ae2ba916","station_name":"Wood St & 35th St","short_name":"CHI00326","total_docks":"11","docks_in_service":"11","status":"In Service","latitude":"41.8301046542","longitude":"-87.6702983089",":id":"row-5s9u-8teg~vacc",":version":"rv-ittx-xntc~iri6",":created_at":"2026-01-31T12:00:25.966Z",":updated_at":"2026-01-31T12:03:14.902Z",":@computed_region_awaf_s7ux":"26",":@computed_region_6mkv_f3dw":"14924",":@computed_region_vrxf_vc4k":"56",":@computed_region_bdys_3d7i":"721",":@computed_region_43wa_7qmu":"1",":@computed_region_rpca_8um6":"37",":@computed_region_8hcu_yrd4":"12"}},
{"type":"Feature","geometry":{"type":"Point","coordinates":[-87.64332,41.91468]},"properties":{"id":"a3a3f0c6-a135-11e9-9cda-0a87ae2ba916","station_name":"Larrabee St & Menomonee St","short_name":"CHI00262","total_docks":"15","docks_in_service":"15","status":"In Service","latitude":"41.91468","longitude":"-87.64332",":id":"row-w3a5_rpgi.vwss",":version":"rv-qkpa.yxck.nd5e",":created_at":"2025-12-02T12:02:33.177Z",":updated_at":"2025-12-02T12:02:41.853Z",":@computed_region_awaf_s7ux":"51",":@computed_region_6mkv_f3dw":"21190",":@computed_region_vrxf_vc4k":"68",":@computed_region_bdys_3d7i":"208",":@computed_region_43wa_7qmu":"34",":@computed_region_rpca_8um6":"16",":@computed_region_8hcu_yrd4":"43"}},
{"type":"Feature","geometry":{"type":"Point","coordinates":[-87.70319,41.78458]},"properties":{"id":"1963671811736140038","station_name":"Kedzie Ave & 60th St","short_name":"CHI01900","total_docks":"15","docks_in_service":"15","status":"In Service","latitude":"41.78458","longitude":"-87.70319",":id":"row-njpn.ebx6.nw94",":version":"rv-rarj-e85n.tdr3",":created_at":"2025-12-16T12:04:47.057Z",":updated_at":"2025-12-16T12:04:49.330Z",":@computed_region_awaf_s7ux":"19",":@computed_region_6mkv_f3dw":"21867",":@computed_region_vrxf_vc4k":"64",":@computed_region_bdys_3d7i":"183",":@computed_region_43wa_7qmu":"2",":@computed_region_rpca_8um6":"58",":@computed_region_8hcu_yrd4":"14"}},
{"type":"Feature","geometry":{"type":"Point","coordinates":[-87.59295,41.79154]},"properties":{"id":"2150297963654969438","station_name":"Kenwood Ave & 57th St","short_name":"CHI02170","total_docks":"15","docks_in_service":"15","status":"In Service","latitude":"41.79154","longitude":"-87.59295",":id":"row-tqga.ubgd.zz78",":version":"rv-sxbi_c7kp_zcak",":created_at":"2025-12-16T12:04:47.057Z",":updated_at":"2025-12-16T12:04:49.330Z",":@computed_region_awaf_s7ux":"32",":@computed_region_6mkv_f3dw":"22260",":@computed_region_vrxf_vc4k":"8",":@computed_region_bdys_3d7i":"503",":@computed_region_43wa_7qmu":"33",":@computed_region_rpca_8um6":"60",":@computed_region_8hcu_yrd4":"3"}},
{"type":"Feature","geometry":{"type":"Point","coordinates":[-87.663474082947,41.759236024259]},"properties":{"id":"6997d1fb-9887-4c15-b5db-524d45a2f101","station_name":"Ashland Ave & 74th St","short_name":"CHI00809","total_docks":"15","docks_in_service":"15","status":"In Service","latitude":"41.7592360243","longitude":"-87.6634740829",":id":"row-a6de-nnjc_63zf",":version":"rv-xikk~8yt7_cfjs",":created_at":"2026-01-04T12:02:37.701Z",":updated_at":"2026-01-04T12:02:43.041Z",":@computed_region_awaf_s7ux":"17",":@computed_region_6mkv_f3dw":"22257",":@computed_region_vrxf_vc4k":"65",":@computed_region_bdys_3d7i":"432",":@computed_region_43wa_7qmu":"31",":@computed_region_rpca_8um6":"23",":@computed_region_8hcu_yrd4":"17"}},
{"type":"Feature","geometry":{"type":"Point","coordinates":[-87.683593,41.991178]},"properties":{"id":"a3af2216-a135-11e9-9cda-0a87ae2ba916","station_name":"2112 W Peterson Ave","short_name":"CHI00611","total_docks":"11","docks_in_service":"11","status":"In Service","latitude":"41.991178","longitude":"-87.683593",":id":"row-2rez~cgk6.8uk6",":version":"rv-6icu-9g9q_rwdn",":created_at":"2026-01-29T12:00:16.814Z",":updated_at":"2026-01-29T12:00:31.023Z",":@computed_region_awaf_s7ux":"46",":@computed_region_6mkv_f3dw":"4450",":@computed_region_vrxf_vc4k":"20",":@computed_region_bdys_3d7i":"43",":@computed_region_43wa_7qmu":"24",":@computed_region_rpca_8um6":"50",":@computed_region_8hcu_yrd4":"40"}},
{"type":"Feature","geometry":{"type":"Point","coordinates":[-87.65991,41.68499]},"properties":{"id":"2020461740735777052","station_name":"Laflin St & 115th St","short_name":"CHI01956","total_docks":"16","docks_in_service":"16","status":"In Service","latitude":"41.68499","longitude":"-87.65991",":id":"row-nfgs~95ju~sh7q",":version":"rv-zpdm.u3i4_sr8m",":created_at":"2026-01-29T12:00:16.814Z",":updated_at":"2026-01-29T12:00:31.023Z",":@computed_region_awaf_s7ux":"45",":@computed_region_6mkv_f3dw":"22212",":@computed_region_vrxf_vc4k":"74",":@computed_region_bdys_3d7i":"663",":@computed_region_43wa_7qmu":"22",":@computed_region_rpca_8um6":"13",":@computed_region_8hcu_yrd4":"21"}},
{"type":"Feature","geometry":{"type":"Point","coordinates":[-87.715236,41.9904393]},"properties":{"id":"1929538112769137066","station_name":"Bernard St & Peterson Ave","short_name":"CHI01892","total_docks":"15","docks_in_service":"15","status":"In Service","latitude":"41.9904393","longitude":"-87.715236",":id":"row-cicg-hatc~n2gk",":version":"rv-mvzv-mxgh~bhxw",":created_at":"2025-06-14T11:00:19.984Z",":updated_at":"2025-06-14T11:00:25.292Z",":@computed_region_awaf_s7ux":"42",":@computed_region_6mkv_f3dw":"4450",":@computed_region_vrxf_vc4k":"13",":@computed_region_bdys_3d7i":"747",":@computed_region_43wa_7qmu":"27",":@computed_region_rpca_8um6":"50",":@computed_region_8hcu_yrd4":"50"}},
{"type":"Feature","geometry":{"type":"Point","coordinates":[-87.652934,41.768938]},"properties":{"id":"a3b24c1f-a135-11e9-9cda-0a87ae2ba916","station_name":"May St & 69th St","short_name":"CHI01205","total_docks":"11","docks_in_service":"11","status":"In Service","latitude":"41.768938","longitude":"-87.652934",":id":"row-2j3s.eu9q_i8hc",":version":"rv-wd98_bt33.unp7",":created_at":"2026-01-30T12:02:27.964Z",":updated_at":"2026-01-30T12:02:29.655Z",":@computed_region_awaf_s7ux":"17",":@computed_region_6mkv_f3dw":"21559",":@computed_region_vrxf_vc4k":"66",":@computed_region_bdys_3d7i":"410",":@computed_region_43wa_7qmu":"2",":@computed_region_rpca_8um6":"11",":@computed_region_8hcu_yrd4":"16"}},
{"type":"Feature","geometry":{"type":"Point","coordinates":[-87.617854,41.894503]},"properties":{"id":"a3a614ad-a135-11e9-9cda-0a87ae2ba916","station_name":"McClurg Ct & Erie St","short_name":"CHI00419","total_docks":"31","docks_in_service":"31","status":"In Service","latitude":"41.894503","longitude":"-87.617854",":id":"row-mx2m.zz94.yxvd",":version":"rv-scvi-uwwf~pug4",":created_at":"2026-01-30T12:02:27.964Z",":updated_at":"2026-01-30T12:02:29.655Z",":@computed_region_awaf_s7ux":"22",":@computed_region_6mkv_f3dw":"21182",":@computed_region_vrxf_vc4k":"37",":@computed_region_bdys_3d7i":"158",":@computed_region_43wa_7qmu":"36",":@computed_region_rpca_8um6":"6",":@computed_region_8hcu_yrd4":"2"}},
{"type":"Feature","geometry":{"type":"Point","coordinates":[-87.586647,41.778881]},"properties":{"id":"a3a528d0-a135-11e9-9cda-0a87ae2ba916","station_name":"Stony Island Ave & 64th St","short_name":"CHI00557","total_docks":"11","docks_in_service":"11","status":"In Service","latitude":"41.778881","longitude":"-87.586647",":id":"row-ih3d.sanq.czqk",":version":"rv-uv5i_p8jx.is26",":created_at":"2026-01-30T12:02:27.964Z",":updated_at":"2026-01-30T12:02:29.655Z",":@computed_region_awaf_s7ux":"53",":@computed_region_6mkv_f3dw":"22260",":@computed_region_vrxf_vc4k":"9",":@computed_region_bdys_3d7i":"134",":@computed_region_43wa_7qmu":"4",":@computed_region_rpca_8um6":"60",":@computed_region_8hcu_yrd4":"3"}},
{"type":"Feature","geometry":{"type":"Point","coordinates":[-87.735737,41.877917]},"properties":{"id":"a3b1db23-a135-11e9-9cda-0a87ae2ba916","station_name":"Kostner Ave & Adams St","short_name":"CHI01336","total_docks":"11","docks_in_service":"11","status":"In Service","latitude":"41.877917","longitude":"-87.735737",":id":"row-t9m7~shg8~5z5t",":version":"rv-5x9g~z79g-dwq2",":created_at":"2026-01-31T12:00:25.966Z",":updated_at":"2026-01-31T12:03:14.902Z",":@computed_region_awaf_s7ux":"11",":@computed_region_6mkv_f3dw":"21572",":@computed_region_vrxf_vc4k":"27",":@computed_region_bdys_3d7i":"716",":@computed_region_43wa_7qmu":"23",":@computed_region_rpca_8um6":"30",":@computed_region_8hcu_yrd4":"28"}},
{"type":"Feature","geometry":{"type":"Point","coordinates":[-87.716866,41.885502]},"properties":{"id":"a3b0dc1f-a135-11e9-9cda-0a87ae2ba916","station_name":"Conservatory Dr & Lake St","short_name":"CHI01170","total_docks":"11","docks_in_service":"11","status":"In Service","latitude":"41.885502","longitude":"-87.716866",":id":"row-k8yt_ic9m~zixv",":version":"rv-aiyk~qq75-j7cb",":created_at":"2026-02-03T12:00:19.167Z",":updated_at":"2026-02-03T12:00:34.420Z",":@computed_region_awaf_s7ux":"11",":@computed_region_6mkv_f3dw":"21572",":@computed_region_vrxf_vc4k":"28",":@computed_region_bdys_3d7i":"176",":@computed_region_43wa_7qmu":"23",":@computed_region_rpca_8um6":"30",":@computed_region_8hcu_yrd4":"28"}},
{"type":"Feature","geometry":{"type":"Point","coordinates":[-87.635185,41.880317]},"properties":{"id":"a3a9e44a-a135-11e9-9cda-0a87ae2ba916","station_name":"Franklin St & Monroe St","short_name":"CHI00449","total_docks":"48","docks_in_service":"48","status":"In Service","latitude":"41.880317","longitude":"-87.635185",":id":"row-zebu-zbej-pnew",":version":"rv-3erc_aruz_szua",":created_at":"2026-02-09T12:11:17.682Z",":updated_at":"2026-02-09T12:11:25.723Z",":@computed_region_awaf_s7ux":"48",":@computed_region_6mkv_f3dw":"14914",":@computed_region_vrxf_vc4k":"38",":@computed_region_bdys_3d7i":"92",":@computed_region_43wa_7qmu":"36",":@computed_region_rpca_8um6":"46",":@computed_region_8hcu_yrd4":"42"}},
{"type":"Feature","geometry":{"type":"Point","coordinates":[-87.6449900565,41.79292964599]},"properties":{"id":"a3acd078-a135-11e9-9cda-0a87ae2ba916","station_name":"Halsted St & 56th St","short_name":"CHI00760","total_docks":"11","docks_in_service":"11","status":"In Service","latitude":"41.792929646","longitude":"-87.6449900565",":id":"row-e9kn_zjus-pi7s",":version":"rv-xby7~mn9r.a78h",":created_at":"2025-06-14T11:00:19.984Z",":updated_at":"2025-06-14T11:00:25.292Z",":@computed_region_awaf_s7ux":"12",":@computed_region_6mkv_f3dw":"21559",":@computed_region_vrxf_vc4k":"66",":@computed_region_bdys_3d7i":"113",":@computed_region_43wa_7qmu":"4",":@computed_region_rpca_8um6":"11",":@computed_region_8hcu_yrd4":"16"}},
{"type":"Feature","geometry":{"type":"Point","coordinates":[-87.664199,41.957081]},"properties":{"id":"a3aa017e-a135-11e9-9cda-0a87ae2ba916","station_name":"Southport Ave & Clark St","short_name":"CHI00433","total_docks":"11","docks_in_service":"11","status":"In Service","latitude":"41.957081","longitude":"-87.664199",":id":"row-ihj8.p6j3-7jp6",":version":"rv-rayd.v5xy-ugxx",":created_at":"2025-06-14T11:00:19.984Z",":updated_at":"2025-06-14T11:00:25.292Z",":@computed_region_awaf_s7ux":"13",":@computed_region_6mkv_f3dw":"21186",":@computed_region_vrxf_vc4k":"57",":@computed_region_bdys_3d7i":"650",":@computed_region_43wa_7qmu":"18",":@computed_region_rpca_8um6":"53",":@computed_region_8hcu_yrd4":"46"}},
{"type":"Feature","geometry":{"type":"Point","coordinates":[-87.70405,41.84266]},"properties":{"id":"2187200718323293662","station_name":"Troy St & 27th St","short_name":"CHI02206","total_docks":"8","docks_in_service":"8","status":"In Service","latitude":"41.84266","longitude":"-87.70405",":id":"row-i6tg~2t4q-st6h",":version":"rv-fep4~jbnu~c389",":created_at":"2026-02-21T12:02:35.609Z",":updated_at":"2026-02-21T12:02:36.569Z",":@computed_region_awaf_s7ux":"29",":@computed_region_6mkv_f3dw":"21569",":@computed_region_vrxf_vc4k":"32",":@computed_region_bdys_3d7i":"124",":@computed_region_43wa_7qmu":"1",":@computed_region_rpca_8um6":"57",":@computed_region_8hcu_yrd4":"25"}},
{"type":"Feature","geometry":{"type":"Point","coordinates":[-87.666036,41.961588]},"properties":{"id":"a3a84fb8-a135-11e9-9cda-0a87ae2ba916","station_name":"Clark St & Montrose Ave","short_name":"CHI00562","total_docks":"19","docks_in_service":"19","status":"In Service","latitude":"41.961588","longitude":"-87.666036",":id":"row-fpmn.v9x2~vvk4",":version":"rv-9b7g~njg4.sf9m",":created_at":"2025-10-17T11:00:17.187Z",":updated_at":"2025-10-17T11:00:19.419Z",":@computed_region_awaf_s7ux":"13",":@computed_region_6mkv_f3dw":"21186",":@computed_region_vrxf_vc4k":"57",":@computed_region_bdys_3d7i":"650",":@computed_region_43wa_7qmu":"18",":@computed_region_rpca_8um6":"53",":@computed_region_8hcu_yrd4":"47"}},
{"type":"Feature","geometry":{"type":"Point","coordinates":[-87.624029731967,41.787052970257]},"properties":{"id":"1968516035938026380","station_name":"Wabash Ave & 59th St","short_name":"CHI02001","total_docks":"15","docks_in_service":"15","status":"In Service","latitude":"41.7870529703","longitude":"-87.624029732",":id":"row-28gd~cdtt.iy4y",":version":"rv-rce5-rhfi-vunf",":created_at":"2026-01-07T12:00:26.349Z",":updated_at":"2026-01-07T12:00:29.680Z",":@computed_region_awaf_s7ux":"53",":@computed_region_6mkv_f3dw":"22260",":@computed_region_vrxf_vc4k":"7",":@computed_region_bdys_3d7i":"164",":@computed_region_43wa_7qmu":"4",":@computed_region_rpca_8um6":"60",":@computed_region_8hcu_yrd4":"20"}},
{"type":"Feature","geometry":{"type":"Point","coordinates":[-87.659141,41.868968]},"properties":{"id":"a3a3c174-a135-11e9-9cda-0a87ae2ba916","station_name":"Throop St & Taylor St","short_name":"CHI00389","total_docks":"15","docks_in_service":"15","status":"In Service","latitude":"41.868968","longitude":"-87.659141",":id":"row-82m2_b82a_qiwp",":version":"rv-ctf8.fqw6~js3p",":created_at":"2026-01-04T12:02:37.701Z",":updated_at":"2026-01-04T12:02:43.041Z",":@computed_region_awaf_s7ux":"48",":@computed_region_6mkv_f3dw":"14917",":@computed_region_vrxf_vc4k":"29",":@computed_region_bdys_3d7i":"759",":@computed_region_43wa_7qmu":"23",":@computed_region_rpca_8um6":"44",":@computed_region_8hcu_yrd4":"28"}},
{"type":"Feature","geometry":{"type":"Point","coordinates":[-87.704263,41.749119]},"properties":{"id":"1879439147302566804","station_name":"Columbus Ave & 79th St","short_name":"CHI01805","total_docks":"11","docks_in_service":"11","status":"In Service","latitude":"41.749119","longitude":"-87.704263",":id":"row-aini.rhfi-argn",":version":"rv-7gq6_fx75~ti3s",":created_at":"2026-01-03T12:02:28.849Z",":updated_at":"2026-01-03T12:02:30.581Z",":@computed_region_awaf_s7ux":"6",":@computed_region_6mkv_f3dw":"4300",":@computed_region_vrxf_vc4k":"69",":@computed_region_bdys_3d7i":"199",":@computed_region_43wa_7qmu":"30",":@computed_region_rpca_8um6":"8",":@computed_region_8hcu_yrd4":"18"}},
{"type":"Feature","geometry":{"type":"Point","coordinates":[-87.631501,41.907993]},"properties":{"id":"a3aa2ff4-a135-11e9-9cda-0a87ae2ba916","station_name":"Clark St & Schiller St","short_name":"CHI00462","total_docks":"19","docks_in_service":"19","status":"In Service","latitude":"41.907993","longitude":"-87.631501",":id":"row-4445-qyea~ksbv",":version":"rv-48qq-rkjv~dsm4",":created_at":"2026-01-30T12:02:27.964Z",":updated_at":"2026-01-30T12:02:29.655Z",":@computed_region_awaf_s7ux":"22",":@computed_region_6mkv_f3dw":"14926",":@computed_region_vrxf_vc4k":"37",":@computed_region_bdys_3d7i":"100",":@computed_region_43wa_7qmu":"11",":@computed_region_rpca_8um6":"54",":@computed_region_8hcu_yrd4":"2"}},
{"type":"Feature","geometry":{"type":"Point","coordinates":[-87.73541,41.885928]},"properties":{"id":"a3b1330c-a135-11e9-9cda-0a87ae2ba916","station_name":"Kostner Ave & Lake St","short_name":"CHI00677","total_docks":"11","docks_in_service":"11","status":"In Service","latitude":"41.885928","longitude":"-87.73541",":id":"row-476a~egkf~tqy4",":version":"rv-266w~pcm3.gmge",":created_at":"2026-01-31T12:00:25.966Z",":updated_at":"2026-01-31T12:03:14.902Z",":@computed_region_awaf_s7ux":"11",":@computed_region_6mkv_f3dw":"21572",":@computed_region_vrxf_vc4k":"27",":@computed_region_bdys_3d7i":"619",":@computed_region_43wa_7qmu":"23",":@computed_region_rpca_8um6":"30",":@computed_region_8hcu_yrd4":"28"}},
{"type":"Feature","geometry":{"type":"Point","coordinates":[-87.66402,41.943739]},"properties":{"id":"a3a83698-a135-11e9-9cda-0a87ae2ba916","station_name":"Southport Ave & Roscoe St","short_name":"CHI00234","total_docks":"19","docks_in_service":"19","status":"In Service","latitude":"41.943739","longitude":"-87.66402",":id":"row-2epf_4cfj.s88q",":version":"rv-puw3_t6up-x42d",":created_at":"2025-12-16T12:04:47.057Z",":updated_at":"2025-12-16T12:04:49.330Z",":@computed_region_awaf_s7ux":"38",":@computed_region_6mkv_f3dw":"4449",":@computed_region_vrxf_vc4k":"57",":@computed_region_bdys_3d7i":"239",":@computed_region_43wa_7qmu":"25",":@computed_region_rpca_8um6":"22",":@computed_region_8hcu_yrd4":"44"}},
{"type":"Feature","geometry":{"type":"Point","coordinates":[-87.676169,41.961406]},"properties":{"id":"a3a85eda-a135-11e9-9cda-0a87ae2ba916","station_name":"Wolcott (Ravenswood) Ave & Montrose Ave","short_name":"CHI00357","total_docks":"15","docks_in_service":"15","status":"In Service","latitude":"41.961406","longitude":"-87.676169",":id":"row-6qff_yfwu-wbn7",":version":"rv-upf7~qsea-xckr",":created_at":"2026-01-29T12:00:16.814Z",":updated_at":"2026-01-29T12:00:31.023Z",":@computed_region_awaf_s7ux":"13",":@computed_region_6mkv_f3dw":"21186",":@computed_region_vrxf_vc4k":"46",":@computed_region_bdys_3d7i":"622",":@computed_region_43wa_7qmu":"18",":@computed_region_rpca_8um6":"53",":@computed_region_8hcu_yrd4":"47"}},
{"type":"Feature","geometry":{"type":"Point","coordinates":[-87.717582,41.947326]},"properties":{"id":"a3afcd70-a135-11e9-9cda-0a87ae2ba916","station_name":"Drake Ave & Addison St","short_name":"CHI00536","total_docks":"15","docks_in_service":"15","status":"In Service","latitude":"41.947326","longitude":"-87.717582",":id":"row-dtjn_uutb~jmet",":version":"rv-abhj.64tb-bp8c",":created_at":"2026-01-29T12:00:16.814Z",":updated_at":"2026-01-29T12:00:31.023Z",":@computed_region_awaf_s7ux":"15",":@computed_region_6mkv_f3dw":"21538",":@computed_region_vrxf_vc4k":"16",":@computed_region_bdys_3d7i":"325",":@computed_region_43wa_7qmu":"12",":@computed_region_rpca_8um6":"39",":@computed_region_8hcu_yrd4":"35"}},
{"type":"Feature","geometry":{"type":"Point","coordinates":[-87.6410879593,41.8671177825]},"properties":{"id":"a3a4881d-a135-11e9-9cda-0a87ae2ba916","station_name":"Clinton St & Roosevelt Rd","short_name":"CHI00497","total_docks":"15","docks_in_service":"15","status":"In Service","latitude":"41.8671177825","longitude":"-87.6410879593",":id":"row-iquq.ft3h.g9tr",":version":"rv-ztwj-8hu8.58dk",":created_at":"2026-01-04T12:02:37.701Z",":updated_at":"2026-01-04T12:02:43.041Z",":@computed_region_awaf_s7ux":"48",":@computed_region_6mkv_f3dw":"14917",":@computed_region_vrxf_vc4k":"29",":@computed_region_bdys_3d7i":"97",":@computed_region_43wa_7qmu":"48",":@computed_region_rpca_8um6":"44",":@computed_region_8hcu_yrd4":"28"}},
{"type":"Feature","geometry":{"type":"Point","coordinates":[-87.6706,41.83427]},"properties":{"id":"1958859639339458778","station_name":"Wood St & 33rd St","short_name":"CHI01842","total_docks":"15","docks_in_service":"15","status":"In Service","latitude":"41.83427","longitude":"-87.6706",":id":"row-smwj.t8v7-efp7",":version":"rv-6c2x_ue52-gy9c",":created_at":"2026-02-03T12:00:19.167Z",":updated_at":"2026-02-03T12:00:34.420Z",":@computed_region_awaf_s7ux":"26",":@computed_region_6mkv_f3dw":"14920",":@computed_region_vrxf_vc4k":"56",":@computed_region_bdys_3d7i":"192",":@computed_region_43wa_7qmu":"1",":@computed_region_rpca_8um6":"43",":@computed_region_8hcu_yrd4":"7"}},
{"type":"Feature","geometry":{"type":"Point","coordinates":[-87.62886,41.72714]},"properties":{"id":"1978164755330913194","station_name":"Wentworth Ave & 92nd St","short_name":"CHI01924","total_docks":"15","docks_in_service":"15","status":"In Service","latitude":"41.72714","longitude":"-87.62886",":id":"row-q877.bnti~89jk",":version":"rv-z8pn-ynhc~4vi8",":created_at":"2026-01-29T12:00:16.814Z",":updated_at":"2026-01-29T12:00:31.023Z",":@computed_region_awaf_s7ux":"18",":@computed_region_6mkv_f3dw":"21554",":@computed_region_vrxf_vc4k":"45",":@computed_region_bdys_3d7i":"187",":@computed_region_43wa_7qmu":"13",":@computed_region_rpca_8um6":"59",":@computed_region_8hcu_yrd4":"11"}},
{"type":"Feature","geometry":{"type":"Point","coordinates":[-87.67722,41.91225]},"properties":{"id":"2131429867387521772","station_name":"Damen Ave & Wabansia Ave","short_name":"CHI02133","total_docks":"11","docks_in_service":"11","status":"In Service","latitude":"41.91225","longitude":"-87.67722",":id":"row-qi82~9kc2.apbw",":version":"rv-4wfu.kigy_m6at",":created_at":"2026-02-09T12:11:17.682Z",":updated_at":"2026-02-09T12:11:25.723Z",":@computed_region_awaf_s7ux":"16",":@computed_region_6mkv_f3dw":"22535",":@computed_region_vrxf_vc4k":"25",":@computed_region_bdys_3d7i":"438",":@computed_region_43wa_7qmu":"11",":@computed_region_rpca_8um6":"4",":@computed_region_8hcu_yrd4":"32"}},
{"type":"Feature","geometry":{"type":"Point","coordinates":[-87.680161446333,41.956003550785]},"properties":{"id":"a3aa2078-a135-11e9-9cda-0a87ae2ba916","station_name":"Lincoln Ave & Belle Plaine Ave","short_name":"CHI00464","total_docks":"15","docks_in_service":"15","status":"In Service","latitude":"41.9560035508","longitude":"-87.6801614463",":id":"row-brht.6gaw.dryh",":version":"rv-wjam_btda-pg9v",":created_at":"2025-12-06T12:04:38.347Z",":updated_at":"2025-12-06T12:04:39.251Z",":@computed_region_awaf_s7ux":"13",":@computed_region_6mkv_f3dw":"21538",":@computed_region_vrxf_vc4k":"46",":@computed_region_bdys_3d7i":"623",":@computed_region_43wa_7qmu":"18",":@computed_region_rpca_8um6":"39",":@computed_region_8hcu_yrd4":"47"}},
{"type":"Feature","geometry":{"type":"Point","coordinates":[-87.79755,41.95256]},"properties":{"id":"1981474194261928388","station_name":"Newcastle Ave & Irving Park Rd","short_name":"CHI01974","total_docks":"16","docks_in_service":"16","status":"In Service","latitude":"41.95256","longitude":"-87.79755",":id":"row-xip6.5rkh-y5rp",":version":"rv-f2dh-t9t4_69gi",":created_at":"2025-06-14T11:00:19.984Z",":updated_at":"2025-06-14T11:00:25.292Z",":@computed_region_awaf_s7ux":"25",":@computed_region_6mkv_f3dw":"22254",":@computed_region_vrxf_vc4k":"17",":@computed_region_bdys_3d7i":"444",":@computed_region_43wa_7qmu":"19",":@computed_region_rpca_8um6":"52",":@computed_region_8hcu_yrd4":"38"}},
{"type":"Feature","geometry":{"type":"Point","coordinates":[-87.755337,41.880207]},"properties":{"id":"a3b148bf-a135-11e9-9cda-0a87ae2ba916","station_name":"Laramie Ave & Madison St","short_name":"CHI01276","total_docks":"11","docks_in_service":"11","status":"In Service","latitude":"41.880207","longitude":"-87.755337",":id":"row-ej89~8ntz.8yrt",":version":"rv-3dvk-ih5w_27b5",":created_at":"2026-01-04T12:02:37.701Z",":updated_at":"2026-01-04T12:02:43.041Z",":@computed_region_awaf_s7ux":"52",":@computed_region_6mkv_f3dw":"22216",":@computed_region_vrxf_vc4k":"26",":@computed_region_bdys_3d7i":"68",":@computed_region_43wa_7qmu":"7",":@computed_region_rpca_8um6":"32",":@computed_region_8hcu_yrd4":"29"}},
{"type":"Feature","geometry":{"type":"Point","coordinates":[-87.62937,41.87963]},"properties":{"id":"2154766968679369322","station_name":"Dearborn St & Adams St 2","short_name":"CHI02175","total_docks":"18","docks_in_service":"18","status":"In Service","latitude":"41.87963","longitude":"-87.62937",":id":"row-mkmq.cnp5_s2sh",":version":"rv-ge9k~pfmf~2abm",":created_at":"2026-02-09T12:11:17.682Z",":updated_at":"2026-02-09T12:11:25.723Z",":@computed_region_awaf_s7ux":"22",":@computed_region_6mkv_f3dw":"14311",":@computed_region_vrxf_vc4k":"38",":@computed_region_bdys_3d7i":"92",":@computed_region_43wa_7qmu":"36",":@computed_region_rpca_8um6":"34",":@computed_region_8hcu_yrd4":"34"}},
{"type":"Feature","geometry":{"type":"Point","coordinates":[-87.624398,41.886022]},"properties":{"id":"a3a46e71-a135-11e9-9cda-0a87ae2ba916","station_name":"Michigan Ave & Lake St","short_name":"CHI00553","total_docks":"35","docks_in_service":"35","status":"In Service","latitude":"41.886022","longitude":"-87.624398",":id":"row-qdp8~c5pq_8w9n",":version":"rv-za9f~afrq~wvet",":created_at":"2026-01-27T12:02:30.998Z",":updated_at":"2026-01-27T12:02:32.589Z",":@computed_region_awaf_s7ux":"22",":@computed_region_6mkv_f3dw":"14309",":@computed_region_vrxf_vc4k":"38",":@computed_region_bdys_3d7i":"580",":@computed_region_43wa_7qmu":"36",":@computed_region_rpca_8um6":"42",":@computed_region_8hcu_yrd4":"42"}},
{"type":"Feature","geometry":{"type":"Point","coordinates":[-87.620104,41.895748]},"properties":{"id":"a3b39bb0-a135-11e9-9cda-0a87ae2ba916","station_name":"Fairbanks St & Superior St","short_name":"CHI00697","total_docks":"11","docks_in_service":"11","status":"In Service","latitude":"41.895748","longitude":"-87.620104",":id":"row-5ngs-c7gn-4k4j",":version":"rv-4kxx-pex7.2rjf",":created_at":"2026-01-03T12:02:28.849Z",":updated_at":"2026-01-03T12:02:30.581Z",":@computed_region_awaf_s7ux":"22",":@computed_region_6mkv_f3dw":"21182",":@computed_region_vrxf_vc4k":"37",":@computed_region_bdys_3d7i":"158",":@computed_region_43wa_7qmu":"36",":@computed_region_rpca_8um6":"6",":@computed_region_8hcu_yrd4":"2"}},
{"type":"Feature","geometry":{"type":"Point","coordinates":[-87.7353543,41.9170767]},"properties":{"id":"1929905600854819414","station_name":"Lowell Ave & Armitage Ave","short_name":"CHI02024","total_docks":"15","docks_in_service":"15","status":"In Service","latitude":"41.9170767","longitude":"-87.7353543",":id":"row-bkmn-4mpu.jwdk",":version":"rv-sjhc~av3x-uuqg",":created_at":"2025-06-14T11:00:19.984Z",":updated_at":"2025-06-14T11:00:25.292Z",":@computed_region_awaf_s7ux":"27",":@computed_region_6mkv_f3dw":"22615",":@computed_region_vrxf_vc4k":"21",":@computed_region_bdys_3d7i":"75",":@computed_region_43wa_7qmu":"12",":@computed_region_rpca_8um6":"2",":@computed_region_8hcu_yrd4":"35"}},
{"type":"Feature","geometry":{"type":"Point","coordinates":[-87.65478743,41.87772613]},"properties":{"id":"a3a3cbac-a135-11e9-9cda-0a87ae2ba916","station_name":"Aberdeen St & Jackson Blvd","short_name":"CHI00406","total_docks":"23","docks_in_service":"23","status":"In Service","latitude":"41.87772613","longitude":"-87.65478743",":id":"row-axy6.bteu-p8kb",":version":"rv-ysnp-w5f6_2d8i",":created_at":"2026-01-31T12:00:25.966Z",":updated_at":"2026-01-31T12:03:14.902Z",":@computed_region_awaf_s7ux":"48",":@computed_region_6mkv_f3dw":"14917",":@computed_region_vrxf_vc4k":"29",":@computed_region_bdys_3d7i":"91",":@computed_region_43wa_7qmu":"26",":@computed_region_rpca_8um6":"44",":@computed_region_8hcu_yrd4":"34"}},
{"type":"Feature","geometry":{"type":"Point","coordinates":[-87.625813,41.834734]},"properties":{"id":"a3a634dd-a135-11e9-9cda-0a87ae2ba916","station_name":"State St & 33rd St","short_name":"CHI00223","total_docks":"15","docks_in_service":"15","status":"In Service","latitude":"41.834734","longitude":"-87.625813",":id":"row-mui2_yzye_p6z4",":version":"rv-utzk-i83t~85x9",":created_at":"2026-01-10T12:00:18.214Z",":updated_at":"2026-01-10T12:00:27.642Z",":@computed_region_awaf_s7ux":"12",":@computed_region_6mkv_f3dw":"21194",":@computed_region_vrxf_vc4k":"1",":@computed_region_bdys_3d7i":"25",":@computed_region_43wa_7qmu":"9",":@computed_region_rpca_8um6":"40",":@computed_region_8hcu_yrd4":"8"}},
{"type":"Feature","geometry":{"type":"Point","coordinates":[-87.6475386582,41.9364968219]},"properties":{"id":"a3a6ce53-a135-11e9-9cda-0a87ae2ba916","station_name":"Clark St & Wellington Ave","short_name":"CHI00377","total_docks":"15","docks_in_service":"15","status":"In Service","latitude":"41.9364968219","longitude":"-87.6475386582",":id":"row-6r2d~xvxj_2sy9",":version":"rv-dit3~8di8-xe2u",":created_at":"2026-02-21T12:02:35.609Z",":updated_at":"2026-02-21T12:02:36.569Z",":@computed_region_awaf_s7ux":"38",":@computed_region_6mkv_f3dw":"4449",":@computed_region_vrxf_vc4k":"57",":@computed_region_bdys_3d7i":"682",":@computed_region_43wa_7qmu":"25",":@computed_region_rpca_8um6":"22",":@computed_region_8hcu_yrd4":"44"}},
{"type":"Feature","geometry":{"type":"Point","coordinates":[-87.6180535802,41.80229465088]},"properties":{"id":"a3ad5764-a135-11e9-9cda-0a87ae2ba916","station_name":"Calumet Ave & 51st St","short_name":"CHI00429","total_docks":"11","docks_in_service":"11","status":"In Service","latitude":"41.8022946509","longitude":"-87.6180535802",":id":"row-ajtm-zpvf-3he2",":version":"rv-w85v-342b_7h3p",":created_at":"2025-06-14T11:00:19.984Z",":updated_at":"2025-06-14T11:00:25.292Z",":@computed_region_awaf_s7ux":"12",":@computed_region_6mkv_f3dw":"21192",":@computed_region_vrxf_vc4k":"4",":@computed_region_bdys_3d7i":"449",":@computed_region_43wa_7qmu":"9",":@computed_region_rpca_8um6":"10",":@computed_region_8hcu_yrd4":"8"}},
{"type":"Feature","geometry":{"type":"Point","coordinates":[-87.70342,41.79906]},"properties":{"id":"1936553212713581016","station_name":"Kedzie Ave & 52nd St","short_name":"CHI01849","total_docks":"15","docks_in_service":"15","status":"In Service","latitude":"41.79906","longitude":"-87.70342",":id":"row-m8n2.93uy-c57w",":version":"rv-magu-g7ug_yzci",":created_at":"2025-06-14T11:00:19.984Z",":updated_at":"2025-06-14T11:00:25.292Z",":@computed_region_awaf_s7ux":"49",":@computed_region_6mkv_f3dw":"22248",":@computed_region_vrxf_vc4k":"61",":@computed_region_bdys_3d7i":"777",":@computed_region_43wa_7qmu":"8",":@computed_region_rpca_8um6":"56",":@computed_region_8hcu_yrd4":"14"}},
{"type":"Feature","geometry":{"type":"Point","coordinates":[-87.5758393587,41.75712006802]},"properties":{"id":"a3acf4eb-a135-11e9-9cda-0a87ae2ba916","station_name":"Jeffery Blvd & 76th St","short_name":"CHI00547","total_docks":"11","docks_in_service":"11","status":"In Service","latitude":"41.757120068","longitude":"-87.5758393587",":id":"row-zdwh.a2tt_ukvv",":version":"rv-t5z7_d2we-bkt8",":created_at":"2025-06-14T11:00:19.984Z",":updated_at":"2025-06-14T11:00:25.292Z",":@computed_region_awaf_s7ux":"9",":@computed_region_6mkv_f3dw":"22538",":@computed_region_vrxf_vc4k":"39",":@computed_region_bdys_3d7i":"420",":@computed_region_43wa_7qmu":"35",":@computed_region_rpca_8um6":"24",":@computed_region_8hcu_yrd4":"10"}},
{"type":"Feature","geometry":{"type":"Point","coordinates":[-87.682017,41.895501]},"properties":{"id":"a3b48c07-a135-11e9-9cda-0a87ae2ba916","station_name":"Leavitt St & Chicago Ave","short_name":"CHI00713","total_docks":"19","docks_in_service":"19","status":"In Service","latitude":"41.895501","longitude":"-87.682017",":id":"row-vyhy.5mew.t53d",":version":"rv-rn7x_u7mp~nfki",":created_at":"2026-01-09T12:02:30.381Z",":updated_at":"2026-01-09T12:02:34.419Z",":@computed_region_awaf_s7ux":"16",":@computed_region_6mkv_f3dw":"21560",":@computed_region_vrxf_vc4k":"25",":@computed_region_bdys_3d7i":"546",":@computed_region_43wa_7qmu":"41",":@computed_region_rpca_8um6":"28",":@computed_region_8hcu_yrd4":"36"}},
{"type":"Feature","geometry":{"type":"Point","coordinates":[-87.69202,41.90275]},"properties":{"id":"2167791249088656448","station_name":"Rockwell St & Division St","short_name":"CHI02183","total_docks":"15","docks_in_service":"15","status":"In Service","latitude":"41.90275","longitude":"-87.69202",":id":"row-vtcx~8efx.umf2",":version":"rv-mceu.kbbx.jvim",":created_at":"2026-02-17T12:00:20.180Z",":updated_at":"2026-02-17T12:00:23.401Z",":@computed_region_awaf_s7ux":"10",":@computed_region_6mkv_f3dw":"21560",":@computed_region_vrxf_vc4k":"25",":@computed_region_bdys_3d7i":"543",":@computed_region_43wa_7qmu":"49",":@computed_region_rpca_8um6":"4",":@computed_region_8hcu_yrd4":"26"}},
{"type":"Feature","geometry":{"type":"Point","coordinates":[-87.7157,41.78638]},"properties":{"id":"1984470891045347604","station_name":"Lawndale Ave & 59th St","short_name":"CHI01896","total_docks":"16","docks_in_service":"16","status":"In Service","latitude":"41.78638","longitude":"-87.7157",":id":"row-c3w2_hg8r~xxmz",":version":"rv-6928.bs32.2fid",":created_at":"2025-12-16T12:04:47.057Z",":updated_at":"2025-12-16T12:04:49.330Z",":@computed_region_awaf_s7ux":"49",":@computed_region_6mkv_f3dw":"21867",":@computed_region_vrxf_vc4k":"60",":@computed_region_bdys_3d7i":"774",":@computed_region_43wa_7qmu":"6",":@computed_region_rpca_8um6":"58",":@computed_region_8hcu_yrd4":"23"}},
{"type":"Feature","geometry":{"type":"Point","coordinates":[-87.767173,41.916907]},"properties":{"id":"1871993715238611622","station_name":"Parkside Ave & Armitage Ave","short_name":"CHI01846","total_docks":"15","docks_in_service":"15","status":"In Service","latitude":"41.916907","longitude":"-87.767173",":id":"row-esme.fd6z-5rmd",":version":"rv-b52b_ykts~szhd",":created_at":"2025-06-14T11:00:19.984Z",":updated_at":"2025-06-14T11:00:25.292Z",":@computed_region_awaf_s7ux":"52",":@computed_region_6mkv_f3dw":"22615",":@computed_region_vrxf_vc4k":"19",":@computed_region_bdys_3d7i":"57",":@computed_region_43wa_7qmu":"44",":@computed_region_rpca_8um6":"2",":@computed_region_8hcu_yrd4":"36"}},
{"type":"Feature","geometry":{"type":"Point","coordinates":[-87.667968,41.91461]},"properties":{"id":"a3b38728-a135-11e9-9cda-0a87ae2ba916","station_name":"Walsh Park","short_name":"CHI00716","total_docks":"23","docks_in_service":"23","status":"In Service","latitude":"41.91461","longitude":"-87.667968",":id":"row-wyja_t97p.t3pq",":version":"rv-ca3d_s2qx.ub5i",":created_at":"2026-01-29T12:00:16.814Z",":updated_at":"2026-01-29T12:00:31.023Z",":@computed_region_awaf_s7ux":"16",":@computed_region_6mkv_f3dw":"21560",":@computed_region_vrxf_vc4k":"23",":@computed_region_bdys_3d7i":"209",":@computed_region_43wa_7qmu":"40",":@computed_region_rpca_8um6":"4",":@computed_region_8hcu_yrd4":"32"}},
{"type":"Feature","geometry":{"type":"Point","coordinates":[-87.671249,41.999245]},"properties":{"id":"a3ae923d-a135-11e9-9cda-0a87ae2ba916","station_name":"Clark St & Schreiber Ave","short_name":"CHI00361","total_docks":"15","docks_in_service":"15","status":"In Service","latitude":"41.999245","longitude":"-87.671249",":id":"row-y3ev~92hi_4keb",":version":"rv-6yvv-abwv-tjv5",":created_at":"2025-06-14T11:00:19.984Z",":updated_at":"2025-06-14T11:00:25.292Z",":@computed_region_awaf_s7ux":"46",":@computed_region_6mkv_f3dw":"21853",":@computed_region_vrxf_vc4k":"10",":@computed_region_bdys_3d7i":"242",":@computed_region_43wa_7qmu":"24",":@computed_region_rpca_8um6":"9",":@computed_region_8hcu_yrd4":"40"}},
{"type":"Feature","geometry":{"type":"Point","coordinates":[-87.654529,41.949399]},"properties":{"id":"a3a58495-a135-11e9-9cda-0a87ae2ba916","station_name":"Sheffield Ave & Waveland Ave","short_name":"CHI00310","total_docks":"27","docks_in_service":"27","status":"In Service","latitude":"41.949399","longitude":"-87.654529",":id":"row-kbwi~feti~fkv7",":version":"rv-m39u~8irv-pjse",":created_at":"2026-01-04T12:02:37.701Z",":updated_at":"2026-01-04T12:02:43.041Z",":@computed_region_awaf_s7ux":"38",":@computed_region_6mkv_f3dw":"21186",":@computed_region_vrxf_vc4k":"57",":@computed_region_bdys_3d7i":"691",":@computed_region_43wa_7qmu":"25",":@computed_region_rpca_8um6":"53",":@computed_region_8hcu_yrd4":"44"}},
{"type":"Feature","geometry":{"type":"Point","coordinates":[-87.68858,41.77879]},"properties":{"id":"2184108441202871768","station_name":"Rockwell St & 63rd St","short_name":"CHI02200","total_docks":"8","docks_in_service":"8","status":"In Service","latitude":"41.77879","longitude":"-87.68858",":id":"row-fcdu~h4sd.gsnx",":version":"rv-wzkv_v799_nqv2",":created_at":"2026-02-12T12:02:32.068Z",":updated_at":"2026-02-12T12:02:39.154Z",":@computed_region_awaf_s7ux":"44",":@computed_region_6mkv_f3dw":"21867",":@computed_region_vrxf_vc4k":"64",":@computed_region_bdys_3d7i":"319",":@computed_region_43wa_7qmu":"2",":@computed_region_rpca_8um6":"58",":@computed_region_8hcu_yrd4":"16"}},
{"type":"Feature","geometry":{"type":"Point","coordinates":[-87.70461,42.0082]},"properties":{"id":"1936566008041245278","station_name":"Sacramento Ave & Lunt Ave","short_name":"CHI01779","total_docks":"11","docks_in_service":"11","status":"In Service","latitude":"42.0082","longitude":"-87.70461",":id":"row-vab3_kqur-midt",":version":"rv-93i7.pcz5_yps9",":created_at":"2026-01-10T12:00:18.214Z",":updated_at":"2026-01-10T12:00:27.642Z",":@computed_region_awaf_s7ux":"42",":@computed_region_6mkv_f3dw":"22528",":@computed_region_vrxf_vc4k":"20",":@computed_region_bdys_3d7i":"32",":@computed_region_43wa_7qmu":"27",":@computed_region_rpca_8um6":"12",":@computed_region_8hcu_yrd4":"50"}},
{"type":"Feature","geometry":{"type":"Point","coordinates":[-87.624621,41.756971]},"properties":{"id":"a3b2659d-a135-11e9-9cda-0a87ae2ba916","station_name":"State St & 76th St","short_name":"CHI01030","total_docks":"11","docks_in_service":"11","status":"In Service","latitude":"41.756971","longitude":"-87.624621",":id":"row-e867_5c27~veii",":version":"rv-3bux_4g74~y582",":created_at":"2026-02-12T12:02:32.068Z",":updated_at":"2026-02-12T12:02:39.154Z",":@computed_region_awaf_s7ux":"31",":@computed_region_6mkv_f3dw":"21546",":@computed_region_vrxf_vc4k":"67",":@computed_region_bdys_3d7i":"475",":@computed_region_43wa_7qmu":"32",":@computed_region_rpca_8um6":"61",":@computed_region_8hcu_yrd4":"4"}},
{"type":"Feature","geometry":{"type":"Point","coordinates":[-87.633963,41.884295]},"properties":{"id":"a3a46896-a135-11e9-9cda-0a87ae2ba916","station_name":"Wells St & Randolph St","short_name":"CHI00266","total_docks":"27","docks_in_service":"27","status":"In Service","latitude":"41.884295","longitude":"-87.633963",":id":"row-a55t~ye6y-uiiu",":version":"rv-ehq7_unm8-fkru",":created_at":"2026-01-22T12:00:26.177Z",":updated_at":"2026-01-22T12:00:28.342Z",":@computed_region_awaf_s7ux":"22",":@computed_region_6mkv_f3dw":"14914",":@computed_region_vrxf_vc4k":"38",":@computed_region_bdys_3d7i":"92",":@computed_region_43wa_7qmu":"36",":@computed_region_rpca_8um6":"46",":@computed_region_8hcu_yrd4":"42"}},
{"type":"Feature","geometry":{"type":"Point","coordinates":[-87.650919,41.77987]},"properties":{"id":"a3b453f2-a135-11e9-9cda-0a87ae2ba916","station_name":"Carpenter St & 63rd St","short_name":"CHI00708","total_docks":"7","docks_in_service":"7","status":"In Service","latitude":"41.77987","longitude":"-87.650919",":id":"row-xrjt_vdwj~5ikt",":version":"rv-ery5~92jd.ybk8",":created_at":"2025-06-14T11:00:19.984Z",":updated_at":"2025-06-14T11:00:25.292Z",":@computed_region_awaf_s7ux":"19",":@computed_region_6mkv_f3dw":"21559",":@computed_region_vrxf_vc4k":"66",":@computed_region_bdys_3d7i":"434",":@computed_region_43wa_7qmu":"2",":@computed_region_rpca_8um6":"11",":@computed_region_8hcu_yrd4":"16"}},
{"type":"Feature","geometry":{"type":"Point","coordinates":[-87.72564,41.8367]},"properties":{"id":"2180731383329403462","station_name":"Komensky Ave & 31st St","short_name":"CHI02195","total_docks":"7","docks_in_service":"7","status":"In Service","latitude":"41.8367","longitude":"-87.72564",":id":"row-ykr3-ed2g-y4tj",":version":"rv-7bk6.z6hj.szgb",":created_at":"2026-02-03T12:00:19.167Z",":updated_at":"2026-02-03T12:00:34.420Z",":@computed_region_awaf_s7ux":"14",":@computed_region_6mkv_f3dw":"21569",":@computed_region_vrxf_vc4k":"32",":@computed_region_bdys_3d7i":"200",":@computed_region_43wa_7qmu":"28",":@computed_region_rpca_8um6":"57",":@computed_region_8hcu_yrd4":"22"}},
{"type":"Feature","geometry":{"type":"Point","coordinates":[-87.68452,42.019276]},"properties":{"id":"a3b0ccad-a135-11e9-9cda-0a87ae2ba916","station_name":"Ridge Blvd & Howard St","short_name":"CHI01041","total_docks":"11","docks_in_service":"11","status":"In Service","latitude":"42.019276","longitude":"-87.68452",":id":"row-cwqs~hwvs_b36b",":version":"rv-wnr9_i7he.ynbt",":created_at":"2026-01-30T12:02:27.964Z",":updated_at":"2026-01-30T12:02:29.655Z",":@computed_region_awaf_s7ux":"3",":@computed_region_6mkv_f3dw":"22528",":@computed_region_vrxf_vc4k":"10",":@computed_region_bdys_3d7i":"52",":@computed_region_43wa_7qmu":"5",":@computed_region_rpca_8um6":"12",":@computed_region_8hcu_yrd4":"49"}},
{"type":"Feature","geometry":{"type":"Point","coordinates":[-87.701655,41.844507]},"properties":{"id":"a3aded13-a135-11e9-9cda-0a87ae2ba916","station_name":"Albany Ave & 26th St","short_name":"CHI00661","total_docks":"11","docks_in_service":"11","status":"In Service","latitude":"41.844507","longitude":"-87.701655",":id":"row-7zyf~xuga-r3vf",":version":"rv-q678-uw35_ixa4",":created_at":"2026-01-30T12:02:27.964Z",":updated_at":"2026-01-30T12:02:29.655Z",":@computed_region_awaf_s7ux":"29",":@computed_region_6mkv_f3dw":"21569",":@computed_region_vrxf_vc4k":"32",":@computed_region_bdys_3d7i":"124",":@computed_region_43wa_7qmu":"1",":@computed_region_rpca_8um6":"57",":@computed_region_8hcu_yrd4":"25"}},
{"type":"Feature","geometry":{"type":"Point","coordinates":[-87.66098386,41.89637337]},"properties":{"id":"a3a4f993-a135-11e9-9cda-0a87ae2ba916","station_name":"Eckhart Park","short_name":"CHI00349","total_docks":"19","docks_in_service":"19","status":"In Service","latitude":"41.89637337","longitude":"-87.66098386",":id":"row-v7vb_qbb9_a4d4",":version":"rv-qr9f~846m~84re",":created_at":"2026-02-03T12:00:19.167Z",":updated_at":"2026-02-03T12:00:34.420Z",":@computed_region_awaf_s7ux":"41",":@computed_region_6mkv_f3dw":"22620",":@computed_region_vrxf_vc4k":"25",":@computed_region_bdys_3d7i":"109",":@computed_region_43wa_7qmu":"46",":@computed_region_rpca_8um6":"49",":@computed_region_8hcu_yrd4":"27"}},
{"type":"Feature","geometry":{"type":"Point","coordinates":[-87.647172,41.830661]},"properties":{"id":"a3a9bbf0-a135-11e9-9cda-0a87ae2ba916","station_name":"Halsted St & 35th St","short_name":"CHI00401","total_docks":"15","docks_in_service":"15","status":"In Service","latitude":"41.830661","longitude":"-87.647172",":id":"row-cm5w_y6z5.eacs",":version":"rv-4jur~2adv_fgva",":created_at":"2025-07-19T11:00:17.016Z",":updated_at":"2025-07-19T11:00:26.857Z",":@computed_region_awaf_s7ux":"26",":@computed_region_6mkv_f3dw":"14924",":@computed_region_vrxf_vc4k":"58",":@computed_region_bdys_3d7i":"172",":@computed_region_43wa_7qmu":"48",":@computed_region_rpca_8um6":"37",":@computed_region_8hcu_yrd4":"7"}},
{"type":"Feature","geometry":{"type":"Point","coordinates":[-87.6764600747,41.92409085038]},"properties":{"id":"a3b01f9c-a135-11e9-9cda-0a87ae2ba916","station_name":"Winchester Ave & Elston Ave","short_name":"CHI00599","total_docks":"15","docks_in_service":"15","status":"In Service","latitude":"41.9240908504","longitude":"-87.6764600747",":id":"row-sn26_nej9~cpvn",":version":"rv-dv3z.uhsj_4icv",":created_at":"2026-02-21T12:02:35.609Z",":updated_at":"2026-02-21T12:02:36.569Z",":@computed_region_awaf_s7ux":"16",":@computed_region_6mkv_f3dw":"21190",":@computed_region_vrxf_vc4k":"23",":@computed_region_bdys_3d7i":"209",":@computed_region_43wa_7qmu":"40",":@computed_region_rpca_8um6":"16",":@computed_region_8hcu_yrd4":"32"}},
{"type":"Feature","geometry":{"type":"Point","coordinates":[-87.7168955,41.8389124]},"properties":{"id":"1933998036428004326","station_name":"Lawndale Ave & 30th St","short_name":"CHI01882","total_docks":"7","docks_in_service":"7","status":"In Service","latitude":"41.8389124","longitude":"-87.7168955",":id":"row-hrun_cfr3-3p5c",":version":"rv-wkbg-h4qv-6kui",":created_at":"2026-02-21T12:02:35.609Z",":updated_at":"2026-02-21T12:02:36.569Z",":@computed_region_awaf_s7ux":"14",":@computed_region_6mkv_f3dw":"21569",":@computed_region_vrxf_vc4k":"32",":@computed_region_bdys_3d7i":"234",":@computed_region_43wa_7qmu":"28",":@computed_region_rpca_8um6":"57",":@computed_region_8hcu_yrd4":"22"}},
{"type":"Feature","geometry":{"type":"Point","coordinates":[-87.608218,41.838556]},"properties":{"id":"a3a640d1-a135-11e9-9cda-0a87ae2ba916","station_name":"Fort Dearborn Dr & 31st St","short_name":"CHI00222","total_docks":"27","docks_in_service":"27","status":"In Service","latitude":"41.838556","longitude":"-87.608218",":id":"row-5iza.75yk~srci",":version":"rv-bhk9.ur3r~nepe",":created_at":"2026-01-12T12:00:27.725Z",":updated_at":"2026-01-12T12:00:29.487Z",":@computed_region_awaf_s7ux":"1",":@computed_region_6mkv_f3dw":"21194",":@computed_region_vrxf_vc4k":"1",":@computed_region_bdys_3d7i":"581",":@computed_region_43wa_7qmu":"10",":@computed_region_rpca_8um6":"40",":@computed_region_8hcu_yrd4":"9"}},
{"type":"Feature","geometry":{"type":"Point","coordinates":[-87.715297,42.064854]},"properties":{"id":"a3b4a05c-a135-11e9-9cda-0a87ae2ba916","station_name":"Lincolnwood Dr & Central St","short_name":"CHI02045","total_docks":"15","docks_in_service":"15","status":"In Service","latitude":"42.064854","longitude":"-87.715297",":id":"row-nbsr-jubi-48vn",":version":"rv-gepi_cvpr~bcuu",":created_at":"2025-12-06T12:04:38.347Z",":updated_at":"2025-12-06T12:04:39.251Z",":@computed_region_awaf_s7ux":null,":@computed_region_6mkv_f3dw":"26293",":@computed_region_vrxf_vc4k":null,":@computed_region_bdys_3d7i":null,":@computed_region_43wa_7qmu":null,":@computed_region_rpca_8um6":null,":@computed_region_8hcu_yrd4":null}},
{"type":"Feature","geometry":{"type":"Point","coordinates":[-87.676597,41.823192]},"properties":{"id":"a3b1e065-a135-11e9-9cda-0a87ae2ba916","station_name":"Damen Ave & Pershing Rd","short_name":"CHI01139","total_docks":"11","docks_in_service":"11","status":"In Service","latitude":"41.823192","longitude":"-87.676597",":id":"row-8kap~cbet-hbzz",":version":"rv-78r5_4k74-ghs2",":created_at":"2025-06-14T11:00:19.984Z",":updated_at":"2025-06-14T11:00:25.292Z",":@computed_region_awaf_s7ux":"26",":@computed_region_6mkv_f3dw":"14924",":@computed_region_vrxf_vc4k":"56",":@computed_region_bdys_3d7i":"719",":@computed_region_43wa_7qmu":"1",":@computed_region_rpca_8um6":"37",":@computed_region_8hcu_yrd4":"12"}},
{"type":"Feature","geometry":{"type":"Point","coordinates":[-87.7031,41.78983]},"properties":{"id":"1945195574597886460","station_name":"Kedzie Ave & 57th St","short_name":"CHI01925","total_docks":"15","docks_in_service":"15","status":"In Service","latitude":"41.78983","longitude":"-87.7031",":id":"row-cfqk.hkpn.7ced",":version":"rv-y2bj~v6ky-8t4g",":created_at":"2026-01-18T12:00:19.752Z",":updated_at":"2026-01-18T12:02:11.120Z",":@computed_region_awaf_s7ux":"49",":@computed_region_6mkv_f3dw":"21867",":@computed_region_vrxf_vc4k":"61",":@computed_region_bdys_3d7i":"764",":@computed_region_43wa_7qmu":"8",":@computed_region_rpca_8um6":"58",":@computed_region_8hcu_yrd4":"14"}},
{"type":"Feature","geometry":{"type":"Point","coordinates":[-87.62408432,41.8810317]},"properties":{"id":"a3a50ec8-a135-11e9-9cda-0a87ae2ba916","station_name":"Millennium Park","short_name":"CHI01742","total_docks":"47","docks_in_service":"47","status":"In Service","latitude":"41.8810317","longitude":"-87.62408432",":id":"row-5y8t_mhcn.3ad8",":version":"rv-38t4_qt3k.naac",":created_at":"2026-02-17T12:00:20.180Z",":updated_at":"2026-02-17T12:00:23.401Z",":@computed_region_awaf_s7ux":"22",":@computed_region_6mkv_f3dw":"14309",":@computed_region_vrxf_vc4k":"38",":@computed_region_bdys_3d7i":"580",":@computed_region_43wa_7qmu":"36",":@computed_region_rpca_8um6":"34",":@computed_region_8hcu_yrd4":"42"}},
{"type":"Feature","geometry":{"type":"Point","coordinates":[-87.675478,41.794087]},"properties":{"id":"a3b218cd-a135-11e9-9cda-0a87ae2ba916","station_name":"Seeley Ave & Garfield Blvd","short_name":"CHI01048","total_docks":"11","docks_in_service":"11","status":"In Service","latitude":"41.794087","longitude":"-87.675478",":id":"row-dax7.m48f_6e2s",":version":"rv-zbqx.v3yr-ynh3",":created_at":"2025-06-14T11:00:19.984Z",":updated_at":"2025-06-14T11:00:25.292Z",":@computed_region_awaf_s7ux":"19",":@computed_region_6mkv_f3dw":"14924",":@computed_region_vrxf_vc4k":"59",":@computed_region_bdys_3d7i":"686",":@computed_region_43wa_7qmu":"2",":@computed_region_rpca_8um6":"37",":@computed_region_8hcu_yrd4":"16"}},
{"type":"Feature","geometry":{"type":"Point","coordinates":[-87.64722,41.8837]},"properties":{"id":"2147701475268802856","station_name":"Halsted St & Court Pl","short_name":"CHI02174","total_docks":"15","docks_in_service":"15","status":"In Service","latitude":"41.8837","longitude":"-87.64722",":id":"row-4bkm.tnct.d6sg",":version":"rv-jaij-d7ae_uare",":created_at":"2026-01-29T12:00:16.814Z",":updated_at":"2026-01-29T12:00:31.023Z",":@computed_region_awaf_s7ux":"41",":@computed_region_6mkv_f3dw":"4452",":@computed_region_vrxf_vc4k":"29",":@computed_region_bdys_3d7i":"784",":@computed_region_43wa_7qmu":"46",":@computed_region_rpca_8um6":"45",":@computed_region_8hcu_yrd4":"27"}},
{"type":"Feature","geometry":{"type":"Point","coordinates":[-87.626761,41.891466]},"properties":{"id":"a3a79fdc-a135-11e9-9cda-0a87ae2ba916","station_name":"Wabash Ave & Grand Ave","short_name":"CHI00313","total_docks":"31","docks_in_service":"31","status":"In Service","latitude":"41.891466","longitude":"-87.626761",":id":"row-ya46_vtnj~4emy",":version":"rv-vyq3_jdq3-nuh7",":created_at":"2026-01-12T12:00:27.725Z",":updated_at":"2026-01-12T12:00:29.487Z",":@computed_region_awaf_s7ux":"22",":@computed_region_6mkv_f3dw":"21182",":@computed_region_vrxf_vc4k":"37",":@computed_region_bdys_3d7i":"626",":@computed_region_43wa_7qmu":"36",":@computed_region_rpca_8um6":"6",":@computed_region_8hcu_yrd4":"42"}},
{"type":"Feature","geometry":{"type":"Point","coordinates":[-87.649807,41.874754]},"properties":{"id":"a3a56ae5-a135-11e9-9cda-0a87ae2ba916","station_name":"900 W Harrison St","short_name":"CHI01748","total_docks":"19","docks_in_service":"19","status":"In Service","latitude":"41.874754","longitude":"-87.649807",":id":"row-wevg_uvvz~bfww",":version":"rv-kcyf~bud3~wk63",":created_at":"2026-01-29T12:00:16.814Z",":updated_at":"2026-01-29T12:00:31.023Z",":@computed_region_awaf_s7ux":"48",":@computed_region_6mkv_f3dw":"14917",":@computed_region_vrxf_vc4k":"29",":@computed_region_bdys_3d7i":"97",":@computed_region_43wa_7qmu":"26",":@computed_region_rpca_8um6":"44",":@computed_region_8hcu_yrd4":"34"}},
{"type":"Feature","geometry":{"type":"Point","coordinates":[-87.624464,41.876203]},"properties":{"id":"a3a4499f-a135-11e9-9cda-0a87ae2ba916","station_name":"Michigan Ave & Ida B Wells Dr","short_name":"CHI00250","total_docks":"15","docks_in_service":"15","status":"In Service","latitude":"41.876203","longitude":"-87.624464",":id":"row-jx7m_g955-er6i",":version":"rv-qeeq_whjn~7ke6",":created_at":"2025-12-20T12:00:17.597Z",":updated_at":"2025-12-20T12:00:21.165Z",":@computed_region_awaf_s7ux":"48",":@computed_region_6mkv_f3dw":"14913",":@computed_region_vrxf_vc4k":"38",":@computed_region_bdys_3d7i":"367",":@computed_region_43wa_7qmu":"36",":@computed_region_rpca_8um6":"35",":@computed_region_8hcu_yrd4":"9"}},
{"type":"Feature","geometry":{"type":"Point","coordinates":[-87.7400354,41.9489235]},"properties":{"id":"a3b2c87c-a135-11e9-9cda-0a87ae2ba916","station_name":"Kilbourn Ave & Milwaukee Ave","short_name":"CHI00694","total_docks":"11","docks_in_service":"11","status":"In Service","latitude":"41.9489235","longitude":"-87.7400354",":id":"row-7hcm_seu5_qjhi",":version":"rv-8keb-6x2g~ryeg",":created_at":"2026-01-29T12:00:16.814Z",":updated_at":"2026-01-29T12:00:31.023Z",":@computed_region_awaf_s7ux":"25",":@computed_region_6mkv_f3dw":"22618",":@computed_region_vrxf_vc4k":"16",":@computed_region_bdys_3d7i":"327",":@computed_region_43wa_7qmu":"50",":@computed_region_rpca_8um6":"21",":@computed_region_8hcu_yrd4":"30"}},
{"type":"Feature","geometry":{"type":"Point","coordinates":[-87.684637,41.77203]},"properties":{"id":"1859718111300847802","station_name":"Artesian Ave & Marquette Rd","short_name":"CHI01793","total_docks":"15","docks_in_service":"15","status":"In Service","latitude":"41.77203","longitude":"-87.684637",":id":"row-w2hy~hksa_4beg",":version":"rv-u359-3rfg_3nqy",":created_at":"2025-06-14T11:00:19.984Z",":updated_at":"2025-06-14T11:00:25.292Z",":@computed_region_awaf_s7ux":"44",":@computed_region_6mkv_f3dw":"21867",":@computed_region_vrxf_vc4k":"64",":@computed_region_bdys_3d7i":"382",":@computed_region_43wa_7qmu":"2",":@computed_region_rpca_8um6":"58",":@computed_region_8hcu_yrd4":"16"}},
{"type":"Feature","geometry":{"type":"Point","coordinates":[-87.658865,41.939743]},"properties":{"id":"2064963313873613218","station_name":"Racine Ave & Belmont Ave","short_name":"CHI00411","total_docks":"16","docks_in_service":"16","status":"In Service","latitude":"41.939743","longitude":"-87.658865",":id":"row-gban_f5u3-by8h",":version":"rv-23jh~juk3.4v9d",":created_at":"2025-08-21T11:04:47.876Z",":updated_at":"2025-08-21T11:04:52.104Z",":@computed_region_awaf_s7ux":"38",":@computed_region_6mkv_f3dw":"4449",":@computed_region_vrxf_vc4k":"57",":@computed_region_bdys_3d7i":"680",":@computed_region_43wa_7qmu":"25",":@computed_region_rpca_8um6":"22",":@computed_region_8hcu_yrd4":"44"}},
{"type":"Feature","geometry":{"type":"Point","coordinates":[-87.58833,41.7953]},"properties":{"id":"2148085923136363046","station_name":"Harper Ave & 55th St","short_name":"CHI02167","total_docks":"15","docks_in_service":"15","status":"In Service","latitude":"41.7953","longitude":"-87.58833",":id":"row-m4hx_3e7v.7a92",":version":"rv-jq96~8e8a-26ab",":created_at":"2026-01-01T12:00:20.473Z",":updated_at":"2026-01-01T12:00:28.954Z",":@computed_region_awaf_s7ux":"1",":@computed_region_6mkv_f3dw":"21192",":@computed_region_vrxf_vc4k":"8",":@computed_region_bdys_3d7i":"500",":@computed_region_43wa_7qmu":"33",":@computed_region_rpca_8um6":"10",":@computed_region_8hcu_yrd4":"3"}},
{"type":"Feature","geometry":{"type":"Point","coordinates":[-87.66275,41.96526]},"properties":{"id":"2139215142468313110","station_name":"Malden St & Wilson Ave","short_name":"CHI02151","total_docks":"11","docks_in_service":"11","status":"In Service","latitude":"41.96526","longitude":"-87.66275",":id":"row-5jaz.t54t.6j9e",":version":"rv-zjeb-bnbv-hidz",":created_at":"2026-01-31T12:00:25.966Z",":updated_at":"2026-01-31T12:03:14.902Z",":@computed_region_awaf_s7ux":"37",":@computed_region_6mkv_f3dw":"22616",":@computed_region_vrxf_vc4k":"31",":@computed_region_bdys_3d7i":"611",":@computed_region_43wa_7qmu":"39",":@computed_region_rpca_8um6":"15",":@computed_region_8hcu_yrd4":"46"}},
{"type":"Feature","geometry":{"type":"Point","coordinates":[-87.63089,41.89675]},"properties":{"id":"a3aaed81-a135-11e9-9cda-0a87ae2ba916","station_name":"Clark St & Chicago Ave","short_name":"CHI00351","total_docks":"19","docks_in_service":"19","status":"In Service","latitude":"41.89675","longitude":"-87.63089",":id":"row-whdr~ds8j.b6yw",":version":"rv-yyfm-3zas_ekp7",":created_at":"2026-01-29T12:00:16.814Z",":updated_at":"2026-01-29T12:00:31.023Z",":@computed_region_awaf_s7ux":"22",":@computed_region_6mkv_f3dw":"14926",":@computed_region_vrxf_vc4k":"37",":@computed_region_bdys_3d7i":"310",":@computed_region_43wa_7qmu":"11",":@computed_region_rpca_8um6":"54",":@computed_region_8hcu_yrd4":"2"}},
{"type":"Feature","geometry":{"type":"Point","coordinates":[-87.74783,41.80934]},"properties":{"id":"2185938651906372480","station_name":"Lavergne Ave & 46th St","short_name":"CHI02203","total_docks":"8","docks_in_service":"8","status":"In Service","latitude":"41.80934","longitude":"-87.74783",":id":"row-7umx.9vag_ibu9",":version":"rv-5dfs_65wz~5hem",":created_at":"2026-02-17T12:00:20.180Z",":updated_at":"2026-02-17T12:00:23.401Z",":@computed_region_awaf_s7ux":"35",":@computed_region_6mkv_f3dw":"22268",":@computed_region_vrxf_vc4k":"53",":@computed_region_bdys_3d7i":"604",":@computed_region_43wa_7qmu":"28",":@computed_region_rpca_8um6":"7",":@computed_region_8hcu_yrd4":"22"}},
{"type":"Feature","geometry":{"type":"Point","coordinates":[-87.66983,41.9944]},"properties":{"id":"2142134222222184846","station_name":"Granville Ave & Clark St","short_name":"CHI02156","total_docks":"15","docks_in_service":"15","status":"In Service","latitude":"41.9944","longitude":"-87.66983",":id":"row-sz4x.7fsx_vtwk",":version":"rv-56qe.2nne_qmiy",":created_at":"2026-01-29T12:00:16.814Z",":updated_at":"2026-01-29T12:00:31.023Z",":@computed_region_awaf_s7ux":"46",":@computed_region_6mkv_f3dw":"4451",":@computed_region_vrxf_vc4k":"76",":@computed_region_bdys_3d7i":"536",":@computed_region_43wa_7qmu":"16",":@computed_region_rpca_8um6":"14",":@computed_region_8hcu_yrd4":"48"}},
{"type":"Feature","geometry":{"type":"Point","coordinates":[-87.657659,41.968812]},"properties":{"id":"a3a93b6d-a135-11e9-9cda-0a87ae2ba916","station_name":"Winthrop Ave & Lawrence Ave","short_name":"CHI00391","total_docks":"15","docks_in_service":"15","status":"In Service","latitude":"41.968812","longitude":"-87.657659",":id":"row-b4un_h6sc_gdbv",":version":"rv-cfca.4ub6.6b98",":created_at":"2026-02-17T12:00:20.180Z",":updated_at":"2026-02-17T12:00:23.401Z",":@computed_region_awaf_s7ux":"37",":@computed_region_6mkv_f3dw":"22616",":@computed_region_vrxf_vc4k":"31",":@computed_region_bdys_3d7i":"241",":@computed_region_43wa_7qmu":"39",":@computed_region_rpca_8um6":"15",":@computed_region_8hcu_yrd4":"46"}},
{"type":"Feature","geometry":{"type":"Point","coordinates":[-87.61678,41.8246]},"properties":{"id":"a3a743ff-a135-11e9-9cda-0a87ae2ba916","station_name":"MLK Jr Dr & Pershing Rd","short_name":"CHI02040","total_docks":"15","docks_in_service":"15","status":"In Service","latitude":"41.8246","longitude":"-87.61678",":id":"row-26ti_ainc-5vjf",":version":"rv-fmyy.qy4c~5f7p",":created_at":"2026-01-31T12:00:25.966Z",":updated_at":"2026-01-31T12:03:14.902Z",":@computed_region_awaf_s7ux":"1",":@computed_region_6mkv_f3dw":"4301",":@computed_region_vrxf_vc4k":"1",":@computed_region_bdys_3d7i":"222",":@computed_region_43wa_7qmu":"10",":@computed_region_rpca_8um6":"36",":@computed_region_8hcu_yrd4":"9"}},
{"type":"Feature","geometry":{"type":"Point","coordinates":[-87.6265680185,41.82301523798]},"properties":{"id":"a3ad2d57-a135-11e9-9cda-0a87ae2ba916","station_name":"State St & Pershing Rd","short_name":"CHI00491","total_docks":"11","docks_in_service":"11","status":"In Service","latitude":"41.823015238","longitude":"-87.6265680185",":id":"row-v7sh.gz6i~vd22",":version":"rv-srbu-p4hs.n88d",":created_at":"2025-06-14T11:00:19.984Z",":updated_at":"2025-06-14T11:00:25.292Z",":@computed_region_awaf_s7ux":"12",":@computed_region_6mkv_f3dw":"14924",":@computed_region_vrxf_vc4k":"4",":@computed_region_bdys_3d7i":"414",":@computed_region_43wa_7qmu":"9",":@computed_region_rpca_8um6":"37",":@computed_region_8hcu_yrd4":"8"}},
{"type":"Feature","geometry":{"type":"Point","coordinates":[-87.624424,41.750794]},"properties":{"id":"a3b26acf-a135-11e9-9cda-0a87ae2ba916","station_name":"State St & 79th St","short_name":"CHI00991","total_docks":"11","docks_in_service":"11","status":"In Service","latitude":"41.750794","longitude":"-87.624424",":id":"row-xk4w.c8qp-88fm",":version":"rv-9aye_ha3c_3it2",":created_at":"2025-12-04T12:02:28.719Z",":updated_at":"2025-12-04T12:02:31.069Z",":@computed_region_awaf_s7ux":"31",":@computed_region_6mkv_f3dw":"21546",":@computed_region_vrxf_vc4k":"40",":@computed_region_bdys_3d7i":"406",":@computed_region_43wa_7qmu":"32",":@computed_region_rpca_8um6":"61",":@computed_region_8hcu_yrd4":"4"}},
{"type":"Feature","geometry":{"type":"Point","coordinates":[-87.612813,41.886976]},"properties":{"id":"a3a38363-a135-11e9-9cda-0a87ae2ba916","station_name":"Dusable Harbor","short_name":"CHI00531","total_docks":"39","docks_in_service":"39","status":"In Service","latitude":"41.886976","longitude":"-87.612813",":id":"row-zwa5_zdjm_3wym",":version":"rv-pgqp-rqzh-nu7m",":created_at":"2026-01-29T12:00:16.814Z",":updated_at":"2026-01-29T12:00:31.023Z",":@computed_region_awaf_s7ux":"22",":@computed_region_6mkv_f3dw":"21182",":@computed_region_vrxf_vc4k":"38",":@computed_region_bdys_3d7i":"159",":@computed_region_43wa_7qmu":"36",":@computed_region_rpca_8um6":"42",":@computed_region_8hcu_yrd4":"42"}},
{"type":"Feature","geometry":{"type":"Point","coordinates":[-87.621052265167,41.687014794671]},"properties":{"id":"a065d29d-a081-47f4-8d0f-9a572f6085fe","station_name":"Michigan Ave & 114th St","short_name":"CHI00823","total_docks":"15","docks_in_service":"15","status":"In Service","latitude":"41.6870147947","longitude":"-87.6210522652",":id":"row-7h5t.by34.2sp8",":version":"rv-rs6g~iww9_vpem",":created_at":"2025-06-14T11:00:19.984Z",":updated_at":"2025-06-14T11:00:25.292Z",":@computed_region_awaf_s7ux":"30",":@computed_region_6mkv_f3dw":"21861",":@computed_region_vrxf_vc4k":"45",":@computed_region_bdys_3d7i":"253",":@computed_region_43wa_7qmu":"43",":@computed_region_rpca_8um6":"19",":@computed_region_8hcu_yrd4":"11"}},
{"type":"Feature","geometry":{"type":"Point","coordinates":[-87.663913,41.928773]},"properties":{"id":"a3a771c2-a135-11e9-9cda-0a87ae2ba916","station_name":"Southport Ave & Wrightwood Ave","short_name":"CHI00339","total_docks":"16","docks_in_service":"16","status":"In Service","latitude":"41.928773","longitude":"-87.663913",":id":"row-2z2u_cfxc~snyf",":version":"rv-2t44_us2g-ci8x",":created_at":"2026-01-20T12:00:21.639Z",":updated_at":"2026-01-20T12:00:25.244Z",":@computed_region_awaf_s7ux":"16",":@computed_region_6mkv_f3dw":"21190",":@computed_region_vrxf_vc4k":"68",":@computed_region_bdys_3d7i":"770",":@computed_region_43wa_7qmu":"11",":@computed_region_rpca_8um6":"16",":@computed_region_8hcu_yrd4":"32"}},
{"type":"Feature","geometry":{"type":"Point","coordinates":[-87.67489,41.9918]},"properties":{"id":"2020066962711878174","station_name":"Peterson/Ridge Metra","short_name":"CHI01983","total_docks":"20","docks_in_service":"20","status":"In Service","latitude":"41.9918","longitude":"-87.67489",":id":"row-39c8-vamb_vfvv",":version":"rv-axy2.tqvq_39qs",":created_at":"2026-01-30T12:02:27.964Z",":updated_at":"2026-01-30T12:02:29.655Z",":@computed_region_awaf_s7ux":"46",":@computed_region_6mkv_f3dw":"4451",":@computed_region_vrxf_vc4k":"20",":@computed_region_bdys_3d7i":"43",":@computed_region_43wa_7qmu":"24",":@computed_region_rpca_8um6":"14",":@computed_region_8hcu_yrd4":"40"}},
{"type":"Feature","geometry":{"type":"Point","coordinates":[-87.6318229814,41.83452988563]},"properties":{"id":"a3ad1e12-a135-11e9-9cda-0a87ae2ba916","station_name":"Wentworth Ave & 33rd St","short_name":"CHI00519","total_docks":"15","docks_in_service":"15","status":"In Service","latitude":"41.8345298856","longitude":"-87.6318229814",":id":"row-6nu2~tfma~gzma",":version":"rv-j36w_bpnp.c23r",":created_at":"2026-01-31T12:00:25.966Z",":updated_at":"2026-01-31T12:03:14.902Z",":@computed_region_awaf_s7ux":"26",":@computed_region_6mkv_f3dw":"21194",":@computed_region_vrxf_vc4k":"35",":@computed_region_bdys_3d7i":"376",":@computed_region_43wa_7qmu":"48",":@computed_region_rpca_8um6":"40",":@computed_region_8hcu_yrd4":"7"}},
{"type":"Feature","geometry":{"type":"Point","coordinates":[-87.7743901,41.9204347]},"properties":{"id":"1930641272056945296","station_name":"Mason Ave & Grand Ave","short_name":"CHI02017","total_docks":"15","docks_in_service":"15","status":"In Service","latitude":"41.9204347","longitude":"-87.7743901",":id":"row-8wks.chcg_f8bb",":version":"rv-gg5q~eb2a_d5pu",":created_at":"2026-01-29T12:00:16.814Z",":updated_at":"2026-01-29T12:00:31.023Z",":@computed_region_awaf_s7ux":"4",":@computed_region_6mkv_f3dw":"22615",":@computed_region_vrxf_vc4k":"19",":@computed_region_bdys_3d7i":"57",":@computed_region_43wa_7qmu":"44",":@computed_region_rpca_8um6":"2",":@computed_region_8hcu_yrd4":"36"}},
{"type":"Feature","geometry":{"type":"Point","coordinates":[-87.6319447,41.8579886]},"properties":{"id":"1500206163166594382","station_name":"Ping Tom Park East Public Rack","short_name":null,"total_docks":"9","docks_in_service":"9","status":"In Service","latitude":"41.8579886","longitude":"-87.6319447",":id":"row-q6my.ic5q~fikh",":version":"rv-ik8k_puef_8fm2",":created_at":"2026-01-24T12:02:26.720Z",":updated_at":"2026-01-24T12:02:32.018Z",":@computed_region_awaf_s7ux":"8",":@computed_region_6mkv_f3dw":"21194",":@computed_region_vrxf_vc4k":"34",":@computed_region_bdys_3d7i":"330",":@computed_region_43wa_7qmu":"26",":@computed_region_rpca_8um6":"40",":@computed_region_8hcu_yrd4":"7"}},
{"type":"Feature","geometry":{"type":"Point","coordinates":[-87.6536574,41.9256163]},"properties":{"id":"a3a4ac3f-a135-11e9-9cda-0a87ae2ba916","station_name":"Sheffield Ave & Fullerton Ave","short_name":"CHI00225","total_docks":"28","docks_in_service":"28","status":"In Service","latitude":"41.9256163","longitude":"-87.6536574",":id":"row-i8yw.x6jb.f9ax",":version":"rv-m8ix-w76n-peqm",":created_at":"2025-07-16T11:04:47.100Z",":updated_at":"2025-07-16T11:04:54.281Z",":@computed_region_awaf_s7ux":"51",":@computed_region_6mkv_f3dw":"21190",":@computed_region_vrxf_vc4k":"68",":@computed_region_bdys_3d7i":"795",":@computed_region_43wa_7qmu":"34",":@computed_region_rpca_8um6":"16",":@computed_region_8hcu_yrd4":"43"}},
{"type":"Feature","geometry":{"type":"Point","coordinates":[-87.69268,41.92811]},"properties":{"id":"2130025986384902502","station_name":"Rockwell Ave & Logan Blvd","short_name":"CHI02130","total_docks":"15","docks_in_service":"15","status":"In Service","latitude":"41.92811","longitude":"-87.69268",":id":"row-jwjp-4asj.i2gs",":version":"rv-p7mw.3xjj-84ii",":created_at":"2026-01-01T12:00:20.473Z",":updated_at":"2026-01-01T12:00:28.954Z",":@computed_region_awaf_s7ux":"15",":@computed_region_6mkv_f3dw":"22535",":@computed_region_vrxf_vc4k":"23",":@computed_region_bdys_3d7i":"468",":@computed_region_43wa_7qmu":"40",":@computed_region_rpca_8um6":"1",":@computed_region_8hcu_yrd4":"1"}},
{"type":"Feature","geometry":{"type":"Point","coordinates":[-87.67151,41.90629]},"properties":{"id":"2124315675815283526","station_name":"Wood St & Milwaukee Ave","short_name":"CHI02119","total_docks":"15","docks_in_service":"15","status":"In Service","latitude":"41.90629","longitude":"-87.67151",":id":"row-24k5~5h42_n8q7",":version":"rv-3dsm.867g-hs84",":created_at":"2026-02-26T12:02:37.102Z",":updated_at":"2026-02-26T12:02:39.949Z",":@computed_region_awaf_s7ux":"24",":@computed_region_6mkv_f3dw":"21560",":@computed_region_vrxf_vc4k":"25",":@computed_region_bdys_3d7i":"481",":@computed_region_43wa_7qmu":"41",":@computed_region_rpca_8um6":"4",":@computed_region_8hcu_yrd4":"1"}},
{"type":"Feature","geometry":{"type":"Point","coordinates":[-87.6494219288,41.9105780349]},"properties":{"id":"a3a497b6-a135-11e9-9cda-0a87ae2ba916","station_name":"Dayton St & North Ave","short_name":"CHI00240","total_docks":"19","docks_in_service":"19","status":"In Service","latitude":"41.9105780349","longitude":"-87.6494219288",":id":"row-darr_cmyc_nzsb",":version":"rv-3xgv-mteu~eeq2",":created_at":"2026-01-29T12:00:16.814Z",":updated_at":"2026-01-29T12:00:31.023Z",":@computed_region_awaf_s7ux":"51",":@computed_region_6mkv_f3dw":"22620",":@computed_region_vrxf_vc4k":"37",":@computed_region_bdys_3d7i":"108",":@computed_region_43wa_7qmu":"11",":@computed_region_rpca_8um6":"49",":@computed_region_8hcu_yrd4":"2"}},
{"type":"Feature","geometry":{"type":"Point","coordinates":[-87.74695,41.94973]},"properties":{"id":"1936582560225114270","station_name":"Grace St & Cicero Ave","short_name":"CHI00815","total_docks":"15","docks_in_service":"15","status":"In Service","latitude":"41.94973","longitude":"-87.74695",":id":"row-x6tq.rsei_a8wx",":version":"rv-89w8_ey85-2xjw",":created_at":"2025-06-14T11:00:19.984Z",":updated_at":"2025-06-14T11:00:25.292Z",":@computed_region_awaf_s7ux":"25",":@computed_region_6mkv_f3dw":"22618",":@computed_region_vrxf_vc4k":"15",":@computed_region_bdys_3d7i":"139",":@computed_region_43wa_7qmu":"21",":@computed_region_rpca_8um6":"21",":@computed_region_8hcu_yrd4":"30"}},
{"type":"Feature","geometry":{"type":"Point","coordinates":[-87.590368,41.802562]},"properties":{"id":"a3a5a9d0-a135-11e9-9cda-0a87ae2ba916","station_name":"Blackstone Ave & Hyde Park Blvd","short_name":"CHI00520","total_docks":"19","docks_in_service":"19","status":"In Service","latitude":"41.802562","longitude":"-87.590368",":id":"row-ydvm.p9sa.msnw",":version":"rv-8tpq.fe7a.mjha",":created_at":"2026-01-31T12:00:25.966Z",":updated_at":"2026-01-31T12:03:14.902Z",":@computed_region_awaf_s7ux":"1",":@computed_region_6mkv_f3dw":"21192",":@computed_region_vrxf_vc4k":"5",":@computed_region_bdys_3d7i":"400",":@computed_region_43wa_7qmu":"10",":@computed_region_rpca_8um6":"10",":@computed_region_8hcu_yrd4":"9"}},
{"type":"Feature","geometry":{"type":"Point","coordinates":[-87.70202,41.83925]},"properties":{"id":"1943245395846580390","station_name":"La Villita Park","short_name":"CHI01794","total_docks":"15","docks_in_service":"15","status":"In Service","latitude":"41.83925","longitude":"-87.70202",":id":"row-r4dr-atw8-9eqn",":version":"rv-k2ub.gjmd-jjiz",":created_at":"2025-06-14T11:00:19.984Z",":updated_at":"2025-06-14T11:00:25.292Z",":@computed_region_awaf_s7ux":"29",":@computed_region_6mkv_f3dw":"21569",":@computed_region_vrxf_vc4k":"32",":@computed_region_bdys_3d7i":"124",":@computed_region_43wa_7qmu":"1",":@computed_region_rpca_8um6":"57",":@computed_region_8hcu_yrd4":"25"}},
{"type":"Feature","geometry":{"type":"Point","coordinates":[-87.6191537415,41.85418424947]},"properties":{"id":"a3ac8dfb-a135-11e9-9cda-0a87ae2ba916","station_name":"Calumet Ave & 21st St","short_name":"CHI00560","total_docks":"15","docks_in_service":"15","status":"In Service","latitude":"41.8541842495","longitude":"-87.6191537415",":id":"row-p6zr~hh6z-yc3v",":version":"rv-2a6n~hj2j.i39s",":created_at":"2025-06-14T11:00:19.984Z",":updated_at":"2025-06-14T11:00:25.292Z",":@computed_region_awaf_s7ux":"48",":@computed_region_6mkv_f3dw":"21194",":@computed_region_vrxf_vc4k":"34",":@computed_region_bdys_3d7i":"374",":@computed_region_43wa_7qmu":"9",":@computed_region_rpca_8um6":"40",":@computed_region_8hcu_yrd4":"8"}},
{"type":"Feature","geometry":{"type":"Point","coordinates":[-87.6951398068,41.84910969176]},"properties":{"id":"a3ade2c3-a135-11e9-9cda-0a87ae2ba916","station_name":"California Ave & 23rd Pl","short_name":"CHI00660","total_docks":"11","docks_in_service":"11","status":"In Service","latitude":"41.8491096918","longitude":"-87.6951398068",":id":"row-wvup.xin7~xaqu",":version":"rv-ngb9_hpim_se5a",":created_at":"2026-02-17T12:00:20.180Z",":updated_at":"2026-02-17T12:00:23.401Z",":@computed_region_awaf_s7ux":"29",":@computed_region_6mkv_f3dw":"14920",":@computed_region_vrxf_vc4k":"32",":@computed_region_bdys_3d7i":"263",":@computed_region_43wa_7qmu":"1",":@computed_region_rpca_8um6":"43",":@computed_region_8hcu_yrd4":"25"}},
{"type":"Feature","geometry":{"type":"Point","coordinates":[-87.7159844,41.9759837]},"properties":{"id":"1926982189560422428","station_name":"St Louis Ave & Foster Ave","short_name":"CHI01539","total_docks":"15","docks_in_service":"15","status":"In Service","latitude":"41.9759837","longitude":"-87.7159844",":id":"row-ghvw_yxj3~mjky",":version":"rv-hqhz_75h8~5tt4",":created_at":"2026-01-27T12:02:30.998Z",":updated_at":"2026-01-27T12:02:32.589Z",":@computed_region_awaf_s7ux":"28",":@computed_region_6mkv_f3dw":"21849",":@computed_region_vrxf_vc4k":"13",":@computed_region_bdys_3d7i":"167",":@computed_region_43wa_7qmu":"38",":@computed_region_rpca_8um6":"20",":@computed_region_8hcu_yrd4":"39"}},
{"type":"Feature","geometry":{"type":"Point","coordinates":[-87.6904922389,42.0085943972]},"properties":{"id":"a3af5d1c-a135-11e9-9cda-0a87ae2ba916","station_name":"Western Ave & Lunt Ave","short_name":"CHI00801","total_docks":"15","docks_in_service":"15","status":"In Service","latitude":"42.0085943972","longitude":"-87.6904922389",":id":"row-h5vd_jhai~fc3j",":version":"rv-xbx8_qphf-3yzc",":created_at":"2026-01-31T12:00:25.966Z",":updated_at":"2026-01-31T12:03:14.902Z",":@computed_region_awaf_s7ux":"42",":@computed_region_6mkv_f3dw":"22528",":@computed_region_vrxf_vc4k":"20",":@computed_region_bdys_3d7i":"42",":@computed_region_43wa_7qmu":"27",":@computed_region_rpca_8um6":"12",":@computed_region_8hcu_yrd4":"40"}},
{"type":"Feature","geometry":{"type":"Point","coordinates":[-87.6515,41.955417]},"properties":{"id":"2129649769571455176","station_name":"Broadway & Cuyler Ave","short_name":"CHI02128","total_docks":"15","docks_in_service":"15","status":"In Service","latitude":"41.955417","longitude":"-87.6515",":id":"row-wqu5~tk5x-tdq3",":version":"rv-q8fd.8bc4.vw4y",":created_at":"2026-01-03T12:02:28.849Z",":updated_at":"2026-01-03T12:02:30.581Z",":@computed_region_awaf_s7ux":"37",":@computed_region_6mkv_f3dw":"21186",":@computed_region_vrxf_vc4k":"31",":@computed_region_bdys_3d7i":"577",":@computed_region_43wa_7qmu":"39",":@computed_region_rpca_8um6":"53",":@computed_region_8hcu_yrd4":"46"}},
{"type":"Feature","geometry":{"type":"Point","coordinates":[-87.656526,41.80839]},"properties":{"id":"a3b2044b-a135-11e9-9cda-0a87ae2ba916","station_name":"Elizabeth St & 47th St","short_name":"CHI00693","total_docks":"11","docks_in_service":"11","status":"In Service","latitude":"41.80839","longitude":"-87.656526",":id":"row-sahh_esv6~srmq",":version":"rv-wn46.sfp4-ncwd",":created_at":"2026-01-31T12:00:25.966Z",":updated_at":"2026-01-31T12:03:14.902Z",":@computed_region_awaf_s7ux":"12",":@computed_region_6mkv_f3dw":"14924",":@computed_region_vrxf_vc4k":"59",":@computed_region_bdys_3d7i":"739",":@computed_region_43wa_7qmu":"4",":@computed_region_rpca_8um6":"37",":@computed_region_8hcu_yrd4":"20"}},
{"type":"Feature","geometry":{"type":"Point","coordinates":[-87.80788,41.93783]},"properties":{"id":"1962566552401003212","station_name":"Oconto Ave & Belmont Ave","short_name":"CHI01921","total_docks":"15","docks_in_service":"15","status":"In Service","latitude":"41.93783","longitude":"-87.80788",":id":"row-9vi2_6vf5-fnz7",":version":"rv-wzpp_hc2z_r4r3",":created_at":"2026-01-31T12:00:25.966Z",":updated_at":"2026-01-31T12:03:14.902Z",":@computed_region_awaf_s7ux":"39",":@computed_region_6mkv_f3dw":"22254",":@computed_region_vrxf_vc4k":"17",":@computed_region_bdys_3d7i":"424",":@computed_region_43wa_7qmu":"7",":@computed_region_rpca_8um6":"51",":@computed_region_8hcu_yrd4":"29"}},
{"type":"Feature","geometry":{"type":"Point","coordinates":[-87.684158,41.929465]},"properties":{"id":"a3a95669-a135-11e9-9cda-0a87ae2ba916","station_name":"Logan Blvd & Elston Ave","short_name":"CHI00410","total_docks":"27","docks_in_service":"27","status":"In Service","latitude":"41.929465","longitude":"-87.684158",":id":"row-96kz.pqxm_wg7g",":version":"rv-snb6~d6is~8sth",":created_at":"2026-02-26T12:02:37.102Z",":updated_at":"2026-02-26T12:02:39.949Z",":@computed_region_awaf_s7ux":"24",":@computed_region_6mkv_f3dw":"22535",":@computed_region_vrxf_vc4k":"23",":@computed_region_bdys_3d7i":"240",":@computed_region_43wa_7qmu":"41",":@computed_region_rpca_8um6":"1",":@computed_region_8hcu_yrd4":"32"}},
{"type":"Feature","geometry":{"type":"Point","coordinates":[-87.71763,41.89581]},"properties":{"id":"1932128180709716638","station_name":"Monticello Ave & Chicago Ave","short_name":"CHI02011","total_docks":"11","docks_in_service":"11","status":"In Service","latitude":"41.89581","longitude":"-87.71763",":id":"row-6tn6-zijj~gqib",":version":"rv-859m_r5f3-py97",":created_at":"2026-01-30T12:02:27.964Z",":updated_at":"2026-01-30T12:02:29.655Z",":@computed_region_awaf_s7ux":"41",":@computed_region_6mkv_f3dw":"4299",":@computed_region_vrxf_vc4k":"24",":@computed_region_bdys_3d7i":"456",":@computed_region_43wa_7qmu":"46",":@computed_region_rpca_8um6":"5",":@computed_region_8hcu_yrd4":"27"}},
{"type":"Feature","geometry":{"type":"Point","coordinates":[-87.633449288,41.80931770924]},"properties":{"id":"a3ad47f8-a135-11e9-9cda-0a87ae2ba916","station_name":"Princeton Ave & 47th St","short_name":"CHI00804","total_docks":"11","docks_in_service":"11","status":"In Service","latitude":"41.8093177092","longitude":"-87.633449288",":id":"row-uzjd.6gej-wecq",":version":"rv-8den.tmdg_ptwp",":created_at":"2026-01-31T12:00:25.966Z",":updated_at":"2026-01-31T12:03:14.902Z",":@computed_region_awaf_s7ux":"12",":@computed_region_6mkv_f3dw":"14924",":@computed_region_vrxf_vc4k":"3",":@computed_region_bdys_3d7i":"189",":@computed_region_43wa_7qmu":"9",":@computed_region_rpca_8um6":"37",":@computed_region_8hcu_yrd4":"20"}},
{"type":"Feature","geometry":{"type":"Point","coordinates":[-87.740569,41.953733]},"properties":{"id":"a3b2c354-a135-11e9-9cda-0a87ae2ba916","station_name":"Kilbourn Ave & Irving Park Rd","short_name":"CHI01081","total_docks":"11","docks_in_service":"11","status":"In Service","latitude":"41.953733","longitude":"-87.740569",":id":"row-rjwi.h724_aepc",":version":"rv-u6um_99wj_8bpf",":created_at":"2025-06-14T11:00:19.984Z",":updated_at":"2025-06-14T11:00:25.292Z",":@computed_region_awaf_s7ux":"25",":@computed_region_6mkv_f3dw":"22618",":@computed_region_vrxf_vc4k":"16",":@computed_region_bdys_3d7i":"363",":@computed_region_43wa_7qmu":"50",":@computed_region_rpca_8um6":"21",":@computed_region_8hcu_yrd4":"45"}},
{"type":"Feature","geometry":{"type":"Point","coordinates":[-87.681932,41.979851]},"properties":{"id":"a3b477ac-a135-11e9-9cda-0a87ae2ba916","station_name":"Hoyne Ave & Balmoral Ave","short_name":"CHI00773","total_docks":"15","docks_in_service":"15","status":"In Service","latitude":"41.979851","longitude":"-87.681932",":id":"row-3zni-u3wk~xjaj",":version":"rv-ums5.vygk~6954",":created_at":"2026-01-29T12:00:16.814Z",":updated_at":"2026-01-29T12:00:31.023Z",":@computed_region_awaf_s7ux":"46",":@computed_region_6mkv_f3dw":"21849",":@computed_region_vrxf_vc4k":"6",":@computed_region_bdys_3d7i":"664",":@computed_region_43wa_7qmu":"24",":@computed_region_rpca_8um6":"20",":@computed_region_8hcu_yrd4":"40"}},
{"type":"Feature","geometry":{"type":"Point","coordinates":[-87.6456165545,41.80813391481]},"properties":{"id":"a3ad42c3-a135-11e9-9cda-0a87ae2ba916","station_name":"Halsted St & 47th Pl","short_name":"CHI00523","total_docks":"11","docks_in_service":"11","status":"In Service","latitude":"41.8081339148","longitude":"-87.6456165545",":id":"row-kead.m3ax~cruu",":version":"rv-gdpt~69pp-969q",":created_at":"2026-01-30T12:02:27.964Z",":updated_at":"2026-01-30T12:02:29.655Z",":@computed_region_awaf_s7ux":"12",":@computed_region_6mkv_f3dw":"14924",":@computed_region_vrxf_vc4k":"59",":@computed_region_bdys_3d7i":"708",":@computed_region_43wa_7qmu":"4",":@computed_region_rpca_8um6":"37",":@computed_region_8hcu_yrd4":"20"}},
{"type":"Feature","geometry":{"type":"Point","coordinates":[-87.63219,41.867491]},"properties":{"id":"a3b37ce0-a135-11e9-9cda-0a87ae2ba916","station_name":"Delano Ct & Roosevelt Rd","short_name":"CHI00612","total_docks":"19","docks_in_service":"19","status":"In Service","latitude":"41.867491","longitude":"-87.63219",":id":"row-r5pc_96kr-5qu7",":version":"rv-hgs2_9vg9.gd5v",":created_at":"2025-12-11T12:00:17.268Z",":updated_at":"2025-12-11T12:00:25.571Z",":@computed_region_awaf_s7ux":"48",":@computed_region_6mkv_f3dw":"14917",":@computed_region_vrxf_vc4k":"38",":@computed_region_bdys_3d7i":"12",":@computed_region_43wa_7qmu":"26",":@computed_region_rpca_8um6":"35",":@computed_region_8hcu_yrd4":"34"}},
{"type":"Feature","geometry":{"type":"Point","coordinates":[-87.652855,41.913688]},"properties":{"id":"a3a51e6e-a135-11e9-9cda-0a87ae2ba916","station_name":"Sheffield Ave & Willow St","short_name":"CHI00264","total_docks":"15","docks_in_service":"15","status":"In Service","latitude":"41.913688","longitude":"-87.652855",":id":"row-ib8j~qrdu_v3ie",":version":"rv-kndn~h3a5-fcpu",":created_at":"2026-01-29T12:00:16.814Z",":updated_at":"2026-01-29T12:00:31.023Z",":@computed_region_awaf_s7ux":"16",":@computed_region_6mkv_f3dw":"21190",":@computed_region_vrxf_vc4k":"68",":@computed_region_bdys_3d7i":"168",":@computed_region_43wa_7qmu":"11",":@computed_region_rpca_8um6":"16",":@computed_region_8hcu_yrd4":"43"}},
{"type":"Feature","geometry":{"type":"Point","coordinates":[-87.70857,41.990267]},"properties":{"id":"1866822399451882164","station_name":"Lincoln Ave & Peterson Ave","short_name":"CHI01868","total_docks":"15","docks_in_service":"15","status":"In Service","latitude":"41.990267","longitude":"-87.70857",":id":"row-p8n7.ap7e_kk9s",":version":"rv-a8us_sg2j~8fqs",":created_at":"2025-06-14T11:00:19.984Z",":updated_at":"2025-06-14T11:00:25.292Z",":@computed_region_awaf_s7ux":"46",":@computed_region_6mkv_f3dw":"4450",":@computed_region_vrxf_vc4k":"20",":@computed_region_bdys_3d7i":"65",":@computed_region_43wa_7qmu":"24",":@computed_region_rpca_8um6":"50",":@computed_region_8hcu_yrd4":"50"}},
{"type":"Feature","geometry":{"type":"Point","coordinates":[-87.645143,41.838198]},"properties":{"id":"a3aaf7bc-a135-11e9-9cda-0a87ae2ba916","station_name":"Emerald Ave & 31st St","short_name":"CHI00486","total_docks":"15","docks_in_service":"15","status":"In Service","latitude":"41.838198","longitude":"-87.645143",":id":"row-6i4e-ixg8~tcjj",":version":"rv-ff2t_qwv3.npja",":created_at":"2025-12-28T12:02:30.178Z",":updated_at":"2025-12-28T12:02:36.842Z",":@computed_region_awaf_s7ux":"26",":@computed_region_6mkv_f3dw":"21194",":@computed_region_vrxf_vc4k":"58",":@computed_region_bdys_3d7i":"688",":@computed_region_43wa_7qmu":"48",":@computed_region_rpca_8um6":"40",":@computed_region_8hcu_yrd4":"7"}},
{"type":"Feature","geometry":{"type":"Point","coordinates":[-87.72247,41.75725]},"properties":{"id":"2072042555341816674","station_name":"Pulaski Rd & 75th St","short_name":"CHI01998","total_docks":"15","docks_in_service":"15","status":"In Service","latitude":"41.75725","longitude":"-87.72247",":id":"row-5ia7.76k9.uhcm",":version":"rv-8nr3-3mzw_w5dt",":created_at":"2026-01-12T12:00:27.725Z",":updated_at":"2026-01-12T12:00:29.487Z",":@computed_region_awaf_s7ux":"23",":@computed_region_6mkv_f3dw":"4300",":@computed_region_vrxf_vc4k":"63",":@computed_region_bdys_3d7i":"318",":@computed_region_43wa_7qmu":"30",":@computed_region_rpca_8um6":"58",":@computed_region_8hcu_yrd4":"18"}},
{"type":"Feature","geometry":{"type":"Point","coordinates":[-87.7245,41.85345]},"properties":{"id":"1931696364106218226","station_name":"21st St & Pulaski Rd","short_name":"CHI01823","total_docks":"15","docks_in_service":"15","status":"In Service","latitude":"41.85345","longitude":"-87.7245",":id":"row-ejqj_guqn~7wd8",":version":"rv-a5ve_hi6y_8mgm",":created_at":"2026-02-26T12:02:37.102Z",":updated_at":"2026-02-26T12:02:39.949Z",":@computed_region_awaf_s7ux":"36",":@computed_region_6mkv_f3dw":"21569",":@computed_region_vrxf_vc4k":"30",":@computed_region_bdys_3d7i":"752",":@computed_region_43wa_7qmu":"14",":@computed_region_rpca_8um6":"57",":@computed_region_8hcu_yrd4":"24"}},
{"type":"Feature","geometry":{"type":"Point","coordinates":[-87.60563486,41.77372095205]},"properties":{"id":"a3ada002-a135-11e9-9cda-0a87ae2ba916","station_name":"Cottage Grove Ave & 67th St","short_name":"CHI00582","total_docks":"11","docks_in_service":"11","status":"In Service","latitude":"41.773720952","longitude":"-87.60563486",":id":"row-mgdw~3v5t-bzqq",":version":"rv-q4vx.xxw7-757x",":created_at":"2025-12-04T12:02:28.719Z",":updated_at":"2025-12-04T12:02:31.069Z",":@computed_region_awaf_s7ux":"32",":@computed_region_6mkv_f3dw":"22260",":@computed_region_vrxf_vc4k":"9",":@computed_region_bdys_3d7i":"347",":@computed_region_43wa_7qmu":"33",":@computed_region_rpca_8um6":"60",":@computed_region_8hcu_yrd4":"20"}},
{"type":"Feature","geometry":{"type":"Point","coordinates":[-87.605970203876,41.780530940709]},"properties":{"id":"a3ad95a7-a135-11e9-9cda-0a87ae2ba916","station_name":"Cottage Grove Ave & 63rd St","short_name":"CHI00587","total_docks":"15","docks_in_service":"15","status":"In Service","latitude":"41.7805309407","longitude":"-87.6059702039",":id":"row-zcwn~xc62-8xyk",":version":"rv-uyny-izu3-cwha",":created_at":"2025-12-04T12:02:28.719Z",":updated_at":"2025-12-04T12:02:31.069Z",":@computed_region_awaf_s7ux":"53",":@computed_region_6mkv_f3dw":"22260",":@computed_region_vrxf_vc4k":"9",":@computed_region_bdys_3d7i":"471",":@computed_region_43wa_7qmu":"4",":@computed_region_rpca_8um6":"60",":@computed_region_8hcu_yrd4":"20"}},
{"type":"Feature","geometry":{"type":"Point","coordinates":[-87.644874,41.787539]},"properties":{"id":"a3b2d2b7-a135-11e9-9cda-0a87ae2ba916","station_name":"Halsted St & 59th St","short_name":"CHI00734","total_docks":"11","docks_in_service":"11","status":"In Service","latitude":"41.787539","longitude":"-87.644874",":id":"row-5b3n_acs3_948a",":version":"rv-r2kg~bas5.kt95",":created_at":"2025-06-14T11:00:19.984Z",":updated_at":"2025-06-14T11:00:25.292Z",":@computed_region_awaf_s7ux":"53",":@computed_region_6mkv_f3dw":"21559",":@computed_region_vrxf_vc4k":"66",":@computed_region_bdys_3d7i":"113",":@computed_region_43wa_7qmu":"4",":@computed_region_rpca_8um6":"11",":@computed_region_8hcu_yrd4":"16"}},
{"type":"Feature","geometry":{"type":"Point","coordinates":[-87.64729,41.88672]},"properties":{"id":"2126942354115684484","station_name":"Halsted St & Fulton St","short_name":"CHI02118","total_docks":"15","docks_in_service":"15","status":"In Service","latitude":"41.88672","longitude":"-87.64729",":id":"row-wzad_isyb~eeen",":version":"rv-im48.z6tc.jdgr",":created_at":"2025-09-13T11:00:18.627Z",":updated_at":"2025-09-13T11:00:42.056Z",":@computed_region_awaf_s7ux":"41",":@computed_region_6mkv_f3dw":"4452",":@computed_region_vrxf_vc4k":"29",":@computed_region_bdys_3d7i":"784",":@computed_region_43wa_7qmu":"46",":@computed_region_rpca_8um6":"45",":@computed_region_8hcu_yrd4":"27"}},
{"type":"Feature","geometry":{"type":"Point","coordinates":[-87.64115,41.88166]},"properties":{"id":"a3a4daa1-a135-11e9-9cda-0a87ae2ba916","station_name":"Clinton St & Madison St","short_name":"CHI00233","total_docks":"27","docks_in_service":"27","status":"In Service","latitude":"41.88166","longitude":"-87.64115",":id":"row-t8rw-6a4w-pqih",":version":"rv-5dmr-v9u3.wj9u",":created_at":"2026-01-27T12:02:30.998Z",":updated_at":"2026-01-27T12:02:32.589Z",":@computed_region_awaf_s7ux":"48",":@computed_region_6mkv_f3dw":"14914",":@computed_region_vrxf_vc4k":"29",":@computed_region_bdys_3d7i":"786",":@computed_region_43wa_7qmu":"36",":@computed_region_rpca_8um6":"45",":@computed_region_8hcu_yrd4":"42"}},
{"type":"Feature","geometry":{"type":"Point","coordinates":[-87.705866,41.961041]},"properties":{"id":"a3af9f99-a135-11e9-9cda-0a87ae2ba916","station_name":"Albany Ave & Montrose Ave","short_name":"CHI01768","total_docks":"11","docks_in_service":"11","status":"In Service","latitude":"41.961041","longitude":"-87.705866",":id":"row-hwiw_28hw.7z8k",":version":"rv-cmgp-tdry.jm9z",":created_at":"2025-06-14T11:00:19.984Z",":updated_at":"2025-06-14T11:00:25.292Z",":@computed_region_awaf_s7ux":"2",":@computed_region_6mkv_f3dw":"21538",":@computed_region_vrxf_vc4k":"16",":@computed_region_bdys_3d7i":"214",":@computed_region_43wa_7qmu":"20",":@computed_region_rpca_8um6":"39",":@computed_region_8hcu_yrd4":"33"}},
{"type":"Feature","geometry":{"type":"Point","coordinates":[-87.82925,41.94766]},"properties":{"id":"2010820263334840794","station_name":"Panama Ave & Grace St","short_name":"CHI01891","total_docks":"11","docks_in_service":"11","status":"In Service","latitude":"41.94766","longitude":"-87.82925",":id":"row-zazf.azbr.tu4r",":version":"rv-ueg9~dmu8~xg46",":created_at":"2026-01-14T12:00:28.010Z",":updated_at":"2026-01-14T12:00:29.669Z",":@computed_region_awaf_s7ux":"39",":@computed_region_6mkv_f3dw":"22254",":@computed_region_vrxf_vc4k":"17",":@computed_region_bdys_3d7i":"445",":@computed_region_43wa_7qmu":"19",":@computed_region_rpca_8um6":"52",":@computed_region_8hcu_yrd4":"38"}},
{"type":"Feature","geometry":{"type":"Point","coordinates":[-87.672797441483,41.921056729928]},"properties":{"id":"a3a83ba1-a135-11e9-9cda-0a87ae2ba916","station_name":"Wood St & Webster Ave","short_name":"CHI00331","total_docks":"19","docks_in_service":"19","status":"In Service","latitude":"41.9210567299","longitude":"-87.6727974415",":id":"row-kiiv-ezhc.uqth",":version":"rv-b2aa~u7v5.x7ub",":created_at":"2026-01-29T12:00:16.814Z",":updated_at":"2026-01-29T12:00:31.023Z",":@computed_region_awaf_s7ux":"16",":@computed_region_6mkv_f3dw":"21190",":@computed_region_vrxf_vc4k":"23",":@computed_region_bdys_3d7i":"209",":@computed_region_43wa_7qmu":"40",":@computed_region_rpca_8um6":"16",":@computed_region_8hcu_yrd4":"32"}},
{"type":"Feature","geometry":{"type":"Point","coordinates":[-87.673688,41.871262]},"properties":{"id":"a3ab86b6-a135-11e9-9cda-0a87ae2ba916","station_name":"Wolcott Ave & Polk St","short_name":"CHI00501","total_docks":"23","docks_in_service":"23","status":"In Service","latitude":"41.871262","longitude":"-87.673688",":id":"row-xzxt~uzaj_vwbc",":version":"rv-nkfi-4nfp_dzsq",":created_at":"2026-01-01T12:00:20.473Z",":updated_at":"2026-01-01T12:00:28.954Z",":@computed_region_awaf_s7ux":"48",":@computed_region_6mkv_f3dw":"21184",":@computed_region_vrxf_vc4k":"29",":@computed_region_bdys_3d7i":"5",":@computed_region_43wa_7qmu":"46",":@computed_region_rpca_8um6":"28",":@computed_region_8hcu_yrd4":"27"}},
{"type":"Feature","geometry":{"type":"Point","coordinates":[-87.6188346489,41.8513751729]},"properties":{"id":"a3a4a202-a135-11e9-9cda-0a87ae2ba916","station_name":"McCormick Place","short_name":"CHI00607","total_docks":"27","docks_in_service":"27","status":"In Service","latitude":"41.8513751729","longitude":"-87.6188346489",":id":"row-cuvz~3r4v.gjbn",":version":"rv-mrrt_r8gf~um3g",":created_at":"2026-01-29T12:00:16.814Z",":updated_at":"2026-01-29T12:00:31.023Z",":@computed_region_awaf_s7ux":"48",":@computed_region_6mkv_f3dw":"21194",":@computed_region_vrxf_vc4k":"34",":@computed_region_bdys_3d7i":"193",":@computed_region_43wa_7qmu":"10",":@computed_region_rpca_8um6":"40",":@computed_region_8hcu_yrd4":"9"}},
{"type":"Feature","geometry":{"type":"Point","coordinates":[-87.726091593504,41.874410210038]},"properties":{"id":"a3b12dfb-a135-11e9-9cda-0a87ae2ba916","station_name":"Pulaski Rd & Congress Pkwy","short_name":"CHI01136","total_docks":"11","docks_in_service":"11","status":"In Service","latitude":"41.87441021","longitude":"-87.7260915935",":id":"row-3vy4-y6a5-d94y",":version":"rv-ejva_2wiq.mh43",":created_at":"2025-11-01T11:02:39.634Z",":updated_at":"2025-11-01T11:02:42.699Z",":@computed_region_awaf_s7ux":"36",":@computed_region_6mkv_f3dw":"21572",":@computed_region_vrxf_vc4k":"27",":@computed_region_bdys_3d7i":"675",":@computed_region_43wa_7qmu":"23",":@computed_region_rpca_8um6":"30",":@computed_region_8hcu_yrd4":"28"}},
{"type":"Feature","geometry":{"type":"Point","coordinates":[-87.666746377945,41.916433429127]},"properties":{"id":"a3a48d5c-a135-11e9-9cda-0a87ae2ba916","station_name":"Elston Ave & Cortland St","short_name":"CHI00259","total_docks":"23","docks_in_service":"23","status":"In Service","latitude":"41.9164334291","longitude":"-87.6667463779",":id":"row-ni2s-pjfi.qcbx",":version":"rv-sg5u-qcc2-2a2x",":created_at":"2026-01-30T12:02:27.964Z",":updated_at":"2026-01-30T12:02:29.655Z",":@computed_region_awaf_s7ux":"16",":@computed_region_6mkv_f3dw":"22620",":@computed_region_vrxf_vc4k":"23",":@computed_region_bdys_3d7i":"209",":@computed_region_43wa_7qmu":"40",":@computed_region_rpca_8um6":"49",":@computed_region_8hcu_yrd4":"32"}},
{"type":"Feature","geometry":{"type":"Point","coordinates":[-87.642611861229,41.692262555892]},"properties":{"id":"a77136ee-060b-433b-88d0-ec74af1ef7ad","station_name":"Halsted St & 111th St","short_name":"CHI00956","total_docks":"15","docks_in_service":"15","status":"In Service","latitude":"41.6922625559","longitude":"-87.6426118612",":id":"row-x4cb_itu8_5ayi",":version":"rv-zsqa_g7rn~g8kr",":created_at":"2025-06-14T11:00:19.984Z",":updated_at":"2025-06-14T11:00:25.292Z",":@computed_region_awaf_s7ux":"45",":@computed_region_6mkv_f3dw":"21861",":@computed_region_vrxf_vc4k":"74",":@computed_region_bdys_3d7i":"663",":@computed_region_43wa_7qmu":"22",":@computed_region_rpca_8um6":"13",":@computed_region_8hcu_yrd4":"21"}},
{"type":"Feature","geometry":{"type":"Point","coordinates":[-87.60641,41.75849]},"properties":{"id":"a3b25b6d-a135-11e9-9cda-0a87ae2ba916","station_name":"Evans Ave & 75th St","short_name":"CHI00711","total_docks":"7","docks_in_service":"7","status":"In Service","latitude":"41.75849","longitude":"-87.60641",":id":"row-ce9g-82c9~6kjj",":version":"rv-e2md~8rwy~5xth",":created_at":"2026-01-30T12:02:27.964Z",":updated_at":"2026-01-30T12:02:29.655Z",":@computed_region_awaf_s7ux":"31",":@computed_region_6mkv_f3dw":"21546",":@computed_region_vrxf_vc4k":"67",":@computed_region_bdys_3d7i":"496",":@computed_region_43wa_7qmu":"32",":@computed_region_rpca_8um6":"61",":@computed_region_8hcu_yrd4":"4"}},
{"type":"Feature","geometry":{"type":"Point","coordinates":[-87.6985973,42.0044482]},"properties":{"id":"1929537544978749446","station_name":"Fairfield Ave & Pratt Blvd","short_name":"CHI01780","total_docks":"15","docks_in_service":"15","status":"In Service","latitude":"42.0044482","longitude":"-87.6985973",":id":"row-snyw-t5nk_vbfb",":version":"rv-def9-gd3u-6wmz",":created_at":"2025-11-09T12:00:23.194Z",":updated_at":"2025-11-09T12:00:23.429Z",":@computed_region_awaf_s7ux":"42",":@computed_region_6mkv_f3dw":"22528",":@computed_region_vrxf_vc4k":"20",":@computed_region_bdys_3d7i":"40",":@computed_region_43wa_7qmu":"27",":@computed_region_rpca_8um6":"12",":@computed_region_8hcu_yrd4":"50"}},
{"type":"Feature","geometry":{"type":"Point","coordinates":[-87.558342218399,41.733668790715]},"properties":{"id":"6849c4e2-cffa-432b-8d83-5c0524594b4f","station_name":"Marquette Ave & 89th St","short_name":"CHI00871","total_docks":"15","docks_in_service":"15","status":"In Service","latitude":"41.7336687907","longitude":"-87.5583422184",":id":"row-c2sp.7yw5~aduq",":version":"rv-6xq2~97dh_9fy4",":created_at":"2025-06-14T11:00:19.984Z",":updated_at":"2025-06-14T11:00:25.292Z",":@computed_region_awaf_s7ux":"43",":@computed_region_6mkv_f3dw":"21202",":@computed_region_vrxf_vc4k":"42",":@computed_region_bdys_3d7i":"508",":@computed_region_43wa_7qmu":"37",":@computed_region_rpca_8um6":"25",":@computed_region_8hcu_yrd4":"5"}},
{"type":"Feature","geometry":{"type":"Point","coordinates":[-87.664843,41.779374]},"properties":{"id":"a3b23785-a135-11e9-9cda-0a87ae2ba916","station_name":"Ashland Ave & 63rd St","short_name":"CHI00682","total_docks":"11","docks_in_service":"11","status":"In Service","latitude":"41.779374","longitude":"-87.664843",":id":"row-ktz3.j3td.kgkm",":version":"rv-yxez_r5nx-e8pu",":created_at":"2025-12-10T12:00:17.268Z",":updated_at":"2025-12-10T12:00:21.084Z",":@computed_region_awaf_s7ux":"19",":@computed_region_6mkv_f3dw":"22257",":@computed_region_vrxf_vc4k":"65",":@computed_region_bdys_3d7i":"280",":@computed_region_43wa_7qmu":"2",":@computed_region_rpca_8um6":"23",":@computed_region_8hcu_yrd4":"16"}},
{"type":"Feature","geometry":{"type":"Point","coordinates":[-87.572740316391,41.737151464311]},"properties":{"id":"59019cbc-47d4-4743-afb2-e71e9767df0c","station_name":"Clyde Ave & 87th St","short_name":"CHI00835","total_docks":"15","docks_in_service":"15","status":"In Service","latitude":"41.7371514643","longitude":"-87.5727403164",":id":"row-25bi~mjbb.887t",":version":"rv-d8ma~xxwi_wq8v",":created_at":"2025-08-21T11:04:47.876Z",":updated_at":"2025-08-21T11:04:52.104Z",":@computed_region_awaf_s7ux":"9",":@computed_region_6mkv_f3dw":"21202",":@computed_region_vrxf_vc4k":"41",":@computed_region_bdys_3d7i":"431",":@computed_region_43wa_7qmu":"35",":@computed_region_rpca_8um6":"25",":@computed_region_8hcu_yrd4":"10"}},
{"type":"Feature","geometry":{"type":"Point","coordinates":[-87.656952,41.883073]},"properties":{"id":"a3b4728f-a135-11e9-9cda-0a87ae2ba916","station_name":"Racine Ave & Washington Blvd","short_name":"CHI00791","total_docks":"11","docks_in_service":"11","status":"In Service","latitude":"41.883073","longitude":"-87.656952",":id":"row-rbuu_njnz.pzkh",":version":"rv-4tbr_w88u_dif6",":created_at":"2025-06-14T11:00:19.984Z",":updated_at":"2025-06-14T11:00:25.292Z",":@computed_region_awaf_s7ux":"41",":@computed_region_6mkv_f3dw":"14917",":@computed_region_vrxf_vc4k":"29",":@computed_region_bdys_3d7i":"63",":@computed_region_43wa_7qmu":"46",":@computed_region_rpca_8um6":"44",":@computed_region_8hcu_yrd4":"27"}},
{"type":"Feature","geometry":{"type":"Point","coordinates":[-87.78523,41.92729]},"properties":{"id":"1945087711550943880","station_name":"Narragansett Ave & Wrightwood Ave","short_name":"CHI00812","total_docks":"15","docks_in_service":"15","status":"In Service","latitude":"41.92729","longitude":"-87.78523",":id":"row-ynsi.gu4k~qytw",":version":"rv-zi7f-sqjw.29cq",":created_at":"2026-01-29T12:00:16.814Z",":updated_at":"2026-01-29T12:00:31.023Z",":@computed_region_awaf_s7ux":"52",":@computed_region_6mkv_f3dw":"22615",":@computed_region_vrxf_vc4k":"19",":@computed_region_bdys_3d7i":"78",":@computed_region_43wa_7qmu":"21",":@computed_region_rpca_8um6":"2",":@computed_region_8hcu_yrd4":"30"}},
{"type":"Feature","geometry":{"type":"Point","coordinates":[-87.6656098589,41.83920868403]},"properties":{"id":"a3ac83bc-a135-11e9-9cda-0a87ae2ba916","station_name":"Ashland Ave & Archer Ave","short_name":"CHI00363","total_docks":"15","docks_in_service":"15","status":"In Service","latitude":"41.839208684","longitude":"-87.6656098589",":id":"row-hf89.3j5b_ccev",":version":"rv-7w48-6ycw-t624",":created_at":"2026-01-30T12:02:27.964Z",":updated_at":"2026-01-30T12:02:29.655Z",":@computed_region_awaf_s7ux":"26",":@computed_region_6mkv_f3dw":"14920",":@computed_region_vrxf_vc4k":"33",":@computed_region_bdys_3d7i":"126",":@computed_region_43wa_7qmu":"26",":@computed_region_rpca_8um6":"43",":@computed_region_8hcu_yrd4":"12"}},
{"type":"Feature","geometry":{"type":"Point","coordinates":[-87.667855471373,41.973347640473]},"properties":{"id":"a3aab0b6-a135-11e9-9cda-0a87ae2ba916","station_name":"Clark St & Winnemac Ave","short_name":"CHI00495","total_docks":"19","docks_in_service":"19","status":"In Service","latitude":"41.9733476405","longitude":"-87.6678554714",":id":"row-ttj5~kw8e.i7ia",":version":"rv-i6wq.i9jp_tzvd",":created_at":"2026-01-29T12:00:16.814Z",":updated_at":"2026-01-29T12:00:31.023Z",":@computed_region_awaf_s7ux":"37",":@computed_region_6mkv_f3dw":"22616",":@computed_region_vrxf_vc4k":"31",":@computed_region_bdys_3d7i":"633",":@computed_region_43wa_7qmu":"18",":@computed_region_rpca_8um6":"15",":@computed_region_8hcu_yrd4":"47"}},
{"type":"Feature","geometry":{"type":"Point","coordinates":[-87.617867,41.865312]},"properties":{"id":"a3a53324-a135-11e9-9cda-0a87ae2ba916","station_name":"Field Museum","short_name":"CHI01749","total_docks":"55","docks_in_service":"55","status":"In Service","latitude":"41.865312","longitude":"-87.617867",":id":"row-rh54.tsdw~i676",":version":"rv-vecw~74yq-2yz3",":created_at":"2026-02-26T12:02:37.102Z",":updated_at":"2026-02-26T12:02:39.949Z",":@computed_region_awaf_s7ux":"48",":@computed_region_6mkv_f3dw":"14913",":@computed_region_vrxf_vc4k":"34",":@computed_region_bdys_3d7i":"374",":@computed_region_43wa_7qmu":"10",":@computed_region_rpca_8um6":"35",":@computed_region_8hcu_yrd4":"9"}},
{"type":"Feature","geometry":{"type":"Point","coordinates":[-87.634774,41.779835]},"properties":{"id":"a3b4590f-a135-11e9-9cda-0a87ae2ba916","station_name":"Stewart Ave & 63rd St","short_name":"CHI01217","total_docks":"11","docks_in_service":"11","status":"In Service","latitude":"41.779835","longitude":"-87.634774",":id":"row-m5ht-pkhm.zsmk",":version":"rv-3kvj-xvzf.ga88",":created_at":"2026-01-01T12:00:20.473Z",":updated_at":"2026-01-01T12:00:28.954Z",":@computed_region_awaf_s7ux":"53",":@computed_region_6mkv_f3dw":"21559",":@computed_region_vrxf_vc4k":"66",":@computed_region_bdys_3d7i":"435",":@computed_region_43wa_7qmu":"4",":@computed_region_rpca_8um6":"11",":@computed_region_8hcu_yrd4":"20"}},
{"type":"Feature","geometry":{"type":"Point","coordinates":[-87.6429,41.89758]},"properties":{"id":"2149950859971400242","station_name":"Larrabee St & Kingsbury St 2","short_name":"CHI02169","total_docks":"27","docks_in_service":"27","status":"In Service","latitude":"41.89758","longitude":"-87.6429",":id":"row-n3uw-g884-gq2h",":version":"rv-sg2p~eupj~vjaz",":created_at":"2026-02-26T12:02:37.102Z",":updated_at":"2026-02-26T12:02:39.949Z",":@computed_region_awaf_s7ux":"41",":@computed_region_6mkv_f3dw":"14926",":@computed_region_vrxf_vc4k":"37",":@computed_region_bdys_3d7i":"617",":@computed_region_43wa_7qmu":"46",":@computed_region_rpca_8um6":"54",":@computed_region_8hcu_yrd4":"27"}},
{"type":"Feature","geometry":{"type":"Point","coordinates":[-87.631872296333,41.85321441852]},"properties":{"id":"532a6e43-6efc-4c87-81a8-c75dfd8e8fde","station_name":"Wentworth Ave & Cermak Rd*","short_name":"CHI02021","total_docks":"16","docks_in_service":"16","status":"In Service","latitude":"41.8532144185","longitude":"-87.6318722963",":id":"row-gap8-cm6f_cmwk",":version":"rv-emfb_3iw6~cd3g",":created_at":"2026-01-16T12:00:19.805Z",":updated_at":"2026-01-16T12:00:24.264Z",":@computed_region_awaf_s7ux":"8",":@computed_region_6mkv_f3dw":"21194",":@computed_region_vrxf_vc4k":"35",":@computed_region_bdys_3d7i":"3",":@computed_region_43wa_7qmu":"26",":@computed_region_rpca_8um6":"40",":@computed_region_8hcu_yrd4":"7"}},
{"type":"Feature","geometry":{"type":"Point","coordinates":[-87.71132,41.79439]},"properties":{"id":"1936552997477483122","station_name":"St Louis Ave & Norman Bobbins Pl","short_name":"CHI01845","total_docks":"15","docks_in_service":"15","status":"In Service","latitude":"41.79439","longitude":"-87.71132",":id":"row-qbgn.7j6k~cv5m",":version":"rv-7ss4_zhpd.deaj",":created_at":"2025-06-14T11:00:19.984Z",":updated_at":"2025-06-14T11:00:25.292Z",":@computed_region_awaf_s7ux":"49",":@computed_region_6mkv_f3dw":"22248",":@computed_region_vrxf_vc4k":"61",":@computed_region_bdys_3d7i":"776",":@computed_region_43wa_7qmu":"8",":@computed_region_rpca_8um6":"56",":@computed_region_8hcu_yrd4":"14"}},
{"type":"Feature","geometry":{"type":"Point","coordinates":[-87.71072,41.93089]},"properties":{"id":"2155895081860557422","station_name":"Spaulding Ave & Milwaukee Ave","short_name":"CHI02180","total_docks":"14","docks_in_service":"14","status":"In Service","latitude":"41.93089","longitude":"-87.71072",":id":"row-ffj4_gkpa~9hby",":version":"rv-btan_gyuy.z7hz",":created_at":"2026-01-29T12:00:16.814Z",":updated_at":"2026-01-29T12:00:31.023Z",":@computed_region_awaf_s7ux":"15",":@computed_region_6mkv_f3dw":"22535",":@computed_region_vrxf_vc4k":"23",":@computed_region_bdys_3d7i":"72",":@computed_region_43wa_7qmu":"12",":@computed_region_rpca_8um6":"1",":@computed_region_8hcu_yrd4":"35"}},
{"type":"Feature","geometry":{"type":"Point","coordinates":[-87.70241,41.92235]},"properties":{"id":"2129546026429261924","station_name":"Sacramento Ave & Lyndale St","short_name":"CHI02126","total_docks":"15","docks_in_service":"15","status":"In Service","latitude":"41.92235","longitude":"-87.70241",":id":"row-ju4b-7rsg-ctcu",":version":"rv-mgwk.mj2n-4de4",":created_at":"2026-01-29T12:00:16.814Z",":updated_at":"2026-01-29T12:00:31.023Z",":@computed_region_awaf_s7ux":"15",":@computed_region_6mkv_f3dw":"22535",":@computed_region_vrxf_vc4k":"23",":@computed_region_bdys_3d7i":"371",":@computed_region_43wa_7qmu":"40",":@computed_region_rpca_8um6":"1",":@computed_region_8hcu_yrd4":"1"}},
{"type":"Feature","geometry":{"type":"Point","coordinates":[-87.72452,41.97541]},"properties":{"id":"2080586734933671976","station_name":"Avers Ave & Foster Ave","short_name":"CHI01810","total_docks":"15","docks_in_service":"15","status":"In Service","latitude":"41.97541","longitude":"-87.72452",":id":"row-3gm6.7m89-ij7t",":version":"rv-gsx8-i9cb-xhja",":created_at":"2026-01-29T12:00:16.814Z",":updated_at":"2026-01-29T12:00:31.023Z",":@computed_region_awaf_s7ux":"28",":@computed_region_6mkv_f3dw":"21849",":@computed_region_vrxf_vc4k":"14",":@computed_region_bdys_3d7i":"127",":@computed_region_43wa_7qmu":"38",":@computed_region_rpca_8um6":"20",":@computed_region_8hcu_yrd4":"39"}},
{"type":"Feature","geometry":{"type":"Point","coordinates":[-87.648128,41.909668]},"properties":{"id":"a3aacf29-a135-11e9-9cda-0a87ae2ba916","station_name":"Halsted St & Clybourn Ave","short_name":"CHI01161","total_docks":"28","docks_in_service":"28","status":"In Service","latitude":"41.909668","longitude":"-87.648128",":id":"row-epy7.nxs7_dpx3",":version":"rv-q45i_dgru-mguu",":created_at":"2026-02-04T12:00:18.466Z",":updated_at":"2026-02-04T12:00:29.727Z",":@computed_region_awaf_s7ux":"41",":@computed_region_6mkv_f3dw":"22620",":@computed_region_vrxf_vc4k":"37",":@computed_region_bdys_3d7i":"108",":@computed_region_43wa_7qmu":"46",":@computed_region_rpca_8um6":"54",":@computed_region_8hcu_yrd4":"27"}},
{"type":"Feature","geometry":{"type":"Point","coordinates":[-87.638973,41.925858]},"properties":{"id":"a3aa6e51-a135-11e9-9cda-0a87ae2ba916","station_name":"Lakeview Ave & Fullerton Pkwy","short_name":"CHI00469","total_docks":"19","docks_in_service":"19","status":"In Service","latitude":"41.925858","longitude":"-87.638973",":id":"row-4zh9_k4fs-c8zb",":version":"rv-ctrx.pggd~fmbe",":created_at":"2026-02-22T12:02:39.615Z",":updated_at":"2026-02-22T12:02:48.577Z",":@computed_region_awaf_s7ux":"51",":@computed_region_6mkv_f3dw":"21190",":@computed_region_vrxf_vc4k":"68",":@computed_region_bdys_3d7i":"101",":@computed_region_43wa_7qmu":"34",":@computed_region_rpca_8um6":"16",":@computed_region_8hcu_yrd4":"43"}},
{"type":"Feature","geometry":{"type":"Point","coordinates":[-87.745359,41.960631]},"properties":{"id":"a3b2cd97-a135-11e9-9cda-0a87ae2ba916","station_name":"Knox Ave & Montrose Ave","short_name":"CHI00733","total_docks":"11","docks_in_service":"11","status":"In Service","latitude":"41.960631","longitude":"-87.745359",":id":"row-2vtn_7mdb_68hc",":version":"rv-qdnk.pc57~txhr",":created_at":"2026-01-31T12:00:25.966Z",":updated_at":"2026-01-31T12:03:14.902Z",":@computed_region_awaf_s7ux":"20",":@computed_region_6mkv_f3dw":"22618",":@computed_region_vrxf_vc4k":"16",":@computed_region_bdys_3d7i":"363",":@computed_region_43wa_7qmu":"50",":@computed_region_rpca_8um6":"21",":@computed_region_8hcu_yrd4":"45"}},
{"type":"Feature","geometry":{"type":"Point","coordinates":[-87.6319852213,41.87934437346]},"properties":{"id":"a3a42fa7-a135-11e9-9cda-0a87ae2ba916","station_name":"LaSalle St & Adams St","short_name":"CHI00451","total_docks":"15","docks_in_service":"15","status":"In Service","latitude":"41.8793443735","longitude":"-87.6319852213",":id":"row-axpk.khqu_a96m",":version":"rv-e5tq~24de-6dy3",":created_at":"2026-01-01T12:00:20.473Z",":updated_at":"2026-01-01T12:00:28.954Z",":@computed_region_awaf_s7ux":"22",":@computed_region_6mkv_f3dw":"14912",":@computed_region_vrxf_vc4k":"38",":@computed_region_bdys_3d7i":"92",":@computed_region_43wa_7qmu":"36",":@computed_region_rpca_8um6":"29",":@computed_region_8hcu_yrd4":"34"}},
{"type":"Feature","geometry":{"type":"Point","coordinates":[-87.662607,41.9007]},"properties":{"id":"a3a3f5e9-a135-11e9-9cda-0a87ae2ba916","station_name":"Noble St & Milwaukee Ave","short_name":"CHI00457","total_docks":"15","docks_in_service":"15","status":"In Service","latitude":"41.9007","longitude":"-87.662607",":id":"row-36k9~nsqz-27ur",":version":"rv-yynu_nkx2-ai9s",":created_at":"2026-01-31T12:00:25.966Z",":updated_at":"2026-01-31T12:03:14.902Z",":@computed_region_awaf_s7ux":"41",":@computed_region_6mkv_f3dw":"22620",":@computed_region_vrxf_vc4k":"25",":@computed_region_bdys_3d7i":"484",":@computed_region_43wa_7qmu":"11",":@computed_region_rpca_8um6":"49",":@computed_region_8hcu_yrd4":"1"}},
{"type":"Feature","geometry":{"type":"Point","coordinates":[-87.683485,42.048214]},"properties":{"id":"a3b2e20c-a135-11e9-9cda-0a87ae2ba916","station_name":"Benson Ave & Church St","short_name":"CHI00737","total_docks":"15","docks_in_service":"15","status":"In Service","latitude":"42.048214","longitude":"-87.683485",":id":"row-w98f-32bx-qnhq",":version":"rv-na3v_8zqa_gacp",":created_at":"2026-02-22T12:02:39.615Z",":updated_at":"2026-02-22T12:02:48.577Z",":@computed_region_awaf_s7ux":null,":@computed_region_6mkv_f3dw":"26293",":@computed_region_vrxf_vc4k":null,":@computed_region_bdys_3d7i":null,":@computed_region_43wa_7qmu":null,":@computed_region_rpca_8um6":null,":@computed_region_8hcu_yrd4":null}},
{"type":"Feature","geometry":{"type":"Point","coordinates":[-87.6958108,41.8719938]},"properties":{"id":"1927347094828755902","station_name":"Lexington St & California Ave","short_name":"CHI01828","total_docks":"15","docks_in_service":"15","status":"In Service","latitude":"41.8719938","longitude":"-87.6958108",":id":"row-ab6f.fxyn_hq9v",":version":"rv-dbsh~xqib_77bz",":created_at":"2026-01-30T12:02:27.964Z",":updated_at":"2026-01-30T12:02:29.655Z",":@computed_region_awaf_s7ux":"48",":@computed_region_6mkv_f3dw":"21184",":@computed_region_vrxf_vc4k":"28",":@computed_region_bdys_3d7i":"38",":@computed_region_43wa_7qmu":"23",":@computed_region_rpca_8um6":"28",":@computed_region_8hcu_yrd4":"28"}},
{"type":"Feature","geometry":{"type":"Point","coordinates":[-87.6159428567,41.78008063659]},"properties":{"id":"a3ada52f-a135-11e9-9cda-0a87ae2ba916","station_name":"MLK Jr Dr & 63rd St","short_name":"CHI00564","total_docks":"11","docks_in_service":"11","status":"In Service","latitude":"41.7800806366","longitude":"-87.6159428567",":id":"row-nugw~s7tm.t9kq",":version":"rv-asq4-u69x.cxjg",":created_at":"2026-01-01T12:00:20.473Z",":updated_at":"2026-01-01T12:00:28.954Z",":@computed_region_awaf_s7ux":"53",":@computed_region_6mkv_f3dw":"22260",":@computed_region_vrxf_vc4k":"67",":@computed_region_bdys_3d7i":"122",":@computed_region_43wa_7qmu":"4",":@computed_region_rpca_8um6":"60",":@computed_region_8hcu_yrd4":"20"}},
{"type":"Feature","geometry":{"type":"Point","coordinates":[-87.6936384935,41.96590013976]},"properties":{"id":"a3af956e-a135-11e9-9cda-0a87ae2ba916","station_name":"Rockwell St & Eastwood Ave","short_name":"CHI00581","total_docks":"15","docks_in_service":"15","status":"In Service","latitude":"41.9659001398","longitude":"-87.6936384935",":id":"row-tzk2~zpfh.6e98",":version":"rv-9p79-5chj_69a3",":created_at":"2025-12-19T12:00:17.698Z",":updated_at":"2025-12-19T12:00:21.293Z",":@computed_region_awaf_s7ux":"13",":@computed_region_6mkv_f3dw":"21849",":@computed_region_vrxf_vc4k":"6",":@computed_region_bdys_3d7i":"666",":@computed_region_43wa_7qmu":"18",":@computed_region_rpca_8um6":"20",":@computed_region_8hcu_yrd4":"47"}},
{"type":"Feature","geometry":{"type":"Point","coordinates":[-87.654308,41.775393]},"properties":{"id":"a3b23cb8-a135-11e9-9cda-0a87ae2ba916","station_name":"Racine Ave & 65th St","short_name":"CHI00706","total_docks":"11","docks_in_service":"11","status":"In Service","latitude":"41.775393","longitude":"-87.654308",":id":"row-tzt2-n6v6.5am2",":version":"rv-as86~znfq_8jk4",":created_at":"2026-01-03T12:02:28.849Z",":updated_at":"2026-01-03T12:02:30.581Z",":@computed_region_awaf_s7ux":"17",":@computed_region_6mkv_f3dw":"22257",":@computed_region_vrxf_vc4k":"66",":@computed_region_bdys_3d7i":"436",":@computed_region_43wa_7qmu":"2",":@computed_region_rpca_8um6":"11",":@computed_region_8hcu_yrd4":"16"}},
{"type":"Feature","geometry":{"type":"Point","coordinates":[-87.671469,41.943838]},"properties":{"id":"1436495122378528446","station_name":"Paulina St & Lincoln Ave Public Rack","short_name":null,"total_docks":"8","docks_in_service":"8","status":"In Service","latitude":"41.943838","longitude":"-87.671469",":id":"row-xm5z.qrwi-tfbe",":version":"rv-r448_8qcx.chxe",":created_at":"2026-01-24T12:02:26.720Z",":updated_at":"2026-01-24T12:02:32.018Z",":@computed_region_awaf_s7ux":"16",":@computed_region_6mkv_f3dw":"4449",":@computed_region_vrxf_vc4k":"57",":@computed_region_bdys_3d7i":"239",":@computed_region_43wa_7qmu":"18",":@computed_region_rpca_8um6":"22",":@computed_region_8hcu_yrd4":"47"}},
{"type":"Feature","geometry":{"type":"Point","coordinates":[-87.67281,41.91589]},"properties":{"id":"2132204879062053464","station_name":"Wood St & Cortland St","short_name":"CHI02134","total_docks":"11","docks_in_service":"11","status":"In Service","latitude":"41.91589","longitude":"-87.67281",":id":"row-cj2t_jf7p_4gcu",":version":"rv-akun~dtz9~pctf",":created_at":"2026-01-29T12:00:16.814Z",":updated_at":"2026-01-29T12:00:31.023Z",":@computed_region_awaf_s7ux":"16",":@computed_region_6mkv_f3dw":"21560",":@computed_region_vrxf_vc4k":"23",":@computed_region_bdys_3d7i":"179",":@computed_region_43wa_7qmu":"40",":@computed_region_rpca_8um6":"4",":@computed_region_8hcu_yrd4":"32"}},
{"type":"Feature","geometry":{"type":"Point","coordinates":[-87.628578543663,41.896617200408]},"properties":{"id":"1ce9b7b2-6ef1-4e3b-abd4-85dedaf0ee65","station_name":"State St & Chicago Ave","short_name":"CHI01772","total_docks":"30","docks_in_service":"30","status":"In Service","latitude":"41.8966172004","longitude":"-87.6285785437",":id":"row-cevt_qgzk.bryz",":version":"rv-wytm-m2b3_26u2",":created_at":"2026-02-22T12:02:39.615Z",":updated_at":"2026-02-22T12:02:48.577Z",":@computed_region_awaf_s7ux":"22",":@computed_region_6mkv_f3dw":"4446",":@computed_region_vrxf_vc4k":"37",":@computed_region_bdys_3d7i":"669",":@computed_region_43wa_7qmu":"11",":@computed_region_rpca_8um6":"55",":@computed_region_8hcu_yrd4":"42"}},
{"type":"Feature","geometry":{"type":"Point","coordinates":[-87.73084,41.80762]},"properties":{"id":"1945195369201185184","station_name":"Kildare Ave & 47th St","short_name":"CHI01894","total_docks":"15","docks_in_service":"15","status":"In Service","latitude":"41.80762","longitude":"-87.73084",":id":"row-pxei~2imv_fe7y",":version":"rv-m66j-g25n-ad94",":created_at":"2025-06-14T11:00:19.984Z",":updated_at":"2025-06-14T11:00:25.292Z",":@computed_region_awaf_s7ux":"35",":@computed_region_6mkv_f3dw":"22248",":@computed_region_vrxf_vc4k":"54",":@computed_region_bdys_3d7i":"697",":@computed_region_43wa_7qmu":"8",":@computed_region_rpca_8um6":"56",":@computed_region_8hcu_yrd4":"14"}},
{"type":"Feature","geometry":{"type":"Point","coordinates":[-87.635824531317,41.923931311366]},"properties":{"id":"9e1fbaaa-e872-4505-ada6-5080e62bef77","station_name":"Lincoln Park Conservatory","short_name":"CHI00626","total_docks":"31","docks_in_service":"31","status":"In Service","latitude":"41.9239313114","longitude":"-87.6358245313",":id":"row-avxh_uhhk_zg7t",":version":"rv-52me~yg5k.8yz2",":created_at":"2025-11-12T12:00:25.301Z",":updated_at":"2025-11-12T12:00:27.022Z",":@computed_region_awaf_s7ux":"51",":@computed_region_6mkv_f3dw":"21190",":@computed_region_vrxf_vc4k":"68",":@computed_region_bdys_3d7i":"207",":@computed_region_43wa_7qmu":"34",":@computed_region_rpca_8um6":"16",":@computed_region_8hcu_yrd4":"43"}},
{"type":"Feature","geometry":{"type":"Point","coordinates":[-87.5656875719,41.7664094567]},"properties":{"id":"a3a39d55-a135-11e9-9cda-0a87ae2ba916","station_name":"South Shore Dr & 71st St","short_name":"CHI02048","total_docks":"15","docks_in_service":"15","status":"In Service","latitude":"41.7664094567","longitude":"-87.5656875719",":id":"row-ar5d-asvu_ctya",":version":"rv-baxp.stri_32fb",":created_at":"2025-06-14T11:00:19.984Z",":updated_at":"2025-06-14T11:00:25.292Z",":@computed_region_awaf_s7ux":"32",":@computed_region_6mkv_f3dw":"22538",":@computed_region_vrxf_vc4k":"39",":@computed_region_bdys_3d7i":"142",":@computed_region_43wa_7qmu":"33",":@computed_region_rpca_8um6":"24",":@computed_region_8hcu_yrd4":"3"}},
{"type":"Feature","geometry":{"type":"Point","coordinates":[-87.6245,41.80581]},"properties":{"id":"1963673207600511026","station_name":"Wabash Ave & 49th St","short_name":"CHI01987","total_docks":"15","docks_in_service":"15","status":"In Service","latitude":"41.80581","longitude":"-87.6245",":id":"row-vfek_6ttw-278j",":version":"rv-kxhn.vbne~hkjg",":created_at":"2025-06-14T11:00:19.984Z",":updated_at":"2025-06-14T11:00:25.292Z",":@computed_region_awaf_s7ux":"12",":@computed_region_6mkv_f3dw":"21192",":@computed_region_vrxf_vc4k":"4",":@computed_region_bdys_3d7i":"448",":@computed_region_43wa_7qmu":"9",":@computed_region_rpca_8um6":"10",":@computed_region_8hcu_yrd4":"8"}},
{"type":"Feature","geometry":{"type":"Point","coordinates":[-87.71358,41.91717]},"properties":{"id":"2183340497449435640","station_name":"St Louis Ave & Armitage Ave","short_name":"CHI02198","total_docks":"15","docks_in_service":"15","status":"In Service","latitude":"41.91717","longitude":"-87.71358",":id":"row-sa9t.2g5q_iiwh",":version":"rv-84eu_95u3~9dqr",":created_at":"2026-02-10T12:04:41.245Z",":updated_at":"2026-02-10T12:04:50.893Z",":@computed_region_awaf_s7ux":"10",":@computed_region_6mkv_f3dw":"22535",":@computed_region_vrxf_vc4k":"23",":@computed_region_bdys_3d7i":"351",":@computed_region_43wa_7qmu":"49",":@computed_region_rpca_8um6":"1",":@computed_region_8hcu_yrd4":"26"}},
{"type":"Feature","geometry":{"type":"Point","coordinates":[-87.78511,41.9159]},"properties":{"id":"1939172360789937026","station_name":"Narragansett Ave & McLean Ave","short_name":"CHI00805","total_docks":"15","docks_in_service":"15","status":"In Service","latitude":"41.9159","longitude":"-87.78511",":id":"row-6t76_uzeh_4r8u",":version":"rv-892s.k3kx_g9se",":created_at":"2026-01-10T12:00:18.214Z",":updated_at":"2026-01-10T12:00:27.642Z",":@computed_region_awaf_s7ux":"52",":@computed_region_6mkv_f3dw":"22615",":@computed_region_vrxf_vc4k":"26",":@computed_region_bdys_3d7i":"597",":@computed_region_43wa_7qmu":"7",":@computed_region_rpca_8um6":"2",":@computed_region_8hcu_yrd4":"29"}},
{"type":"Feature","geometry":{"type":"Point","coordinates":[-87.655073,41.794228]},"properties":{"id":"a3b222fc-a135-11e9-9cda-0a87ae2ba916","station_name":"Racine Ave & Garfield Blvd","short_name":"CHI01166","total_docks":"11","docks_in_service":"11","status":"In Service","latitude":"41.794228","longitude":"-87.655073",":id":"row-wvj3~np7r~xpx6",":version":"rv-gdk8~euxc_jiry",":created_at":"2025-06-14T11:00:19.984Z",":updated_at":"2025-06-14T11:00:25.292Z",":@computed_region_awaf_s7ux":"19",":@computed_region_6mkv_f3dw":"14924",":@computed_region_vrxf_vc4k":"59",":@computed_region_bdys_3d7i":"790",":@computed_region_43wa_7qmu":"4",":@computed_region_rpca_8um6":"37",":@computed_region_8hcu_yrd4":"20"}},
{"type":"Feature","geometry":{"type":"Point","coordinates":[-87.62662,41.8832]},"properties":{"id":"2124470598870291364","station_name":"Wabash Ave & Washington St","short_name":"CHI02108","total_docks":"30","docks_in_service":"30","status":"In Service","latitude":"41.8832","longitude":"-87.62662",":id":"row-ieig.2n4m~gc8d",":version":"rv-pw8q~eggv_qw37",":created_at":"2026-02-22T12:02:39.615Z",":updated_at":"2026-02-22T12:02:48.577Z",":@computed_region_awaf_s7ux":"22",":@computed_region_6mkv_f3dw":"14310",":@computed_region_vrxf_vc4k":"38",":@computed_region_bdys_3d7i":"580",":@computed_region_43wa_7qmu":"36",":@computed_region_rpca_8um6":"41",":@computed_region_8hcu_yrd4":"34"}},
{"type":"Feature","geometry":{"type":"Point","coordinates":[-87.731023,41.946264]},"properties":{"id":"a3afc858-a135-11e9-9cda-0a87ae2ba916","station_name":"Pulaski Rd & Eddy St","short_name":"CHI00538","total_docks":"11","docks_in_service":"11","status":"In Service","latitude":"41.946264","longitude":"-87.731023",":id":"row-c5xz-73xs.p3ca",":version":"rv-2438-s28a.9wpb",":created_at":"2026-01-29T12:00:16.814Z",":updated_at":"2026-01-29T12:00:31.023Z",":@computed_region_awaf_s7ux":"27",":@computed_region_6mkv_f3dw":"22618",":@computed_region_vrxf_vc4k":"16",":@computed_region_bdys_3d7i":"329",":@computed_region_43wa_7qmu":"21",":@computed_region_rpca_8um6":"21",":@computed_region_8hcu_yrd4":"30"}},
{"type":"Feature","geometry":{"type":"Point","coordinates":[-87.634420394897,41.897379860723]},"properties":{"id":"90011328-f7bd-4b7b-8f95-8204a0b50f27","station_name":"Wells St & Institute Pl","short_name":"CHI01928","total_docks":"11","docks_in_service":"11","status":"In Service","latitude":"41.8973798607","longitude":"-87.6344203949",":id":"row-hrgr~huqd.a6wh",":version":"rv-kb4g-hfkn-i6z2",":created_at":"2026-02-10T12:04:41.245Z",":updated_at":"2026-02-10T12:04:50.893Z",":@computed_region_awaf_s7ux":"41",":@computed_region_6mkv_f3dw":"14926",":@computed_region_vrxf_vc4k":"37",":@computed_region_bdys_3d7i":"652",":@computed_region_43wa_7qmu":"46",":@computed_region_rpca_8um6":"54",":@computed_region_8hcu_yrd4":"27"}},
{"type":"Feature","geometry":{"type":"Point","coordinates":[-87.6925025594,41.97491129677]},"properties":{"id":"a3af7c0e-a135-11e9-9cda-0a87ae2ba916","station_name":"Lincoln Ave & Winona St","short_name":"CHI00548","total_docks":"15","docks_in_service":"15","status":"In Service","latitude":"41.9749112968","longitude":"-87.6925025594",":id":"row-6wp8_irk6.9ps8",":version":"rv-8hw7.i7u4-8wqb",":created_at":"2026-02-10T12:04:41.245Z",":updated_at":"2026-02-10T12:04:50.893Z",":@computed_region_awaf_s7ux":"46",":@computed_region_6mkv_f3dw":"21849",":@computed_region_vrxf_vc4k":"6",":@computed_region_bdys_3d7i":"28",":@computed_region_43wa_7qmu":"24",":@computed_region_rpca_8um6":"20",":@computed_region_8hcu_yrd4":"40"}},
{"type":"Feature","geometry":{"type":"Point","coordinates":[-87.71846,41.93172]},"properties":{"id":"2172972052596651782","station_name":"Monticello Ave & Diversey Ave","short_name":"CHI02190","total_docks":"15","docks_in_service":"15","status":"In Service","latitude":"41.93172","longitude":"-87.71846",":id":"row-zddj.h62x-25v3",":version":"rv-v7q7~gxv2-34fi",":created_at":"2026-01-29T12:00:16.814Z",":updated_at":"2026-01-29T12:00:31.023Z",":@computed_region_awaf_s7ux":"15",":@computed_region_6mkv_f3dw":"22535",":@computed_region_vrxf_vc4k":"23",":@computed_region_bdys_3d7i":"107",":@computed_region_43wa_7qmu":"12",":@computed_region_rpca_8um6":"1",":@computed_region_8hcu_yrd4":"35"}},
{"type":"Feature","geometry":{"type":"Point","coordinates":[-87.778272,41.924751]},"properties":{"id":"1934288718318207280","station_name":"Meade Ave & Fullerton Ave","short_name":"CHI01883","total_docks":"15","docks_in_service":"15","status":"In Service","latitude":"41.924751","longitude":"-87.778272",":id":"row-m52q_ta4v-gsqz",":version":"rv-2m3q.tw96~xqdc",":created_at":"2026-01-10T12:00:18.214Z",":updated_at":"2026-01-10T12:00:27.642Z",":@computed_region_awaf_s7ux":"52",":@computed_region_6mkv_f3dw":"22615",":@computed_region_vrxf_vc4k":"19",":@computed_region_bdys_3d7i":"78",":@computed_region_43wa_7qmu":"21",":@computed_region_rpca_8um6":"2",":@computed_region_8hcu_yrd4":"30"}},
{"type":"Feature","geometry":{"type":"Point","coordinates":[-87.635491,41.842733]},"properties":{"id":"a3ad13e4-a135-11e9-9cda-0a87ae2ba916","station_name":"Shields Ave & 28th Pl","short_name":"CHI00514","total_docks":"11","docks_in_service":"11","status":"In Service","latitude":"41.842733","longitude":"-87.635491",":id":"row-t2z3~2cnx_vrz6",":version":"rv-fc4t~sbpq~dcgi",":created_at":"2026-01-30T12:02:27.964Z",":updated_at":"2026-01-30T12:02:29.655Z",":@computed_region_awaf_s7ux":"26",":@computed_region_6mkv_f3dw":"21194",":@computed_region_vrxf_vc4k":"35",":@computed_region_bdys_3d7i":"375",":@computed_region_43wa_7qmu":"48",":@computed_region_rpca_8um6":"40",":@computed_region_8hcu_yrd4":"7"}},
{"type":"Feature","geometry":{"type":"Point","coordinates":[-87.67718,41.808227]},"properties":{"id":"a3b1fa1c-a135-11e9-9cda-0a87ae2ba916","station_name":"Hoyne Ave & 47th St","short_name":"CHI00572","total_docks":"11","docks_in_service":"11","status":"In Service","latitude":"41.808227","longitude":"-87.67718",":id":"row-sue2-t2d5~fjng",":version":"rv-sc9d~9rty.44wh",":created_at":"2025-06-14T11:00:19.984Z",":updated_at":"2025-06-14T11:00:25.292Z",":@computed_region_awaf_s7ux":"29",":@computed_region_6mkv_f3dw":"14924",":@computed_region_vrxf_vc4k":"59",":@computed_region_bdys_3d7i":"788",":@computed_region_43wa_7qmu":"3",":@computed_region_rpca_8um6":"37",":@computed_region_8hcu_yrd4":"12"}},
{"type":"Feature","geometry":{"type":"Point","coordinates":[-87.686234,41.868563]},"properties":{"id":"a3b43eb7-a135-11e9-9cda-0a87ae2ba916","station_name":"Western Ave & Fillmore St","short_name":"CHI00768","total_docks":"11","docks_in_service":"11","status":"In Service","latitude":"41.868563","longitude":"-87.686234",":id":"row-fe9p~u8ej-kzb6",":version":"rv-47ry_sh57~84pw",":created_at":"2025-06-14T11:00:19.984Z",":updated_at":"2025-06-14T11:00:25.292Z",":@computed_region_awaf_s7ux":"11",":@computed_region_6mkv_f3dw":"21184",":@computed_region_vrxf_vc4k":"29",":@computed_region_bdys_3d7i":"756",":@computed_region_43wa_7qmu":"23",":@computed_region_rpca_8um6":"28",":@computed_region_8hcu_yrd4":"28"}},
{"type":"Feature","geometry":{"type":"Point","coordinates":[-87.77845,41.93086]},"properties":{"id":"1942117929887056608","station_name":"Meade Ave & Diversey Ave","short_name":"CHI01840","total_docks":"15","docks_in_service":"15","status":"In Service","latitude":"41.93086","longitude":"-87.77845",":id":"row-ibzf~8sz2~5jp4",":version":"rv-2n2k.95kd_pygf",":created_at":"2026-01-10T12:00:18.214Z",":updated_at":"2026-01-10T12:00:27.642Z",":@computed_region_awaf_s7ux":"52",":@computed_region_6mkv_f3dw":"22615",":@computed_region_vrxf_vc4k":"19",":@computed_region_bdys_3d7i":"78",":@computed_region_43wa_7qmu":"21",":@computed_region_rpca_8um6":"2",":@computed_region_8hcu_yrd4":"30"}},
{"type":"Feature","geometry":{"type":"Point","coordinates":[-87.6697,41.93204]},"properties":{"id":"2140270131934052952","station_name":"Marshfield Ave & Diversey Pkwy","short_name":"CHI02152","total_docks":"11","docks_in_service":"11","status":"In Service","latitude":"41.93204","longitude":"-87.6697",":id":"row-miat~73t9.cdi2",":version":"rv-36rb-bcix_e56u",":created_at":"2025-10-17T11:00:17.187Z",":updated_at":"2025-10-17T11:00:19.419Z",":@computed_region_awaf_s7ux":"16",":@computed_region_6mkv_f3dw":"21190",":@computed_region_vrxf_vc4k":"68",":@computed_region_bdys_3d7i":"743",":@computed_region_43wa_7qmu":"40",":@computed_region_rpca_8um6":"16",":@computed_region_8hcu_yrd4":"32"}},
{"type":"Feature","geometry":{"type":"Point","coordinates":[-87.623727,41.864059]},"properties":{"id":"a3a70bbd-a135-11e9-9cda-0a87ae2ba916","station_name":"Michigan Ave & 14th St","short_name":"CHI00342","total_docks":"19","docks_in_service":"19","status":"In Service","latitude":"41.864059","longitude":"-87.623727",":id":"row-f74f-wgex_s2ji",":version":"rv-cyfm_zkri~xcig",":created_at":"2025-12-31T12:02:29.304Z",":updated_at":"2025-12-31T12:02:30.232Z",":@computed_region_awaf_s7ux":"48",":@computed_region_6mkv_f3dw":"14913",":@computed_region_vrxf_vc4k":"34",":@computed_region_bdys_3d7i":"374",":@computed_region_43wa_7qmu":"9",":@computed_region_rpca_8um6":"35",":@computed_region_8hcu_yrd4":"8"}},
{"type":"Feature","geometry":{"type":"Point","coordinates":[-87.75259,41.96775]},"properties":{"id":"1969204473221170122","station_name":"Lavergne Ave & Lawrence Ave","short_name":"CHI02002","total_docks":"15","docks_in_service":"15","status":"In Service","latitude":"41.96775","longitude":"-87.75259",":id":"row-akct_i3q3~ibpw",":version":"rv-kxu8~23yp.6jpr",":created_at":"2025-06-14T11:00:19.984Z",":updated_at":"2025-06-14T11:00:25.292Z",":@computed_region_awaf_s7ux":"20",":@computed_region_6mkv_f3dw":"21869",":@computed_region_vrxf_vc4k":"15",":@computed_region_bdys_3d7i":"259",":@computed_region_43wa_7qmu":"50",":@computed_region_rpca_8um6":"48",":@computed_region_8hcu_yrd4":"45"}},
{"type":"Feature","geometry":{"type":"Point","coordinates":[-87.7691175,41.90958]},"properties":{"id":"1932113567217736592","station_name":"Mango Ave & North Ave","short_name":"CHI01872","total_docks":"15","docks_in_service":"15","status":"In Service","latitude":"41.90958","longitude":"-87.7691175",":id":"row-83gg.geyy.2qtq",":version":"rv-mzrx_u4wp.9u9k",":created_at":"2025-06-14T11:00:19.984Z",":updated_at":"2025-06-14T11:00:25.292Z",":@computed_region_awaf_s7ux":"52",":@computed_region_6mkv_f3dw":"22615",":@computed_region_vrxf_vc4k":"26",":@computed_region_bdys_3d7i":"597",":@computed_region_43wa_7qmu":"7",":@computed_region_rpca_8um6":"2",":@computed_region_8hcu_yrd4":"29"}},
{"type":"Feature","geometry":{"type":"Point","coordinates":[-87.645288705826,41.684931595193]},"properties":{"id":"aea853ed-c70c-4b1b-a7a8-d33869d8d58d","station_name":"Major Taylor Trail & 115th St","short_name":"CHI00862","total_docks":"15","docks_in_service":"15","status":"In Service","latitude":"41.6849315952","longitude":"-87.6452887058",":id":"row-bxph.xe3a~xc8i",":version":"rv-utge-x3dq.by6u",":created_at":"2026-02-04T12:00:18.466Z",":updated_at":"2026-02-04T12:00:29.727Z",":@computed_region_awaf_s7ux":"45",":@computed_region_6mkv_f3dw":"22212",":@computed_region_vrxf_vc4k":"50",":@computed_region_bdys_3d7i":"642",":@computed_region_43wa_7qmu":"22",":@computed_region_rpca_8um6":"13",":@computed_region_8hcu_yrd4":"21"}},
{"type":"Feature","geometry":{"type":"Point","coordinates":[-87.718213942211,41.968547012724]},"properties":{"id":"1859027847673133268","station_name":"Monticello Ave & Lawrence Ave","short_name":"CHI01777","total_docks":"11","docks_in_service":"11","status":"In Service","latitude":"41.9685470127","longitude":"-87.7182139422",":id":"row-gczr-rva3~arzn",":version":"rv-fgcr.452r.b7dw",":created_at":"2025-12-19T12:00:17.698Z",":updated_at":"2025-12-19T12:00:21.293Z",":@computed_region_awaf_s7ux":"28",":@computed_region_6mkv_f3dw":"21849",":@computed_region_vrxf_vc4k":"14",":@computed_region_bdys_3d7i":"750",":@computed_region_43wa_7qmu":"20",":@computed_region_rpca_8um6":"20",":@computed_region_8hcu_yrd4":"33"}},
{"type":"Feature","geometry":{"type":"Point","coordinates":[-87.683123,41.746426]},"properties":{"id":"2144730165297252480","station_name":"Western Ave & 81st St","short_name":"CHI02161","total_docks":"15","docks_in_service":"15","status":"In Service","latitude":"41.746426","longitude":"-87.683123",":id":"row-svza_tune~hmxr",":version":"rv-vwnz~aw9y-4qkb",":created_at":"2026-01-31T12:00:25.966Z",":updated_at":"2026-01-31T12:03:14.902Z",":@computed_region_awaf_s7ux":"6",":@computed_region_6mkv_f3dw":"21554",":@computed_region_vrxf_vc4k":"69",":@computed_region_bdys_3d7i":"243",":@computed_region_43wa_7qmu":"30",":@computed_region_rpca_8um6":"8",":@computed_region_8hcu_yrd4":"18"}},
{"type":"Feature","geometry":{"type":"Point","coordinates":[-87.6602738295,41.9840446107]},"properties":{"id":"a3af3bac-a135-11e9-9cda-0a87ae2ba916","station_name":"Broadway & Ridge Ave","short_name":"CHI00337","total_docks":"15","docks_in_service":"15","status":"In Service","latitude":"41.9840446107","longitude":"-87.6602738295",":id":"row-va3i-bbp9~wv42",":version":"rv-7wec.jmup-97ib",":created_at":"2025-08-26T11:00:19.084Z",":updated_at":"2025-08-26T11:00:29.490Z",":@computed_region_awaf_s7ux":"40",":@computed_region_6mkv_f3dw":"4451",":@computed_region_vrxf_vc4k":"76",":@computed_region_bdys_3d7i":"539",":@computed_region_43wa_7qmu":"16",":@computed_region_rpca_8um6":"14",":@computed_region_8hcu_yrd4":"48"}},
{"type":"Feature","geometry":{"type":"Point","coordinates":[-87.631929,41.878166]},"properties":{"id":"a3a9d00a-a135-11e9-9cda-0a87ae2ba916","station_name":"LaSalle St & Jackson Blvd","short_name":"CHI00447","total_docks":"35","docks_in_service":"35","status":"In Service","latitude":"41.878166","longitude":"-87.631929",":id":"row-hv4i~7v24~fnya",":version":"rv-v4yu-sjrm_iemx",":created_at":"2026-02-10T12:04:41.245Z",":updated_at":"2026-02-10T12:04:50.893Z",":@computed_region_awaf_s7ux":"22",":@computed_region_6mkv_f3dw":"14912",":@computed_region_vrxf_vc4k":"38",":@computed_region_bdys_3d7i":"92",":@computed_region_43wa_7qmu":"36",":@computed_region_rpca_8um6":"29",":@computed_region_8hcu_yrd4":"34"}},
{"type":"Feature","geometry":{"type":"Point","coordinates":[-87.7080519806,41.96668636205]},"properties":{"id":"a3af8b51-a135-11e9-9cda-0a87ae2ba916","station_name":"Kedzie Ave & Leland Ave","short_name":"CHI00639","total_docks":"15","docks_in_service":"15","status":"In Service","latitude":"41.966686362","longitude":"-87.7080519806",":id":"row-q96d~dn8x.8s56",":version":"rv-t67a~u95z_njj3",":created_at":"2026-02-10T12:04:41.245Z",":updated_at":"2026-02-10T12:04:50.893Z",":@computed_region_awaf_s7ux":"2",":@computed_region_6mkv_f3dw":"21849",":@computed_region_vrxf_vc4k":"14",":@computed_region_bdys_3d7i":"258",":@computed_region_43wa_7qmu":"20",":@computed_region_rpca_8um6":"20",":@computed_region_8hcu_yrd4":"33"}},
{"type":"Feature","geometry":{"type":"Point","coordinates":[-87.565841674805,41.713397484422]},"properties":{"id":"4b4b0d88-80e0-4ef9-a8d1-cdd6a16722f9","station_name":"Oglesby Ave & 100th St","short_name":"CHI00852","total_docks":"15","docks_in_service":"15","status":"In Service","latitude":"41.7133974844","longitude":"-87.5658416748",":id":"row-yzb9.cyzt~hgtv",":version":"rv-sfay_dyj3.vb45",":created_at":"2026-01-12T12:00:27.725Z",":updated_at":"2026-01-12T12:00:29.487Z",":@computed_region_awaf_s7ux":"43",":@computed_region_6mkv_f3dw":"21202",":@computed_region_vrxf_vc4k":"48",":@computed_region_bdys_3d7i":"252",":@computed_region_43wa_7qmu":"37",":@computed_region_rpca_8um6":"25",":@computed_region_8hcu_yrd4":"5"}},
{"type":"Feature","geometry":{"type":"Point","coordinates":[-87.63999,41.88597]},"properties":{"id":"2168166459511991810","station_name":"Canal St & Lake St","short_name":"CHI02184","total_docks":"16","docks_in_service":"16","status":"In Service","latitude":"41.88597","longitude":"-87.63999",":id":"row-y2rj-ktr5_8mpc",":version":"rv-nwb8_pkdn~5p34",":created_at":"2026-01-31T12:00:25.966Z",":updated_at":"2026-01-31T12:03:14.902Z",":@computed_region_awaf_s7ux":"22",":@computed_region_6mkv_f3dw":"14914",":@computed_region_vrxf_vc4k":"29",":@computed_region_bdys_3d7i":"784",":@computed_region_43wa_7qmu":"36",":@computed_region_rpca_8um6":"45",":@computed_region_8hcu_yrd4":"34"}},
{"type":"Feature","geometry":{"type":"Point","coordinates":[-87.63253,41.882664]},"properties":{"id":"a3a53843-a135-11e9-9cda-0a87ae2ba916","station_name":"LaSalle St & Calhoun Pl","short_name":"CHI01666","total_docks":"15","docks_in_service":"15","status":"In Service","latitude":"41.882664","longitude":"-87.63253",":id":"row-e2e8.gm7w~rzs9",":version":"rv-r3q3_gqw9~yyci",":created_at":"2026-02-10T12:04:41.245Z",":updated_at":"2026-02-10T12:04:50.893Z",":@computed_region_awaf_s7ux":"22",":@computed_region_6mkv_f3dw":"14310",":@computed_region_vrxf_vc4k":"38",":@computed_region_bdys_3d7i":"92",":@computed_region_43wa_7qmu":"36",":@computed_region_rpca_8um6":"41",":@computed_region_8hcu_yrd4":"34"}},
{"type":"Feature","geometry":{"type":"Point","coordinates":[-87.664429,41.792822]},"properties":{"id":"a3b21de7-a135-11e9-9cda-0a87ae2ba916","station_name":"Ashland Ave & Garfield Blvd","short_name":"CHI00681","total_docks":"11","docks_in_service":"11","status":"In Service","latitude":"41.792822","longitude":"-87.664429",":id":"row-xukr_94hh-34vk",":version":"rv-xfx5-yyim~vrbd",":created_at":"2026-01-12T12:00:27.725Z",":updated_at":"2026-01-12T12:00:29.487Z",":@computed_region_awaf_s7ux":"19",":@computed_region_6mkv_f3dw":"22257",":@computed_region_vrxf_vc4k":"65",":@computed_region_bdys_3d7i":"384",":@computed_region_43wa_7qmu":"2",":@computed_region_rpca_8um6":"23",":@computed_region_8hcu_yrd4":"16"}},
{"type":"Feature","geometry":{"type":"Point","coordinates":[-87.632326,41.894877]},"properties":{"id":"a3b3820c-a135-11e9-9cda-0a87ae2ba916","station_name":"LaSalle Dr & Huron St","short_name":"CHI00640","total_docks":"19","docks_in_service":"19","status":"In Service","latitude":"41.894877","longitude":"-87.632326",":id":"row-mqnn.q583~7ccx",":version":"rv-j3g7-7vy2.mqbh",":created_at":"2026-01-26T12:00:18.064Z",":updated_at":"2026-01-26T12:00:38.365Z",":@computed_region_awaf_s7ux":"22",":@computed_region_6mkv_f3dw":"4446",":@computed_region_vrxf_vc4k":"37",":@computed_region_bdys_3d7i":"670",":@computed_region_43wa_7qmu":"11",":@computed_region_rpca_8um6":"55",":@computed_region_8hcu_yrd4":"42"}},
{"type":"Feature","geometry":{"type":"Point","coordinates":[-87.654678,41.94454]},"properties":{"id":"2064974399404579678","station_name":"Clark St & Newport St","short_name":"CHI00674","total_docks":"16","docks_in_service":"16","status":"In Service","latitude":"41.94454","longitude":"-87.654678",":id":"row-g3k4-xkci_qk5k",":version":"rv-peaz_pjw2.uqx6",":created_at":"2026-01-31T12:00:25.966Z",":updated_at":"2026-01-31T12:03:14.902Z",":@computed_region_awaf_s7ux":"38",":@computed_region_6mkv_f3dw":"4449",":@computed_region_vrxf_vc4k":"57",":@computed_region_bdys_3d7i":"710",":@computed_region_43wa_7qmu":"25",":@computed_region_rpca_8um6":"22",":@computed_region_8hcu_yrd4":"44"}},
{"type":"Feature","geometry":{"type":"Point","coordinates":[-87.6687,41.95068]},"properties":{"id":"a3ac1bc9-a135-11e9-9cda-0a87ae2ba916","station_name":"Ashland Ave & Grace St","short_name":"CHI00503","total_docks":"15","docks_in_service":"15","status":"In Service","latitude":"41.95068","longitude":"-87.6687",":id":"row-v8ve.2vbe~xe9r",":version":"rv-6ia3~v3v8-9isn",":created_at":"2026-01-31T12:00:25.966Z",":updated_at":"2026-01-31T12:03:14.902Z",":@computed_region_awaf_s7ux":"13",":@computed_region_6mkv_f3dw":"21186",":@computed_region_vrxf_vc4k":"57",":@computed_region_bdys_3d7i":"724",":@computed_region_43wa_7qmu":"18",":@computed_region_rpca_8um6":"53",":@computed_region_8hcu_yrd4":"47"}},
{"type":"Feature","geometry":{"type":"Point","coordinates":[-87.73059,41.79332]},"properties":{"id":"1938033609511385892","station_name":"Kildare Ave & 55th St","short_name":"CHI01861","total_docks":"15","docks_in_service":"15","status":"In Service","latitude":"41.79332","longitude":"-87.73059",":id":"row-86z3.jvit-w2h7",":version":"rv-9n4r-viiw.632m",":created_at":"2025-06-14T11:00:19.984Z",":updated_at":"2025-06-14T11:00:25.292Z",":@computed_region_awaf_s7ux":"35",":@computed_region_6mkv_f3dw":"22248",":@computed_region_vrxf_vc4k":"60",":@computed_region_bdys_3d7i":"793",":@computed_region_43wa_7qmu":"6",":@computed_region_rpca_8um6":"56",":@computed_region_8hcu_yrd4":"23"}},
{"type":"Feature","geometry":{"type":"Point","coordinates":[-87.693450450897,41.861930492783]},"properties":{"id":"a3adc925-a135-11e9-9cda-0a87ae2ba916","station_name":"Washtenaw Ave & Ogden Ave","short_name":"CHI00629","total_docks":"15","docks_in_service":"15","status":"In Service","latitude":"41.8619304928","longitude":"-87.6934504509",":id":"row-wb4j.khev-em4d",":version":"rv-yiby-y2f8.6rh3",":created_at":"2025-11-05T12:02:34.140Z",":updated_at":"2025-11-05T12:02:40.454Z",":@computed_region_awaf_s7ux":"11",":@computed_region_6mkv_f3dw":"14920",":@computed_region_vrxf_vc4k":"30",":@computed_region_bdys_3d7i":"16",":@computed_region_43wa_7qmu":"23",":@computed_region_rpca_8um6":"43",":@computed_region_8hcu_yrd4":"28"}},
{"type":"Feature","geometry":{"type":"Point","coordinates":[-87.6995596,41.9941803]},"properties":{"id":"1870193411073343610","station_name":"California Ave & Granville Ave","short_name":"CHI01955","total_docks":"15","docks_in_service":"15","status":"In Service","latitude":"41.9941803","longitude":"-87.6995596",":id":"row-evnu~jpzq~w5x3",":version":"rv-qyc7~gjes~6dtn",":created_at":"2025-06-14T11:00:19.984Z",":updated_at":"2025-06-14T11:00:25.292Z",":@computed_region_awaf_s7ux":"42",":@computed_region_6mkv_f3dw":"4450",":@computed_region_vrxf_vc4k":"20",":@computed_region_bdys_3d7i":"30",":@computed_region_43wa_7qmu":"27",":@computed_region_rpca_8um6":"50",":@computed_region_8hcu_yrd4":"50"}},
{"type":"Feature","geometry":{"type":"Point","coordinates":[-87.695822864771,41.853795793473]},"properties":{"id":"a3ac213b-a135-11e9-9cda-0a87ae2ba916","station_name":"California Ave & 21st St","short_name":"CHI00397","total_docks":"15","docks_in_service":"15","status":"In Service","latitude":"41.8537957935","longitude":"-87.6958228648",":id":"row-36d2-pmcg~u4jq",":version":"rv-azvf_f5sb~aw9s",":created_at":"2026-01-01T12:00:20.473Z",":updated_at":"2026-01-01T12:00:28.954Z",":@computed_region_awaf_s7ux":"29",":@computed_region_6mkv_f3dw":"21569",":@computed_region_vrxf_vc4k":"32",":@computed_region_bdys_3d7i":"203",":@computed_region_43wa_7qmu":"1",":@computed_region_rpca_8um6":"57",":@computed_region_8hcu_yrd4":"25"}},
{"type":"Feature","geometry":{"type":"Point","coordinates":[-87.631246,41.870816]},"properties":{"id":"a3acef62-a135-11e9-9cda-0a87ae2ba916","station_name":"Clark St & 9th St (AMLI)","short_name":"CHI01776","total_docks":"15","docks_in_service":"15","status":"In Service","latitude":"41.870816","longitude":"-87.631246",":id":"row-hbyi.jaue~s584",":version":"rv-hqbk-2h8u~73wn",":created_at":"2025-12-20T12:00:17.597Z",":updated_at":"2025-12-20T12:00:21.165Z",":@computed_region_awaf_s7ux":"48",":@computed_region_6mkv_f3dw":"14913",":@computed_region_vrxf_vc4k":"38",":@computed_region_bdys_3d7i":"12",":@computed_region_43wa_7qmu":"10",":@computed_region_rpca_8um6":"35",":@computed_region_8hcu_yrd4":"34"}},
{"type":"Feature","geometry":{"type":"Point","coordinates":[-87.7050730318,41.85353363213]},"properties":{"id":"a3add365-a135-11e9-9cda-0a87ae2ba916","station_name":"Kedzie Ave & 21st St","short_name":"CHI00656","total_docks":"11","docks_in_service":"11","status":"In Service","latitude":"41.8535336321","longitude":"-87.7050730318",":id":"row-pq89.vsvp.qhky",":version":"rv-n6yc.rtct-kr86",":created_at":"2026-01-03T12:02:28.849Z",":updated_at":"2026-01-03T12:02:30.581Z",":@computed_region_awaf_s7ux":"36",":@computed_region_6mkv_f3dw":"21569",":@computed_region_vrxf_vc4k":"32",":@computed_region_bdys_3d7i":"201",":@computed_region_43wa_7qmu":"14",":@computed_region_rpca_8um6":"57",":@computed_region_8hcu_yrd4":"24"}},
{"type":"Feature","geometry":{"type":"Point","coordinates":[-87.76149,41.98096]},"properties":{"id":"2021144286196005052","station_name":"Lynch Ave & Elston Ave","short_name":"CHI02000","total_docks":"16","docks_in_service":"16","status":"In Service","latitude":"41.98096","longitude":"-87.76149",":id":"row-waqy_dq2v~7qmy",":version":"rv-jbdg-8ra3-3pwc",":created_at":"2026-01-23T12:00:20.731Z",":updated_at":"2026-01-23T12:00:23.885Z",":@computed_region_awaf_s7ux":"20",":@computed_region_6mkv_f3dw":"21869",":@computed_region_vrxf_vc4k":"11",":@computed_region_bdys_3d7i":"701",":@computed_region_43wa_7qmu":"50",":@computed_region_rpca_8um6":"48",":@computed_region_8hcu_yrd4":"45"}},
{"type":"Feature","geometry":{"type":"Point","coordinates":[-87.6768354,41.8849659]},"properties":{"id":"a3b47cbc-a135-11e9-9cda-0a87ae2ba916","station_name":"Damen Ave & Lake St","short_name":"CHI00619","total_docks":"16","docks_in_service":"16","status":"In Service","latitude":"41.8849659","longitude":"-87.6768354",":id":"row-dpci.y8im.s9g2",":version":"rv-kxrd~ezvj.h3be",":created_at":"2025-06-14T11:00:19.984Z",":updated_at":"2025-06-14T11:00:25.292Z",":@computed_region_awaf_s7ux":"48",":@computed_region_6mkv_f3dw":"21184",":@computed_region_vrxf_vc4k":"29",":@computed_region_bdys_3d7i":"37",":@computed_region_43wa_7qmu":"46",":@computed_region_rpca_8um6":"28",":@computed_region_8hcu_yrd4":"27"}},
{"type":"Feature","geometry":{"type":"Point","coordinates":[-87.672861,41.736044]},"properties":{"id":"1872721263815561908","station_name":"Damen Ave & 87th St","short_name":"CHI01761","total_docks":"15","docks_in_service":"15","status":"In Service","latitude":"41.736044","longitude":"-87.672861",":id":"row-zvim.f86a~zek9",":version":"rv-z4mp_i4q6-wa99",":created_at":"2026-01-31T12:00:25.966Z",":updated_at":"2026-01-31T12:03:14.902Z",":@computed_region_awaf_s7ux":"6",":@computed_region_6mkv_f3dw":"21554",":@computed_region_vrxf_vc4k":"70",":@computed_region_bdys_3d7i":"532",":@computed_region_43wa_7qmu":"30",":@computed_region_rpca_8um6":"59",":@computed_region_8hcu_yrd4":"18"}},
{"type":"Feature","geometry":{"type":"Point","coordinates":[-87.66841,41.89962]},"properties":{"id":"a3a3fb5d-a135-11e9-9cda-0a87ae2ba916","station_name":"Ashland Ave & Augusta Blvd","short_name":"CHI02012","total_docks":"15","docks_in_service":"15","status":"In Service","latitude":"41.89962","longitude":"-87.66841",":id":"row-gbxf_st3x_bwnh",":version":"rv-ktsx-7nkx-hq4f",":created_at":"2026-01-29T12:00:16.814Z",":updated_at":"2026-01-29T12:00:31.023Z",":@computed_region_awaf_s7ux":"24",":@computed_region_6mkv_f3dw":"21560",":@computed_region_vrxf_vc4k":"25",":@computed_region_bdys_3d7i":"518",":@computed_region_43wa_7qmu":"41",":@computed_region_rpca_8um6":"4",":@computed_region_8hcu_yrd4":"1"}},
{"type":"Feature","geometry":{"type":"Point","coordinates":[-87.658902,41.884336]},"properties":{"id":"1775509322900183222","station_name":"Elizabeth St & Randolph St","short_name":"CHI01903","total_docks":"11","docks_in_service":"11","status":"In Service","latitude":"41.884336","longitude":"-87.658902",":id":"row-ne6x-i7du~qtws",":version":"rv-6xae~dfbi-i2km",":created_at":"2025-11-23T12:04:36.515Z",":updated_at":"2025-11-23T12:04:39.232Z",":@computed_region_awaf_s7ux":"41",":@computed_region_6mkv_f3dw":"14917",":@computed_region_vrxf_vc4k":"29",":@computed_region_bdys_3d7i":"63",":@computed_region_43wa_7qmu":"46",":@computed_region_rpca_8um6":"44",":@computed_region_8hcu_yrd4":"27"}},
{"type":"Feature","geometry":{"type":"Point","coordinates":[-87.63244,41.6706]},"properties":{"id":"1989976253005812134","station_name":"Stewart Ave & 123rd St","short_name":"CHI01953","total_docks":"16","docks_in_service":"16","status":"In Service","latitude":"41.6706","longitude":"-87.63244",":id":"row-798q_2g6g-i7az",":version":"rv-vmjg~h23y~qsw6",":created_at":"2025-06-14T11:00:19.984Z",":updated_at":"2025-06-14T11:00:25.292Z",":@computed_region_awaf_s7ux":"45",":@computed_region_6mkv_f3dw":"21861",":@computed_region_vrxf_vc4k":"50",":@computed_region_bdys_3d7i":"7",":@computed_region_43wa_7qmu":"22",":@computed_region_rpca_8um6":"19",":@computed_region_8hcu_yrd4":"11"}},
{"type":"Feature","geometry":{"type":"Point","coordinates":[-87.679618,41.943403]},"properties":{"id":"a3aa54a0-a135-11e9-9cda-0a87ae2ba916","station_name":"Seeley Ave & Roscoe St","short_name":"CHI00475","total_docks":"11","docks_in_service":"11","status":"In Service","latitude":"41.943403","longitude":"-87.679618",":id":"row-r2bv~47gm~ue5y",":version":"rv-jwc5.a2d8-5nfs",":created_at":"2026-02-10T12:04:41.245Z",":updated_at":"2026-02-10T12:04:50.893Z",":@computed_region_awaf_s7ux":"16",":@computed_region_6mkv_f3dw":"21538",":@computed_region_vrxf_vc4k":"46",":@computed_region_bdys_3d7i":"614",":@computed_region_43wa_7qmu":"40",":@computed_region_rpca_8um6":"39",":@computed_region_8hcu_yrd4":"32"}},
{"type":"Feature","geometry":{"type":"Point","coordinates":[-87.55927465,41.76218896038]},"properties":{"id":"a3ad09b2-a135-11e9-9cda-0a87ae2ba916","station_name":"South Shore Dr & 74th St","short_name":"CHI00221","total_docks":"11","docks_in_service":"11","status":"In Service","latitude":"41.7621889604","longitude":"-87.55927465",":id":"row-wya3_3tvx~b4tk",":version":"rv-7mus~ehiu.cur8",":created_at":"2025-06-14T11:00:19.984Z",":updated_at":"2025-06-14T11:00:25.292Z",":@computed_region_awaf_s7ux":"43",":@computed_region_6mkv_f3dw":"22538",":@computed_region_vrxf_vc4k":"39",":@computed_region_bdys_3d7i":"421",":@computed_region_43wa_7qmu":"37",":@computed_region_rpca_8um6":"24",":@computed_region_8hcu_yrd4":"5"}},
{"type":"Feature","geometry":{"type":"Point","coordinates":[-87.656868109589,41.704925564998]},"properties":{"id":"cefa52d6-b185-4969-89a6-20eb65f5c294","station_name":"Vincennes Ave & 104th St","short_name":"CHI00861","total_docks":"15","docks_in_service":"15","status":"In Service","latitude":"41.704925565","longitude":"-87.6568681096",":id":"row-2ktr.7ynb_42ij",":version":"rv-yk7e-jrgd.yx8e",":created_at":"2026-02-12T12:02:32.068Z",":updated_at":"2026-02-12T12:02:39.154Z",":@computed_region_awaf_s7ux":"18",":@computed_region_6mkv_f3dw":"22212",":@computed_region_vrxf_vc4k":"71",":@computed_region_bdys_3d7i":"630",":@computed_region_43wa_7qmu":"22",":@computed_region_rpca_8um6":"13",":@computed_region_8hcu_yrd4":"19"}},
{"type":"Feature","geometry":{"type":"Point","coordinates":[-87.653449,41.917805]},"properties":{"id":"1436495105198659242","station_name":"Sheffield Ave & Armitage Ave Public Rack","short_name":null,"total_docks":"6","docks_in_service":"6","status":"In Service","latitude":"41.917805","longitude":"-87.653449",":id":"row-e7ux.mma8~b8kc",":version":"rv-n57x_isw5_v5av",":created_at":"2026-02-12T12:02:32.068Z",":updated_at":"2026-02-12T12:02:39.154Z",":@computed_region_awaf_s7ux":"16",":@computed_region_6mkv_f3dw":"21190",":@computed_region_vrxf_vc4k":"68",":@computed_region_bdys_3d7i":"168",":@computed_region_43wa_7qmu":"34",":@computed_region_rpca_8um6":"16",":@computed_region_8hcu_yrd4":"43"}},
{"type":"Feature","geometry":{"type":"Point","coordinates":[-87.670667767525,41.943350247017]},"properties":{"id":"4843d153-c725-4230-a4c7-402da6a62143","station_name":"Lincoln Ave & Roscoe St","short_name":"CHI01837","total_docks":"16","docks_in_service":"16","status":"In Service","latitude":"41.943350247","longitude":"-87.6706677675",":id":"row-v65c_5mpe-wi22",":version":"rv-xmdn_9rw6.rqfe",":created_at":"2026-02-27T12:00:20.684Z",":updated_at":"2026-02-27T12:00:22.747Z",":@computed_region_awaf_s7ux":"16",":@computed_region_6mkv_f3dw":"4449",":@computed_region_vrxf_vc4k":"57",":@computed_region_bdys_3d7i":"239",":@computed_region_43wa_7qmu":"18",":@computed_region_rpca_8um6":"22",":@computed_region_8hcu_yrd4":"47"}},
{"type":"Feature","geometry":{"type":"Point","coordinates":[-87.637715,41.902924]},"properties":{"id":"a3a3d6f0-a135-11e9-9cda-0a87ae2ba916","station_name":"Orleans St & Elm St","short_name":"CHI00263","total_docks":"15","docks_in_service":"15","status":"In Service","latitude":"41.902924","longitude":"-87.637715",":id":"row-4p3w.nu2u-75ju",":version":"rv-dmw4~yunt.6eqf",":created_at":"2026-01-03T12:02:28.849Z",":updated_at":"2026-01-03T12:02:30.581Z",":@computed_region_awaf_s7ux":"41",":@computed_region_6mkv_f3dw":"14926",":@computed_region_vrxf_vc4k":"37",":@computed_region_bdys_3d7i":"148",":@computed_region_43wa_7qmu":"46",":@computed_region_rpca_8um6":"54",":@computed_region_8hcu_yrd4":"27"}},
{"type":"Feature","geometry":{"type":"Point","coordinates":[-87.662007,41.877945]},"properties":{"id":"a3a62aad-a135-11e9-9cda-0a87ae2ba916","station_name":"Loomis St & Jackson Blvd","short_name":"CHI00230","total_docks":"19","docks_in_service":"19","status":"In Service","latitude":"41.877945","longitude":"-87.662007",":id":"row-bbs5-6vhg~i8fa",":version":"rv-mmbt~32s4~decy",":created_at":"2026-01-03T12:02:28.849Z",":updated_at":"2026-01-03T12:02:30.581Z",":@computed_region_awaf_s7ux":"48",":@computed_region_6mkv_f3dw":"14917",":@computed_region_vrxf_vc4k":"29",":@computed_region_bdys_3d7i":"91",":@computed_region_43wa_7qmu":"46",":@computed_region_rpca_8um6":"44",":@computed_region_8hcu_yrd4":"27"}},
{"type":"Feature","geometry":{"type":"Point","coordinates":[-87.695439,41.961068]},"properties":{"id":"a3afa4c3-a135-11e9-9cda-0a87ae2ba916","station_name":"California Ave & Montrose Ave","short_name":"CHI00300","total_docks":"15","docks_in_service":"15","status":"In Service","latitude":"41.961068","longitude":"-87.695439",":id":"row-sanr-pk54.di5x",":version":"rv-5nh3_brr3-njfy",":created_at":"2026-02-10T12:04:41.245Z",":updated_at":"2026-02-10T12:04:50.893Z",":@computed_region_awaf_s7ux":"2",":@computed_region_6mkv_f3dw":"21538",":@computed_region_vrxf_vc4k":"16",":@computed_region_bdys_3d7i":"214",":@computed_region_43wa_7qmu":"20",":@computed_region_rpca_8um6":"39",":@computed_region_8hcu_yrd4":"33"}},
{"type":"Feature","geometry":{"type":"Point","coordinates":[-87.648636,41.949074]},"properties":{"id":"a3aa4017-a135-11e9-9cda-0a87ae2ba916","station_name":"Broadway & Waveland Ave","short_name":"CHI00496","total_docks":"16","docks_in_service":"16","status":"In Service","latitude":"41.949074","longitude":"-87.648636",":id":"row-7a97~gga3-j8y7",":version":"rv-jdyp~a3px-ahdb",":created_at":"2025-12-07T12:02:27.869Z",":updated_at":"2025-12-07T12:02:30.456Z",":@computed_region_awaf_s7ux":"37",":@computed_region_6mkv_f3dw":"21186",":@computed_region_vrxf_vc4k":"57",":@computed_region_bdys_3d7i":"726",":@computed_region_43wa_7qmu":"39",":@computed_region_rpca_8um6":"53",":@computed_region_8hcu_yrd4":"46"}},
{"type":"Feature","geometry":{"type":"Point","coordinates":[-87.6259080327,41.89576474564]},"properties":{"id":"a3a6e866-a135-11e9-9cda-0a87ae2ba916","station_name":"Rush St & Superior St","short_name":"CHI00368","total_docks":"23","docks_in_service":"23","status":"In Service","latitude":"41.8957647456","longitude":"-87.6259080327",":id":"row-23gx.tpzh.yfeg",":version":"rv-refr.dga8~d4bx",":created_at":"2026-02-22T12:02:39.615Z",":updated_at":"2026-02-22T12:02:48.577Z",":@computed_region_awaf_s7ux":"22",":@computed_region_6mkv_f3dw":"21182",":@computed_region_vrxf_vc4k":"37",":@computed_region_bdys_3d7i":"626",":@computed_region_43wa_7qmu":"36",":@computed_region_rpca_8um6":"6",":@computed_region_8hcu_yrd4":"2"}},
{"type":"Feature","geometry":{"type":"Point","coordinates":[-87.700825,41.965875]},"properties":{"id":"a3af9064-a135-11e9-9cda-0a87ae2ba916","station_name":"Manor Ave & Leland Ave","short_name":"CHI00633","total_docks":"11","docks_in_service":"11","status":"In Service","latitude":"41.965875","longitude":"-87.700825",":id":"row-f8mq.ystg-g45k",":version":"rv-fzd2-z3jm~855s",":created_at":"2026-01-01T12:00:20.473Z",":updated_at":"2026-01-01T12:00:28.954Z",":@computed_region_awaf_s7ux":"2",":@computed_region_6mkv_f3dw":"21849",":@computed_region_vrxf_vc4k":"14",":@computed_region_bdys_3d7i":"258",":@computed_region_43wa_7qmu":"20",":@computed_region_rpca_8um6":"20",":@computed_region_8hcu_yrd4":"40"}},
{"type":"Feature","geometry":{"type":"Point","coordinates":[-87.7011951301,41.93190196886]},"properties":{"id":"a3b00b3a-a135-11e9-9cda-0a87ae2ba916","station_name":"Richmond St & Diversey Ave","short_name":"CHI00552","total_docks":"15","docks_in_service":"15","status":"In Service","latitude":"41.9319019689","longitude":"-87.7011951301",":id":"row-5n57-wjt3_yba9",":version":"rv-u3x8.nwup_wjzn",":created_at":"2026-02-22T12:02:39.615Z",":updated_at":"2026-02-22T12:02:48.577Z",":@computed_region_awaf_s7ux":"15",":@computed_region_6mkv_f3dw":"22535",":@computed_region_vrxf_vc4k":"23",":@computed_region_bdys_3d7i":"548",":@computed_region_43wa_7qmu":"40",":@computed_region_rpca_8um6":"1",":@computed_region_8hcu_yrd4":"1"}},
{"type":"Feature","geometry":{"type":"Point","coordinates":[-87.69895,41.80068]},"properties":{"id":"1989627762882635936","station_name":"Sacramento Ave & 51st St","short_name":"CHI01890","total_docks":"8","docks_in_service":"8","status":"In Service","latitude":"41.80068","longitude":"-87.69895",":id":"row-2qeg~5f62-ry3t",":version":"rv-binv~kv7i-j99a",":created_at":"2026-02-12T12:02:32.068Z",":updated_at":"2026-02-12T12:02:39.154Z",":@computed_region_awaf_s7ux":"49",":@computed_region_6mkv_f3dw":"22248",":@computed_region_vrxf_vc4k":"61",":@computed_region_bdys_3d7i":"777",":@computed_region_43wa_7qmu":"8",":@computed_region_rpca_8um6":"56",":@computed_region_8hcu_yrd4":"14"}},
{"type":"Feature","geometry":{"type":"Point","coordinates":[-87.66883,41.95605]},"properties":{"id":"a3a88a6d-a135-11e9-9cda-0a87ae2ba916","station_name":"Ashland Ave & Belle Plaine Ave","short_name":"CHI00380","total_docks":"15","docks_in_service":"15","status":"In Service","latitude":"41.95605","longitude":"-87.66883",":id":"row-hhes-qtak_ym5e",":version":"rv-wr4v-vrfa_79qq",":created_at":"2026-02-22T12:02:39.615Z",":updated_at":"2026-02-22T12:02:48.577Z",":@computed_region_awaf_s7ux":"13",":@computed_region_6mkv_f3dw":"21186",":@computed_region_vrxf_vc4k":"57",":@computed_region_bdys_3d7i":"650",":@computed_region_43wa_7qmu":"18",":@computed_region_rpca_8um6":"53",":@computed_region_8hcu_yrd4":"47"}},
{"type":"Feature","geometry":{"type":"Point","coordinates":[-87.64776,41.93314]},"properties":{"id":"2024842594057769234","station_name":"Burling St & Diversey Pkwy","short_name":"CHI00327","total_docks":"16","docks_in_service":"16","status":"In Service","latitude":"41.93314","longitude":"-87.64776",":id":"row-tbaf.9jfb~ysew",":version":"rv-89eh.yekx~de3k",":created_at":"2026-02-12T12:02:32.068Z",":updated_at":"2026-02-12T12:02:39.154Z",":@computed_region_awaf_s7ux":"38",":@computed_region_6mkv_f3dw":"21190",":@computed_region_vrxf_vc4k":"57",":@computed_region_bdys_3d7i":"684",":@computed_region_43wa_7qmu":"25",":@computed_region_rpca_8um6":"22",":@computed_region_8hcu_yrd4":"44"}},
{"type":"Feature","geometry":{"type":"Point","coordinates":[-87.69598,41.88098]},"properties":{"id":"1958859209051740602","station_name":"California Ave & Madison St","short_name":"CHI01836","total_docks":"15","docks_in_service":"15","status":"In Service","latitude":"41.88098","longitude":"-87.69598",":id":"row-gebk-x6hq-s6k6",":version":"rv-5z8y-aamq-qkif",":created_at":"2026-01-26T12:00:18.064Z",":updated_at":"2026-01-26T12:00:38.365Z",":@computed_region_awaf_s7ux":"48",":@computed_region_6mkv_f3dw":"21184",":@computed_region_vrxf_vc4k":"28",":@computed_region_bdys_3d7i":"38",":@computed_region_43wa_7qmu":"46",":@computed_region_rpca_8um6":"28",":@computed_region_8hcu_yrd4":"27"}},
{"type":"Feature","geometry":{"type":"Point","coordinates":[-87.640591,41.849527]},"properties":{"id":"a3a7d279-a135-11e9-9cda-0a87ae2ba916","station_name":"Normal Ave & Archer Ave","short_name":"CHI00392","total_docks":"11","docks_in_service":"11","status":"In Service","latitude":"41.849527","longitude":"-87.640591",":id":"row-dyh2~wa4q~mizy",":version":"rv-hrqc_7uu8-9hvu",":created_at":"2026-01-16T12:00:19.805Z",":updated_at":"2026-01-16T12:00:24.264Z",":@computed_region_awaf_s7ux":"8",":@computed_region_6mkv_f3dw":"21194",":@computed_region_vrxf_vc4k":"35",":@computed_region_bdys_3d7i":"3",":@computed_region_43wa_7qmu":"48",":@computed_region_rpca_8um6":"40",":@computed_region_8hcu_yrd4":"7"}},
{"type":"Feature","geometry":{"type":"Point","coordinates":[-87.590461,41.787877]},"properties":{"id":"1850866657089146912","station_name":"Blackstone Ave & 59th St","short_name":"CHI01806","total_docks":"19","docks_in_service":"19","status":"In Service","latitude":"41.787877","longitude":"-87.590461",":id":"row-c97u.5mcs~yj9i",":version":"rv-25jp-va3z.qyxt",":created_at":"2025-06-14T11:00:19.984Z",":updated_at":"2025-06-14T11:00:25.292Z",":@computed_region_awaf_s7ux":"32",":@computed_region_6mkv_f3dw":"22260",":@computed_region_vrxf_vc4k":"8",":@computed_region_bdys_3d7i":"477",":@computed_region_43wa_7qmu":"33",":@computed_region_rpca_8um6":"60",":@computed_region_8hcu_yrd4":"3"}},
{"type":"Feature","geometry":{"type":"Point","coordinates":[-87.713143,41.773258]},"properties":{"id":"1934290793283144612","station_name":"Central Park Ave & 66th St","short_name":"CHI01812","total_docks":"7","docks_in_service":"7","status":"In Service","latitude":"41.773258","longitude":"-87.713143",":id":"row-94a9-ixnn-3d7c",":version":"rv-5xkx_kbhq.b45c",":created_at":"2026-02-18T12:00:20.257Z",":updated_at":"2026-02-18T12:00:22.489Z",":@computed_region_awaf_s7ux":"23",":@computed_region_6mkv_f3dw":"21867",":@computed_region_vrxf_vc4k":"63",":@computed_region_bdys_3d7i":"238",":@computed_region_43wa_7qmu":"15",":@computed_region_rpca_8um6":"58",":@computed_region_8hcu_yrd4":"23"}},
{"type":"Feature","geometry":{"type":"Point","coordinates":[-87.586853,41.780506]},"properties":{"id":"1754781885939323186","station_name":"Stony Island Ave & 63rd St","short_name":"CHI02031","total_docks":"11","docks_in_service":"11","status":"In Service","latitude":"41.780506","longitude":"-87.586853",":id":"row-58ne.yex6-pi9m",":version":"rv-iuwr~w2sq.6fkk",":created_at":"2025-12-15T12:00:18.959Z",":updated_at":"2025-12-15T12:00:30.830Z",":@computed_region_awaf_s7ux":"53",":@computed_region_6mkv_f3dw":"22260",":@computed_region_vrxf_vc4k":"9",":@computed_region_bdys_3d7i":"134",":@computed_region_43wa_7qmu":"4",":@computed_region_rpca_8um6":"60",":@computed_region_8hcu_yrd4":"3"}},
{"type":"Feature","geometry":{"type":"Point","coordinates":[-87.688243,42.012342]},"properties":{"id":"a3b0fff9-a135-11e9-9cda-0a87ae2ba916","station_name":"Oakley Ave & Touhy Ave","short_name":"CHI00603","total_docks":"11","docks_in_service":"11","status":"In Service","latitude":"42.012342","longitude":"-87.688243",":id":"row-w6gz_ak6r.z2zy",":version":"rv-q4ij~an9a~h3qj",":created_at":"2025-12-15T12:00:18.959Z",":updated_at":"2025-12-15T12:00:30.830Z",":@computed_region_awaf_s7ux":"3",":@computed_region_6mkv_f3dw":"22528",":@computed_region_vrxf_vc4k":"20",":@computed_region_bdys_3d7i":"341",":@computed_region_43wa_7qmu":"27",":@computed_region_rpca_8um6":"12",":@computed_region_8hcu_yrd4":"50"}},
{"type":"Feature","geometry":{"type":"Point","coordinates":[-87.652705,41.932418]},"properties":{"id":"a3a3a282-a135-11e9-9cda-0a87ae2ba916","station_name":"Wilton Ave & Diversey Pkwy","short_name":"CHI00226","total_docks":"35","docks_in_service":"35","status":"In Service","latitude":"41.932418","longitude":"-87.652705",":id":"row-pipa-fivt.eitq",":version":"rv-de3a-g5b7~pkv3",":created_at":"2026-01-08T12:00:18.555Z",":updated_at":"2026-01-08T12:00:22.540Z",":@computed_region_awaf_s7ux":"51",":@computed_region_6mkv_f3dw":"21190",":@computed_region_vrxf_vc4k":"68",":@computed_region_bdys_3d7i":"769",":@computed_region_43wa_7qmu":"34",":@computed_region_rpca_8um6":"16",":@computed_region_8hcu_yrd4":"43"}},
{"type":"Feature","geometry":{"type":"Point","coordinates":[-87.68676,41.80094]},"properties":{"id":"1943243414585123730","station_name":"Campbell Ave & 51st St","short_name":"CHI01918","total_docks":"7","docks_in_service":"7","status":"In Service","latitude":"41.80094","longitude":"-87.68676",":id":"row-cniy_5y54-y6am",":version":"rv-3zie.hc8t~w9jc",":created_at":"2026-02-12T12:02:32.068Z",":updated_at":"2026-02-12T12:02:39.154Z",":@computed_region_awaf_s7ux":"49",":@computed_region_6mkv_f3dw":"22248",":@computed_region_vrxf_vc4k":"61",":@computed_region_bdys_3d7i":"778",":@computed_region_43wa_7qmu":"8",":@computed_region_rpca_8um6":"56",":@computed_region_8hcu_yrd4":"14"}},
{"type":"Feature","geometry":{"type":"Point","coordinates":[-87.63409,41.7506]},"properties":{"id":"1966306862968688728","station_name":"Vincennes Ave & 79th St","short_name":"CHI01937","total_docks":"15","docks_in_service":"15","status":"In Service","latitude":"41.7506","longitude":"-87.63409",":id":"row-ghfd.mpkf.83kg",":version":"rv-6wrx_5iwm~9bf6",":created_at":"2025-06-14T11:00:19.984Z",":updated_at":"2025-06-14T11:00:25.292Z",":@computed_region_awaf_s7ux":"17",":@computed_region_6mkv_f3dw":"21554",":@computed_region_vrxf_vc4k":"40",":@computed_region_bdys_3d7i":"1",":@computed_region_43wa_7qmu":"31",":@computed_region_rpca_8um6":"59",":@computed_region_8hcu_yrd4":"4"}},
{"type":"Feature","geometry":{"type":"Point","coordinates":[-87.624146,41.878556]},"properties":{"id":"a3a9d529-a135-11e9-9cda-0a87ae2ba916","station_name":"Michigan Ave & Jackson Blvd","short_name":"CHI00452","total_docks":"23","docks_in_service":"23","status":"In Service","latitude":"41.878556","longitude":"-87.624146",":id":"row-edtx-e2p7_cp8w",":version":"rv-vita.pg8k-ipu4",":created_at":"2025-08-05T11:04:47.325Z",":updated_at":"2025-08-05T11:04:59.185Z",":@computed_region_awaf_s7ux":"22",":@computed_region_6mkv_f3dw":"14912",":@computed_region_vrxf_vc4k":"38",":@computed_region_bdys_3d7i":"367",":@computed_region_43wa_7qmu":"36",":@computed_region_rpca_8um6":"29",":@computed_region_8hcu_yrd4":"42"}},
{"type":"Feature","geometry":{"type":"Point","coordinates":[-87.661535,41.857556]},"properties":{"id":"a3a5d3bb-a135-11e9-9cda-0a87ae2ba916","station_name":"Blue Island Ave & 18th St","short_name":"CHI00443","total_docks":"15","docks_in_service":"15","status":"In Service","latitude":"41.857556","longitude":"-87.661535",":id":"row-ubmm-e2pp-y75i",":version":"rv-8mng~fc6m.6eaf",":created_at":"2026-02-18T12:00:20.257Z",":updated_at":"2026-02-18T12:00:22.489Z",":@computed_region_awaf_s7ux":"8",":@computed_region_6mkv_f3dw":"14920",":@computed_region_vrxf_vc4k":"33",":@computed_region_bdys_3d7i":"365",":@computed_region_43wa_7qmu":"26",":@computed_region_rpca_8um6":"43",":@computed_region_8hcu_yrd4":"25"}},
{"type":"Feature","geometry":{"type":"Point","coordinates":[-87.6419,41.843511]},"properties":{"id":"2113983884661901700","station_name":"Wallace St & 28th St","short_name":"CHI02090","total_docks":"15","docks_in_service":"15","status":"In Service","latitude":"41.843511","longitude":"-87.6419",":id":"row-gdw8.j2wh~y7hp",":version":"rv-junc~an7h.z8ia",":created_at":"2026-02-12T12:02:32.068Z",":updated_at":"2026-02-12T12:02:39.154Z",":@computed_region_awaf_s7ux":"26",":@computed_region_6mkv_f3dw":"21194",":@computed_region_vrxf_vc4k":"58",":@computed_region_bdys_3d7i":"688",":@computed_region_43wa_7qmu":"48",":@computed_region_rpca_8um6":"40",":@computed_region_8hcu_yrd4":"7"}},
{"type":"Feature","geometry":{"type":"Point","coordinates":[-87.598714828491,41.695010449381]},"properties":{"id":"7dc58bb9-24de-4544-9a12-c3975139370f","station_name":"Doty Ave & 111th St","short_name":"CHI00779","total_docks":"15","docks_in_service":"15","status":"In Service","latitude":"41.6950104494","longitude":"-87.5987148285",":id":"row-6ei3_cnmp_6u7g",":version":"rv-xuhn~qf9y_zknm",":created_at":"2026-01-03T12:02:28.849Z",":updated_at":"2026-01-03T12:02:30.581Z",":@computed_region_awaf_s7ux":"30",":@computed_region_6mkv_f3dw":"21861",":@computed_region_vrxf_vc4k":"47",":@computed_region_bdys_3d7i":"254",":@computed_region_43wa_7qmu":"43",":@computed_region_rpca_8um6":"19",":@computed_region_8hcu_yrd4":"11"}},
{"type":"Feature","geometry":{"type":"Point","coordinates":[-87.71945,41.74763]},"properties":{"id":"1879437308430949172","station_name":"Springfield Ave & 80th St","short_name":"CHI01757","total_docks":"15","docks_in_service":"15","status":"In Service","latitude":"41.74763","longitude":"-87.71945",":id":"row-4ae9~i3it_qdv6",":version":"rv-738x-f4z8~ianp",":created_at":"2026-01-12T12:00:27.725Z",":updated_at":"2026-01-12T12:00:29.487Z",":@computed_region_awaf_s7ux":"6",":@computed_region_6mkv_f3dw":"4300",":@computed_region_vrxf_vc4k":"69",":@computed_region_bdys_3d7i":"199",":@computed_region_43wa_7qmu":"30",":@computed_region_rpca_8um6":"8",":@computed_region_8hcu_yrd4":"18"}},
{"type":"Feature","geometry":{"type":"Point","coordinates":[-87.71244,41.92837]},"properties":{"id":"2176700070219997476","station_name":"Kimball Ave & Wrightwood Ave","short_name":"CHI02192","total_docks":"15","docks_in_service":"15","status":"In Service","latitude":"41.92837","longitude":"-87.71244",":id":"row-4b2w.u6q7~5pda",":version":"rv-qnn8-rz3v~dpr5",":created_at":"2026-01-23T12:00:20.731Z",":updated_at":"2026-01-23T12:00:23.885Z",":@computed_region_awaf_s7ux":"15",":@computed_region_6mkv_f3dw":"22535",":@computed_region_vrxf_vc4k":"23",":@computed_region_bdys_3d7i":"72",":@computed_region_43wa_7qmu":"12",":@computed_region_rpca_8um6":"1",":@computed_region_8hcu_yrd4":"35"}},
{"type":"Feature","geometry":{"type":"Point","coordinates":[-87.617054,41.653564]},"properties":{"id":"1448642188027369086","station_name":"Indiana Ave & 133rd St Public Rack","short_name":null,"total_docks":"8","docks_in_service":"8","status":"In Service","latitude":"41.653564","longitude":"-87.617054",":id":"row-iqb4~3f9n-xa7u",":version":"rv-rzvh.77hz~xj9v",":created_at":"2026-01-08T12:00:18.555Z",":updated_at":"2026-01-08T12:00:22.540Z",":@computed_region_awaf_s7ux":"30",":@computed_region_6mkv_f3dw":"4460",":@computed_region_vrxf_vc4k":"51",":@computed_region_bdys_3d7i":"10",":@computed_region_43wa_7qmu":"43",":@computed_region_rpca_8um6":"47",":@computed_region_8hcu_yrd4":"11"}},
{"type":"Feature","geometry":{"type":"Point","coordinates":[-87.680177,41.742805]},"properties":{"id":"1879442377117973296","station_name":"Dan Ryan Woods & 83rd St","short_name":"CHI01778","total_docks":"11","docks_in_service":"11","status":"In Service","latitude":"41.742805","longitude":"-87.680177",":id":"row-kphs-gr3f.m8ff",":version":"rv-ywk3.vvde-4j7h",":created_at":"2026-01-26T12:00:18.064Z",":updated_at":"2026-01-26T12:00:38.365Z",":@computed_region_awaf_s7ux":"6",":@computed_region_6mkv_f3dw":"21554",":@computed_region_vrxf_vc4k":"69",":@computed_region_bdys_3d7i":"217",":@computed_region_43wa_7qmu":"30",":@computed_region_rpca_8um6":"59",":@computed_region_8hcu_yrd4":"18"}},
{"type":"Feature","geometry":{"type":"Point","coordinates":[-87.631942,41.911974]},"properties":{"id":"a3a5c440-a135-11e9-9cda-0a87ae2ba916","station_name":"Clark St & North Ave","short_name":"CHI00444","total_docks":"15","docks_in_service":"15","status":"In Service","latitude":"41.911974","longitude":"-87.631942",":id":"row-ygh8.72x7~avuq",":version":"rv-6yep_rexq.b657",":created_at":"2026-01-29T12:00:16.814Z",":updated_at":"2026-01-29T12:00:31.023Z",":@computed_region_awaf_s7ux":"51",":@computed_region_6mkv_f3dw":"21190",":@computed_region_vrxf_vc4k":"68",":@computed_region_bdys_3d7i":"271",":@computed_region_43wa_7qmu":"34",":@computed_region_rpca_8um6":"16",":@computed_region_8hcu_yrd4":"43"}},
{"type":"Feature","geometry":{"type":"Point","coordinates":[-87.677335,41.915983]},"properties":{"id":"a3a80512-a135-11e9-9cda-0a87ae2ba916","station_name":"Damen Ave & Cortland St","short_name":"CHI00388","total_docks":"19","docks_in_service":"19","status":"In Service","latitude":"41.915983","longitude":"-87.677335",":id":"row-jtsq~gi8b-zufp",":version":"rv-ak6q_h4si.hdtq",":created_at":"2026-01-26T12:00:18.064Z",":updated_at":"2026-01-26T12:00:38.365Z",":@computed_region_awaf_s7ux":"16",":@computed_region_6mkv_f3dw":"21560",":@computed_region_vrxf_vc4k":"23",":@computed_region_bdys_3d7i":"179",":@computed_region_43wa_7qmu":"40",":@computed_region_rpca_8um6":"4",":@computed_region_8hcu_yrd4":"32"}},
{"type":"Feature","geometry":{"type":"Point","coordinates":[-87.681469,41.912616]},"properties":{"id":"a3a6d884-a135-11e9-9cda-0a87ae2ba916","station_name":"Milwaukee Ave & Wabansia Ave","short_name":"CHI00005","total_docks":"24","docks_in_service":"24","status":"In Service","latitude":"41.912616","longitude":"-87.681469",":id":"row-z6pz.x8di~qp32",":version":"rv-exgi-g2xm.aaw2",":created_at":"2025-12-12T12:00:16.411Z",":updated_at":"2025-12-12T12:00:25.872Z",":@computed_region_awaf_s7ux":"16",":@computed_region_6mkv_f3dw":"22535",":@computed_region_vrxf_vc4k":"25",":@computed_region_bdys_3d7i":"298",":@computed_region_43wa_7qmu":"40",":@computed_region_rpca_8um6":"1",":@computed_region_8hcu_yrd4":"32"}},
{"type":"Feature","geometry":{"type":"Point","coordinates":[-87.56644,41.758768]},"properties":{"id":"a3acfa38-a135-11e9-9cda-0a87ae2ba916","station_name":"Yates Blvd & 75th St","short_name":"CHI00573","total_docks":"11","docks_in_service":"11","status":"In Service","latitude":"41.758768","longitude":"-87.56644",":id":"row-vewi.evkv~g9w4",":version":"rv-az49~ycmt.hm47",":created_at":"2026-02-04T12:00:18.466Z",":updated_at":"2026-02-04T12:00:29.727Z",":@computed_region_awaf_s7ux":"43",":@computed_region_6mkv_f3dw":"22538",":@computed_region_vrxf_vc4k":"39",":@computed_region_bdys_3d7i":"420",":@computed_region_43wa_7qmu":"37",":@computed_region_rpca_8um6":"24",":@computed_region_8hcu_yrd4":"5"}},
{"type":"Feature","geometry":{"type":"Point","coordinates":[-87.65597,41.89008]},"properties":{"id":"2147339944727486696","station_name":"May St & Hubbard St","short_name":"CHI02166","total_docks":"15","docks_in_service":"15","status":"In Service","latitude":"41.89008","longitude":"-87.65597",":id":"row-3frq-nfun-2k87",":version":"rv-hh35-56wa.abkw",":created_at":"2026-01-08T12:00:18.555Z",":updated_at":"2026-01-08T12:00:22.540Z",":@computed_region_awaf_s7ux":"41",":@computed_region_6mkv_f3dw":"22620",":@computed_region_vrxf_vc4k":"25",":@computed_region_bdys_3d7i":"522",":@computed_region_43wa_7qmu":"46",":@computed_region_rpca_8um6":"49",":@computed_region_8hcu_yrd4":"27"}},
{"type":"Feature","geometry":{"type":"Point","coordinates":[-87.672069,41.895634]},"properties":{"id":"a3b419d9-a135-11e9-9cda-0a87ae2ba916","station_name":"Wood St & Chicago Ave","short_name":"CHI01183","total_docks":"15","docks_in_service":"15","status":"In Service","latitude":"41.895634","longitude":"-87.672069",":id":"row-2zge~xzxd~xdgb",":version":"rv-x4bp_u4iv.dzh9",":created_at":"2026-02-18T12:00:20.257Z",":updated_at":"2026-02-18T12:00:22.489Z",":@computed_region_awaf_s7ux":"24",":@computed_region_6mkv_f3dw":"21560",":@computed_region_vrxf_vc4k":"25",":@computed_region_bdys_3d7i":"520",":@computed_region_43wa_7qmu":"41",":@computed_region_rpca_8um6":"4",":@computed_region_8hcu_yrd4":"1"}},
{"type":"Feature","geometry":{"type":"Point","coordinates":[-87.666507,41.865234]},"properties":{"id":"a3a9a778-a135-11e9-9cda-0a87ae2ba916","station_name":"Ashland Ave & 13th St","short_name":"CHI00515","total_docks":"15","docks_in_service":"15","status":"In Service","latitude":"41.865234","longitude":"-87.666507",":id":"row-bnrm-pnh2~6r3y",":version":"rv-8j2r_wrwc_kytm",":created_at":"2025-06-14T11:00:19.984Z",":updated_at":"2025-06-14T11:00:25.292Z",":@computed_region_awaf_s7ux":"48",":@computed_region_6mkv_f3dw":"14920",":@computed_region_vrxf_vc4k":"29",":@computed_region_bdys_3d7i":"96",":@computed_region_43wa_7qmu":"23",":@computed_region_rpca_8um6":"43",":@computed_region_8hcu_yrd4":"28"}},
{"type":"Feature","geometry":{"type":"Point","coordinates":[-87.7048707493,41.87359967462]},"properties":{"id":"a3adb48a-a135-11e9-9cda-0a87ae2ba916","station_name":"Kedzie Ave & Harrison St","short_name":"CHI00569","total_docks":"11","docks_in_service":"11","status":"In Service","latitude":"41.8735996746","longitude":"-87.7048707493",":id":"row-dtny_y6br~cbw8",":version":"rv-8npk_ck74.r8aj",":created_at":"2026-01-26T12:00:18.064Z",":updated_at":"2026-01-26T12:00:38.365Z",":@computed_region_awaf_s7ux":"36",":@computed_region_6mkv_f3dw":"21184",":@computed_region_vrxf_vc4k":"28",":@computed_region_bdys_3d7i":"36",":@computed_region_43wa_7qmu":"14",":@computed_region_rpca_8um6":"28",":@computed_region_8hcu_yrd4":"24"}},
{"type":"Feature","geometry":{"type":"Point","coordinates":[-87.643118,41.929546]},"properties":{"id":"a3aafccb-a135-11e9-9cda-0a87ae2ba916","station_name":"Clark St & Wrightwood Ave","short_name":"CHI00287","total_docks":"15","docks_in_service":"15","status":"In Service","latitude":"41.929546","longitude":"-87.643118",":id":"row-ptu7~v79v.zp6u",":version":"rv-c6f6-gjsb~fru8",":created_at":"2026-01-26T12:00:18.064Z",":updated_at":"2026-01-26T12:00:38.365Z",":@computed_region_awaf_s7ux":"51",":@computed_region_6mkv_f3dw":"21190",":@computed_region_vrxf_vc4k":"68",":@computed_region_bdys_3d7i":"794",":@computed_region_43wa_7qmu":"34",":@computed_region_rpca_8um6":"16",":@computed_region_8hcu_yrd4":"43"}},
{"type":"Feature","geometry":{"type":"Point","coordinates":[-87.62037,41.70346]},"properties":{"id":"1978857439487302508","station_name":"Michigan Ave & 105th St","short_name":"CHI01960","total_docks":"16","docks_in_service":"16","status":"In Service","latitude":"41.70346","longitude":"-87.62037",":id":"row-sqyr.7xeb.2pi3",":version":"rv-niik.hk4p-p74d",":created_at":"2025-06-14T11:00:19.984Z",":updated_at":"2025-06-14T11:00:25.292Z",":@computed_region_awaf_s7ux":"30",":@computed_region_6mkv_f3dw":"21861",":@computed_region_vrxf_vc4k":"45",":@computed_region_bdys_3d7i":"236",":@computed_region_43wa_7qmu":"43",":@computed_region_rpca_8um6":"19",":@computed_region_8hcu_yrd4":"11"}},
{"type":"Feature","geometry":{"type":"Point","coordinates":[-87.691392,41.917741]},"properties":{"id":"a3a762a1-a135-11e9-9cda-0a87ae2ba916","station_name":"Stave St & Armitage Ave","short_name":"CHI00412","total_docks":"11","docks_in_service":"11","status":"In Service","latitude":"41.917741","longitude":"-87.691392",":id":"row-5y6t_9b6b-5962",":version":"rv-nt3r.xi8r.wzkb",":created_at":"2025-06-14T11:00:19.984Z",":updated_at":"2025-06-14T11:00:25.292Z",":@computed_region_awaf_s7ux":"24",":@computed_region_6mkv_f3dw":"22535",":@computed_region_vrxf_vc4k":"23",":@computed_region_bdys_3d7i":"294",":@computed_region_43wa_7qmu":"41",":@computed_region_rpca_8um6":"1",":@computed_region_8hcu_yrd4":"1"}},
{"type":"Feature","geometry":{"type":"Point","coordinates":[-87.78674,41.99636]},"properties":{"id":"2056811709817405946","station_name":"Milwaukee Ave & Highland Ave","short_name":"CHI02015","total_docks":"12","docks_in_service":"12","status":"In Service","latitude":"41.99636","longitude":"-87.78674",":id":"row-n8zy~2zn5_74d5",":version":"rv-cscb-xs8a~9ui9",":created_at":"2026-01-07T12:00:26.349Z",":updated_at":"2026-01-07T12:00:29.680Z",":@computed_region_awaf_s7ux":"20",":@computed_region_6mkv_f3dw":"22532",":@computed_region_vrxf_vc4k":"36",":@computed_region_bdys_3d7i":"656",":@computed_region_43wa_7qmu":"38",":@computed_region_rpca_8um6":"18",":@computed_region_8hcu_yrd4":"39"}},
{"type":"Feature","geometry":{"type":"Point","coordinates":[-87.7747326,41.9531072]},"properties":{"id":"1929119555906179916","station_name":"Marmora Ave & Irving Park Rd","short_name":"CHI01804","total_docks":"15","docks_in_service":"15","status":"In Service","latitude":"41.9531072","longitude":"-87.7747326",":id":"row-b5xe~pcfi-5em2",":version":"rv-gva8_eptj~frdd",":created_at":"2025-06-14T11:00:19.984Z",":updated_at":"2025-06-14T11:00:25.292Z",":@computed_region_awaf_s7ux":"25",":@computed_region_6mkv_f3dw":"22254",":@computed_region_vrxf_vc4k":"15",":@computed_region_bdys_3d7i":"26",":@computed_region_43wa_7qmu":"19",":@computed_region_rpca_8um6":"52",":@computed_region_8hcu_yrd4":"38"}},
{"type":"Feature","geometry":{"type":"Point","coordinates":[-87.643278,41.819102]},"properties":{"id":"a3ad327e-a135-11e9-9cda-0a87ae2ba916","station_name":"Union Ave & Root St","short_name":"CHI00248","total_docks":"11","docks_in_service":"11","status":"In Service","latitude":"41.819102","longitude":"-87.643278",":id":"row-fz9g.zyet-8j3s",":version":"rv-8srw.vhuw~jru6",":created_at":"2025-06-14T11:00:19.984Z",":updated_at":"2025-06-14T11:00:25.292Z",":@computed_region_awaf_s7ux":"26",":@computed_region_6mkv_f3dw":"14924",":@computed_region_vrxf_vc4k":"59",":@computed_region_bdys_3d7i":"123",":@computed_region_43wa_7qmu":"48",":@computed_region_rpca_8um6":"37",":@computed_region_8hcu_yrd4":"7"}},
{"type":"Feature","geometry":{"type":"Point","coordinates":[-87.651024609804,41.885779252404]},"properties":{"id":"a3a4bbba-a135-11e9-9cda-0a87ae2ba916","station_name":"Sangamon St & Lake St","short_name":"CHI00242","total_docks":"23","docks_in_service":"23","status":"In Service","latitude":"41.8857792524","longitude":"-87.6510246098",":id":"row-kusi~kg9y~t3rc",":version":"rv-dpba-k33g.tigm",":created_at":"2026-02-04T12:00:18.466Z",":updated_at":"2026-02-04T12:00:29.727Z",":@computed_region_awaf_s7ux":"41",":@computed_region_6mkv_f3dw":"14917",":@computed_region_vrxf_vc4k":"29",":@computed_region_bdys_3d7i":"63",":@computed_region_43wa_7qmu":"46",":@computed_region_rpca_8um6":"44",":@computed_region_8hcu_yrd4":"27"}},
{"type":"Feature","geometry":{"type":"Point","coordinates":[-87.601334,41.788746]},"properties":{"id":"a3aabfe3-a135-11e9-9cda-0a87ae2ba916","station_name":"Ellis Ave & 58th St","short_name":"CHI00460","total_docks":"19","docks_in_service":"19","status":"In Service","latitude":"41.788746","longitude":"-87.601334",":id":"row-6etu-tc9r.u5bc",":version":"rv-4ggw.ics7~6av4",":created_at":"2026-01-30T12:02:27.964Z",":updated_at":"2026-01-30T12:02:29.655Z",":@computed_region_awaf_s7ux":"32",":@computed_region_6mkv_f3dw":"22260",":@computed_region_vrxf_vc4k":"8",":@computed_region_bdys_3d7i":"154",":@computed_region_43wa_7qmu":"33",":@computed_region_rpca_8um6":"60",":@computed_region_8hcu_yrd4":"3"}},
{"type":"Feature","geometry":{"type":"Point","coordinates":[-87.78735,41.93852]},"properties":{"id":"1981488728284770592","station_name":"Nagle Ave & Belmont Ave","short_name":"CHI01979","total_docks":"16","docks_in_service":"16","status":"In Service","latitude":"41.93852","longitude":"-87.78735",":id":"row-djjc_v53m~myd2",":version":"rv-d3m6.gg2i.y8ye",":created_at":"2025-06-14T11:00:19.984Z",":updated_at":"2025-06-14T11:00:25.292Z",":@computed_region_awaf_s7ux":"39",":@computed_region_6mkv_f3dw":"22254",":@computed_region_vrxf_vc4k":"17",":@computed_region_bdys_3d7i":"396",":@computed_region_43wa_7qmu":"44",":@computed_region_rpca_8um6":"52",":@computed_region_8hcu_yrd4":"38"}},
{"type":"Feature","geometry":{"type":"Point","coordinates":[-87.537931222687,41.68100145911]},"properties":{"id":"56eccb5b-f4d7-43c5-b554-a6a0a7585e5e","station_name":"Avenue O & 118th St","short_name":"CHI00868","total_docks":"15","docks_in_service":"15","status":"In Service","latitude":"41.6810014591","longitude":"-87.5379312227",":id":"row-882x~7pqr_skf3",":version":"rv-ippf.jhju_i4w6",":created_at":"2025-06-14T11:00:19.984Z",":updated_at":"2025-06-14T11:00:25.292Z",":@computed_region_awaf_s7ux":"47",":@computed_region_6mkv_f3dw":"21202",":@computed_region_vrxf_vc4k":"52",":@computed_region_bdys_3d7i":"787",":@computed_region_43wa_7qmu":"47",":@computed_region_rpca_8um6":"25",":@computed_region_8hcu_yrd4":"6"}},
{"type":"Feature","geometry":{"type":"Point","coordinates":[-87.74955,41.97354]},"properties":{"id":"2036783513617573970","station_name":"Elston Ave & Carmen Ave","short_name":"CHI01986","total_docks":"16","docks_in_service":"16","status":"In Service","latitude":"41.97354","longitude":"-87.74955",":id":"row-47np_99hz-5ptr",":version":"rv-tf55_kfqr_bx9f",":created_at":"2026-02-06T12:00:17.123Z",":updated_at":"2026-02-06T12:00:23.280Z",":@computed_region_awaf_s7ux":"20",":@computed_region_6mkv_f3dw":"21869",":@computed_region_vrxf_vc4k":"12",":@computed_region_bdys_3d7i":"746",":@computed_region_43wa_7qmu":"50",":@computed_region_rpca_8um6":"48",":@computed_region_8hcu_yrd4":"45"}},
{"type":"Feature","geometry":{"type":"Point","coordinates":[-87.629216909409,41.705307996998]},"properties":{"id":"4c57c316-82a8-4b9d-a16c-ae7922a2057a","station_name":"Wentworth Ave & 104th St","short_name":"CHI00883","total_docks":"15","docks_in_service":"15","status":"In Service","latitude":"41.705307997","longitude":"-87.6292169094",":id":"row-pbqu_8nka_p2ne",":version":"rv-eqi8-i3fw.8m4c",":created_at":"2025-06-14T11:00:19.984Z",":updated_at":"2025-06-14T11:00:25.292Z",":@computed_region_awaf_s7ux":"45",":@computed_region_6mkv_f3dw":"21861",":@computed_region_vrxf_vc4k":"45",":@computed_region_bdys_3d7i":"524",":@computed_region_43wa_7qmu":"22",":@computed_region_rpca_8um6":"19",":@computed_region_8hcu_yrd4":"21"}},
{"type":"Feature","geometry":{"type":"Point","coordinates":[-87.67070800066,41.684595072026]},"properties":{"id":"48b2ed2f-18aa-4a9b-b27d-db9f6d0c8c16","station_name":"Homewood Ave & 115th St","short_name":"CHI00866","total_docks":"15","docks_in_service":"15","status":"In Service","latitude":"41.684595072","longitude":"-87.6707080007",":id":"row-4g64~35k6.gxxw",":version":"rv-b4tq_72ie.ay2j",":created_at":"2026-01-29T12:00:16.814Z",":updated_at":"2026-01-29T12:00:31.023Z",":@computed_region_awaf_s7ux":"33",":@computed_region_6mkv_f3dw":"22212",":@computed_region_vrxf_vc4k":"74",":@computed_region_bdys_3d7i":"378",":@computed_region_43wa_7qmu":"22",":@computed_region_rpca_8um6":"13",":@computed_region_8hcu_yrd4":"19"}},
{"type":"Feature","geometry":{"type":"Point","coordinates":[-87.674226,41.968445]},"properties":{"id":"a3ab9119-a135-11e9-9cda-0a87ae2ba916","station_name":"Ravenswood Ave & Lawrence Ave","short_name":"CHI00508","total_docks":"47","docks_in_service":"47","status":"In Service","latitude":"41.968445","longitude":"-87.674226",":id":"row-jy3f.stq5.jxsd",":version":"rv-y5iw-ecu9~entx",":created_at":"2026-02-06T12:00:17.123Z",":updated_at":"2026-02-06T12:00:23.280Z",":@computed_region_awaf_s7ux":"13",":@computed_region_6mkv_f3dw":"22616",":@computed_region_vrxf_vc4k":"6",":@computed_region_bdys_3d7i":"225",":@computed_region_43wa_7qmu":"18",":@computed_region_rpca_8um6":"15",":@computed_region_8hcu_yrd4":"47"}},
{"type":"Feature","geometry":{"type":"Point","coordinates":[-87.6974,41.8775]},"properties":{"id":"1974452106772983826","station_name":"Mozart St & Jackson Blvd","short_name":"CHI01866","total_docks":"12","docks_in_service":"12","status":"In Service","latitude":"41.8775","longitude":"-87.6974",":id":"row-3gkz_w992_834q",":version":"rv-iqgh.73s8_r9s7",":created_at":"2026-01-26T12:00:18.064Z",":updated_at":"2026-01-26T12:00:38.365Z",":@computed_region_awaf_s7ux":"48",":@computed_region_6mkv_f3dw":"21184",":@computed_region_vrxf_vc4k":"28",":@computed_region_bdys_3d7i":"51",":@computed_region_43wa_7qmu":"46",":@computed_region_rpca_8um6":"28",":@computed_region_8hcu_yrd4":"27"}},
{"type":"Feature","geometry":{"type":"Point","coordinates":[-87.73079,41.80034]},"properties":{"id":"1963672425916463636","station_name":"Kildare Ave & Archer Ave","short_name":"CHI01978","total_docks":"15","docks_in_service":"15","status":"In Service","latitude":"41.80034","longitude":"-87.73079",":id":"row-z3m3_8arp_68jh",":version":"rv-yjyt.a297_fsgh",":created_at":"2026-01-29T12:00:16.814Z",":updated_at":"2026-01-29T12:00:31.023Z",":@computed_region_awaf_s7ux":"35",":@computed_region_6mkv_f3dw":"22248",":@computed_region_vrxf_vc4k":"54",":@computed_region_bdys_3d7i":"637",":@computed_region_43wa_7qmu":"6",":@computed_region_rpca_8um6":"56",":@computed_region_8hcu_yrd4":"23"}},
{"type":"Feature","geometry":{"type":"Point","coordinates":[-87.664699,41.803023]},"properties":{"id":"a3b20e8a-a135-11e9-9cda-0a87ae2ba916","station_name":"Ashland Ave & 50th St","short_name":"CHI00679","total_docks":"11","docks_in_service":"11","status":"In Service","latitude":"41.803023","longitude":"-87.664699",":id":"row-ipyv-au3d.say8",":version":"rv-xt2a.n3cg_uqg8",":created_at":"2025-06-14T11:00:19.984Z",":updated_at":"2025-06-14T11:00:25.292Z",":@computed_region_awaf_s7ux":"19",":@computed_region_6mkv_f3dw":"14924",":@computed_region_vrxf_vc4k":"59",":@computed_region_bdys_3d7i":"677",":@computed_region_43wa_7qmu":"4",":@computed_region_rpca_8um6":"37",":@computed_region_8hcu_yrd4":"20"}},
{"type":"Feature","geometry":{"type":"Point","coordinates":[-87.634828090668,41.7275756593]},"properties":{"id":"bc4d498d-c272-4474-beca-10e5268e7253","station_name":"Eggleston Ave & 92nd St","short_name":"CHI00819","total_docks":"15","docks_in_service":"15","status":"In Service","latitude":"41.7275756593","longitude":"-87.6348280907",":id":"row-4tw5-3hha-9pjj",":version":"rv-hnpt.4hfg~jiqi",":created_at":"2025-06-14T11:00:19.984Z",":updated_at":"2025-06-14T11:00:25.292Z",":@computed_region_awaf_s7ux":"18",":@computed_region_6mkv_f3dw":"21554",":@computed_region_vrxf_vc4k":"72",":@computed_region_bdys_3d7i":"631",":@computed_region_43wa_7qmu":"13",":@computed_region_rpca_8um6":"59",":@computed_region_8hcu_yrd4":"11"}},
{"type":"Feature","geometry":{"type":"Point","coordinates":[-87.669807,41.936083]},"properties":{"id":"a3a89ea8-a135-11e9-9cda-0a87ae2ba916","station_name":"Ashland Ave & Wellington Ave","short_name":"CHI00408","total_docks":"19","docks_in_service":"19","status":"In Service","latitude":"41.936083","longitude":"-87.669807",":id":"row-yyw9-9e8w.cixn",":version":"rv-6kgz_zyh6.c5qw",":created_at":"2026-01-04T12:02:37.701Z",":updated_at":"2026-01-04T12:02:43.041Z",":@computed_region_awaf_s7ux":"16",":@computed_region_6mkv_f3dw":"4449",":@computed_region_vrxf_vc4k":"57",":@computed_region_bdys_3d7i":"711",":@computed_region_43wa_7qmu":"40",":@computed_region_rpca_8um6":"22",":@computed_region_8hcu_yrd4":"32"}},
{"type":"Feature","geometry":{"type":"Point","coordinates":[-87.6437,41.74307]},"properties":{"id":"2014485295161274488","station_name":"Halsted St & 83rd St","short_name":"CHI01999","total_docks":"16","docks_in_service":"16","status":"In Service","latitude":"41.74307","longitude":"-87.6437",":id":"row-ns4a_sd2c_bydt",":version":"rv-st3f.ivz2-72vx",":created_at":"2025-06-14T11:00:19.984Z",":updated_at":"2025-06-14T11:00:25.292Z",":@computed_region_awaf_s7ux":"18",":@computed_region_6mkv_f3dw":"21554",":@computed_region_vrxf_vc4k":"70",":@computed_region_bdys_3d7i":"529",":@computed_region_43wa_7qmu":"13",":@computed_region_rpca_8um6":"59",":@computed_region_8hcu_yrd4":"21"}},
{"type":"Feature","geometry":{"type":"Point","coordinates":[-87.676885128021,41.892394452963]},"properties":{"id":"a3a7eba7-a135-11e9-9cda-0a87ae2ba916","station_name":"Damen Ave & Ohio St","short_name":"CHI00417","total_docks":"23","docks_in_service":"23","status":"In Service","latitude":"41.892394453","longitude":"-87.676885128",":id":"row-mu8f.cjic~txuk",":version":"rv-ksr2-mr9c_y4ns",":created_at":"2026-01-03T12:02:28.849Z",":updated_at":"2026-01-03T12:02:30.581Z",":@computed_region_awaf_s7ux":"24",":@computed_region_6mkv_f3dw":"21560",":@computed_region_vrxf_vc4k":"25",":@computed_region_bdys_3d7i":"519",":@computed_region_43wa_7qmu":"41",":@computed_region_rpca_8um6":"4",":@computed_region_8hcu_yrd4":"36"}},
{"type":"Feature","geometry":{"type":"Point","coordinates":[-87.635504007339,41.8794340914]},"properties":{"id":"a3a9df3a-a135-11e9-9cda-0a87ae2ba916","station_name":"Franklin St & Adams St","short_name":"CHI00453","total_docks":"15","docks_in_service":"15","status":"In Service","latitude":"41.8794340914","longitude":"-87.6355040073",":id":"row-4nv8_gmik_ae45",":version":"rv-jpv9-9jyh~n72m",":created_at":"2026-01-07T12:00:26.349Z",":updated_at":"2026-01-07T12:00:29.680Z",":@computed_region_awaf_s7ux":"48",":@computed_region_6mkv_f3dw":"14914",":@computed_region_vrxf_vc4k":"38",":@computed_region_bdys_3d7i":"92",":@computed_region_43wa_7qmu":"36",":@computed_region_rpca_8um6":"46",":@computed_region_8hcu_yrd4":"42"}},
{"type":"Feature","geometry":{"type":"Point","coordinates":[-87.64,41.91818]},"properties":{"id":"2121736790630324894","station_name":"Hudson Ave & Armitage Ave","short_name":"CHI02110","total_docks":"15","docks_in_service":"15","status":"In Service","latitude":"41.91818","longitude":"-87.64",":id":"row-ksp9_fgaq-9eh8",":version":"rv-t5d3~bwbr_8jp4",":created_at":"2026-02-23T12:02:30.864Z",":updated_at":"2026-02-23T12:02:32.839Z",":@computed_region_awaf_s7ux":"51",":@computed_region_6mkv_f3dw":"21190",":@computed_region_vrxf_vc4k":"68",":@computed_region_bdys_3d7i":"208",":@computed_region_43wa_7qmu":"34",":@computed_region_rpca_8um6":"16",":@computed_region_8hcu_yrd4":"43"}},
{"type":"Feature","geometry":{"type":"Point","coordinates":[-87.756895,41.894745]},"properties":{"id":"a3b43478-a135-11e9-9cda-0a87ae2ba916","station_name":"Latrobe Ave & Chicago Ave","short_name":"CHI01300","total_docks":"7","docks_in_service":"7","status":"In Service","latitude":"41.894745","longitude":"-87.756895",":id":"row-49ic~5kw9~dzfx",":version":"rv-q845~3cm7-axta",":created_at":"2025-12-19T12:00:17.698Z",":updated_at":"2025-12-19T12:00:21.293Z",":@computed_region_awaf_s7ux":"11",":@computed_region_6mkv_f3dw":"22216",":@computed_region_vrxf_vc4k":"26",":@computed_region_bdys_3d7i":"673",":@computed_region_43wa_7qmu":"45",":@computed_region_rpca_8um6":"32",":@computed_region_8hcu_yrd4":"37"}},
{"type":"Feature","geometry":{"type":"Point","coordinates":[-87.70473,42.00404]},"properties":{"id":"1936565171921396140","station_name":"Sacramento Ave & Pratt Blvd","short_name":"CHI01832","total_docks":"11","docks_in_service":"11","status":"In Service","latitude":"42.00404","longitude":"-87.70473",":id":"row-dfp8~nk6z~djme",":version":"rv-2ekv~49df~anqn",":created_at":"2025-06-14T11:00:19.984Z",":updated_at":"2025-06-14T11:00:25.292Z",":@computed_region_awaf_s7ux":"42",":@computed_region_6mkv_f3dw":"22528",":@computed_region_vrxf_vc4k":"20",":@computed_region_bdys_3d7i":"32",":@computed_region_43wa_7qmu":"27",":@computed_region_rpca_8um6":"12",":@computed_region_8hcu_yrd4":"50"}},
{"type":"Feature","geometry":{"type":"Point","coordinates":[-87.640552,41.904613]},"properties":{"id":"a3a6054c-a135-11e9-9cda-0a87ae2ba916","station_name":"Clybourn Ave & Division St","short_name":"CHI00344","total_docks":"15","docks_in_service":"15","status":"In Service","latitude":"41.904613","longitude":"-87.640552",":id":"row-bpix-d9kk-g27y",":version":"rv-ybi5_n6uj~jzpg",":created_at":"2026-01-01T12:00:20.473Z",":updated_at":"2026-01-01T12:00:28.954Z",":@computed_region_awaf_s7ux":"41",":@computed_region_6mkv_f3dw":"14926",":@computed_region_vrxf_vc4k":"37",":@computed_region_bdys_3d7i":"309",":@computed_region_43wa_7qmu":"46",":@computed_region_rpca_8um6":"54",":@computed_region_8hcu_yrd4":"27"}},
{"type":"Feature","geometry":{"type":"Point","coordinates":[-87.673634290695,41.759274039331]},"properties":{"id":"a3b24701-a135-11e9-9cda-0a87ae2ba916","station_name":"Damen Ave & 74th St","short_name":"CHI00688","total_docks":"11","docks_in_service":"11","status":"In Service","latitude":"41.7592740393","longitude":"-87.6736342907",":id":"row-mnyv~igbv~3zfs",":version":"rv-jbte_yqg7_uu3j",":created_at":"2025-06-14T11:00:19.984Z",":updated_at":"2025-06-14T11:00:25.292Z",":@computed_region_awaf_s7ux":"17",":@computed_region_6mkv_f3dw":"22257",":@computed_region_vrxf_vc4k":"65",":@computed_region_bdys_3d7i":"433",":@computed_region_43wa_7qmu":"31",":@computed_region_rpca_8um6":"23",":@computed_region_8hcu_yrd4":"17"}},
{"type":"Feature","geometry":{"type":"Point","coordinates":[-87.77865,41.97342]},"properties":{"id":"2037897415290078108","station_name":"Higgins Ave & Austin Ave","short_name":"CHI01984","total_docks":"12","docks_in_service":"12","status":"In Service","latitude":"41.97342","longitude":"-87.77865",":id":"row-kfqa-fg8z_k874",":version":"rv-32mg.t7gw-5dxj",":created_at":"2025-06-14T11:00:19.984Z",":updated_at":"2025-06-14T11:00:25.292Z",":@computed_region_awaf_s7ux":"20",":@computed_region_6mkv_f3dw":"21869",":@computed_region_vrxf_vc4k":"11",":@computed_region_bdys_3d7i":"779",":@computed_region_43wa_7qmu":"50",":@computed_region_rpca_8um6":"48",":@computed_region_8hcu_yrd4":"45"}},
{"type":"Feature","geometry":{"type":"Point","coordinates":[-87.627834230661,41.884621072579]},"properties":{"id":"a3a44476-a135-11e9-9cda-0a87ae2ba916","station_name":"State St & Randolph St","short_name":"CHI00251","total_docks":"23","docks_in_service":"23","status":"In Service","latitude":"41.8846210726","longitude":"-87.6278342307",":id":"row-hww4~ja3c.uhis",":version":"rv-ebdm_gxpq_64mp",":created_at":"2026-02-18T12:00:20.257Z",":updated_at":"2026-02-18T12:00:22.489Z",":@computed_region_awaf_s7ux":"22",":@computed_region_6mkv_f3dw":"14309",":@computed_region_vrxf_vc4k":"38",":@computed_region_bdys_3d7i":"580",":@computed_region_43wa_7qmu":"36",":@computed_region_rpca_8um6":"42",":@computed_region_8hcu_yrd4":"42"}},
{"type":"Feature","geometry":{"type":"Point","coordinates":[-87.73246,41.77875]},"properties":{"id":"1938034236347042306","station_name":"Kostner Ave & 63rd St","short_name":"CHI01893","total_docks":"15","docks_in_service":"15","status":"In Service","latitude":"41.77875","longitude":"-87.73246",":id":"row-ycrb.dab3.qzux",":version":"rv-yewk_rfyv-vxxs",":created_at":"2025-06-14T11:00:19.984Z",":updated_at":"2025-06-14T11:00:25.292Z",":@computed_region_awaf_s7ux":"23",":@computed_region_6mkv_f3dw":"21867",":@computed_region_vrxf_vc4k":"63",":@computed_region_bdys_3d7i":"292",":@computed_region_43wa_7qmu":"6",":@computed_region_rpca_8um6":"58",":@computed_region_8hcu_yrd4":"13"}},
{"type":"Feature","geometry":{"type":"Point","coordinates":[-87.7165690733,41.96115407569]},"properties":{"id":"a3af9a83-a135-11e9-9cda-0a87ae2ba916","station_name":"Drake Ave & Montrose Ave","short_name":"CHI00227","total_docks":"15","docks_in_service":"15","status":"In Service","latitude":"41.9611540757","longitude":"-87.7165690733",":id":"row-2d8s~8dwk-x6vi",":version":"rv-vber.z64m~at2e",":created_at":"2026-01-01T12:00:20.473Z",":updated_at":"2026-01-01T12:00:28.954Z",":@computed_region_awaf_s7ux":"2",":@computed_region_6mkv_f3dw":"21538",":@computed_region_vrxf_vc4k":"14",":@computed_region_bdys_3d7i":"24",":@computed_region_43wa_7qmu":"12",":@computed_region_rpca_8um6":"20",":@computed_region_8hcu_yrd4":"33"}},
{"type":"Feature","geometry":{"type":"Point","coordinates":[-87.643749,41.918084]},"properties":{"id":"a3a9ecff-a135-11e9-9cda-0a87ae2ba916","station_name":"Larrabee St & Armitage Ave","short_name":"CHI00441","total_docks":"15","docks_in_service":"15","status":"In Service","latitude":"41.918084","longitude":"-87.643749",":id":"row-jcej.ujpv~cwgf",":version":"rv-epzt~sgcf.dbh2",":created_at":"2025-06-14T11:00:19.984Z",":updated_at":"2025-06-14T11:00:25.292Z",":@computed_region_awaf_s7ux":"51",":@computed_region_6mkv_f3dw":"21190",":@computed_region_vrxf_vc4k":"68",":@computed_region_bdys_3d7i":"273",":@computed_region_43wa_7qmu":"34",":@computed_region_rpca_8um6":"16",":@computed_region_8hcu_yrd4":"43"}},
{"type":"Feature","geometry":{"type":"Point","coordinates":[-87.7522545,41.9091754]},"properties":{"id":"1931403472863201974","station_name":"Lawler Ave & North Ave","short_name":"CHI01830","total_docks":"15","docks_in_service":"15","status":"In Service","latitude":"41.9091754","longitude":"-87.7522545",":id":"row-6kqd~wizb_qcyq",":version":"rv-5rmq-hpqk-82jd",":created_at":"2025-06-14T11:00:19.984Z",":updated_at":"2025-06-14T11:00:25.292Z",":@computed_region_awaf_s7ux":"4",":@computed_region_6mkv_f3dw":"22615",":@computed_region_vrxf_vc4k":"26",":@computed_region_bdys_3d7i":"600",":@computed_region_43wa_7qmu":"45",":@computed_region_rpca_8um6":"5",":@computed_region_8hcu_yrd4":"37"}},
{"type":"Feature","geometry":{"type":"Point","coordinates":[-87.566276192665,41.726166390245]},"properties":{"id":"1e7e4cf3-a16b-4cb7-9ead-fdd71e07ea77","station_name":"Yates Blvd & 93rd St","short_name":"CHI00856","total_docks":"15","docks_in_service":"15","status":"In Service","latitude":"41.7261663902","longitude":"-87.5662761927",":id":"row-xh5h.x7ha.6kjm",":version":"rv-zbcq.sdfj~j8fg",":created_at":"2025-12-16T12:04:47.057Z",":updated_at":"2025-12-16T12:04:49.330Z",":@computed_region_awaf_s7ux":"43",":@computed_region_6mkv_f3dw":"21202",":@computed_region_vrxf_vc4k":"44",":@computed_region_bdys_3d7i":"492",":@computed_region_43wa_7qmu":"37",":@computed_region_rpca_8um6":"25",":@computed_region_8hcu_yrd4":"5"}},
{"type":"Feature","geometry":{"type":"Point","coordinates":[-87.608832120895,41.838676328971]},"properties":{"id":"b8c74f86-2873-4818-88ac-81d9ae374add","station_name":"Fort Dearborn Dr & 31st St*","short_name":"CHI02026","total_docks":"20","docks_in_service":"20","status":"In Service","latitude":"41.838676329","longitude":"-87.6088321209",":id":"row-d76d_8h5f-rska",":version":"rv-tuj9_qjtf-u8hs",":created_at":"2025-06-14T11:00:19.984Z",":updated_at":"2025-06-14T11:00:25.292Z",":@computed_region_awaf_s7ux":"1",":@computed_region_6mkv_f3dw":"21194",":@computed_region_vrxf_vc4k":"1",":@computed_region_bdys_3d7i":"560",":@computed_region_43wa_7qmu":"10",":@computed_region_rpca_8um6":"40",":@computed_region_8hcu_yrd4":"9"}},
{"type":"Feature","geometry":{"type":"Point","coordinates":[-87.68772,41.9226]},"properties":{"id":"2129649962298110134","station_name":"Western Ave & Lyndale St","short_name":"CHI02129","total_docks":"11","docks_in_service":"11","status":"In Service","latitude":"41.9226","longitude":"-87.68772",":id":"row-czmx~pvyj~agsa",":version":"rv-4s7m.yir9_bpz7",":created_at":"2026-01-16T12:00:19.805Z",":updated_at":"2026-01-16T12:00:24.264Z",":@computed_region_awaf_s7ux":"24",":@computed_region_6mkv_f3dw":"22535",":@computed_region_vrxf_vc4k":"23",":@computed_region_bdys_3d7i":"323",":@computed_region_43wa_7qmu":"41",":@computed_region_rpca_8um6":"1",":@computed_region_8hcu_yrd4":"1"}},
{"type":"Feature","geometry":{"type":"Point","coordinates":[-87.637113332748,41.668696353322]},"properties":{"id":"732c9f35-0c82-4128-acc3-2cf447298b1d","station_name":"Major Taylor Trail & 124th St","short_name":"CHI00839","total_docks":"15","docks_in_service":"15","status":"In Service","latitude":"41.6686963533","longitude":"-87.6371133327",":id":"row-dqae_fkg7-9vk6",":version":"rv-mre6_awtc.g36x",":created_at":"2025-06-14T11:00:19.984Z",":updated_at":"2025-06-14T11:00:25.292Z",":@computed_region_awaf_s7ux":"45",":@computed_region_6mkv_f3dw":"21861",":@computed_region_vrxf_vc4k":"50",":@computed_region_bdys_3d7i":"7",":@computed_region_43wa_7qmu":"22",":@computed_region_rpca_8um6":"19",":@computed_region_8hcu_yrd4":"11"}},
{"type":"Feature","geometry":{"type":"Point","coordinates":[-87.72361,41.79499]},"properties":{"id":"1963672098315411610","station_name":"Pulaski Rd & 54th St","short_name":"CHI01895","total_docks":"15","docks_in_service":"15","status":"In Service","latitude":"41.79499","longitude":"-87.72361",":id":"row-bt6i~7zw9-qyrh",":version":"rv-izyr_tx72~hkjg",":created_at":"2026-01-08T12:00:18.555Z",":updated_at":"2026-01-08T12:00:22.540Z",":@computed_region_awaf_s7ux":"35",":@computed_region_6mkv_f3dw":"22248",":@computed_region_vrxf_vc4k":"60",":@computed_region_bdys_3d7i":"793",":@computed_region_43wa_7qmu":"6",":@computed_region_rpca_8um6":"56",":@computed_region_8hcu_yrd4":"23"}},
{"type":"Feature","geometry":{"type":"Point","coordinates":[-87.6640712,41.948226]},"properties":{"id":"a3a82c6c-a135-11e9-9cda-0a87ae2ba916","station_name":"Southport Ave & Waveland Ave","short_name":"CHI00336","total_docks":"24","docks_in_service":"24","status":"In Service","latitude":"41.948226","longitude":"-87.6640712",":id":"row-dgwz~tujn_fvvj",":version":"rv-37n8-znts.xfj8",":created_at":"2025-10-13T11:00:16.496Z",":updated_at":"2025-10-13T11:00:22.480Z",":@computed_region_awaf_s7ux":"38",":@computed_region_6mkv_f3dw":"21186",":@computed_region_vrxf_vc4k":"57",":@computed_region_bdys_3d7i":"724",":@computed_region_43wa_7qmu":"25",":@computed_region_rpca_8um6":"53",":@computed_region_8hcu_yrd4":"44"}},
{"type":"Feature","geometry":{"type":"Point","coordinates":[-87.64405,41.93558]},"properties":{"id":"2113982651207555516","station_name":"Broadway & Oakdale Ave","short_name":"CHI02088","total_docks":"11","docks_in_service":"11","status":"In Service","latitude":"41.93558","longitude":"-87.64405",":id":"row-ttxu_mykj.ifsp",":version":"rv-k5mp~dest~tnpe",":created_at":"2026-01-08T12:00:18.555Z",":updated_at":"2026-01-08T12:00:22.540Z",":@computed_region_awaf_s7ux":"38",":@computed_region_6mkv_f3dw":"4449",":@computed_region_vrxf_vc4k":"57",":@computed_region_bdys_3d7i":"102",":@computed_region_43wa_7qmu":"25",":@computed_region_rpca_8um6":"22",":@computed_region_8hcu_yrd4":"44"}},
{"type":"Feature","geometry":{"type":"Point","coordinates":[-87.6964225611,41.98366470886]},"properties":{"id":"a3af624c-a135-11e9-9cda-0a87ae2ba916","station_name":"Budlong Woods Library","short_name":"CHI00350","total_docks":"11","docks_in_service":"11","status":"In Service","latitude":"41.9836647089","longitude":"-87.6964225611",":id":"row-cax2-tusq_aevs",":version":"rv-qf7j.55b7-7av2",":created_at":"2025-06-14T11:00:19.984Z",":updated_at":"2025-06-14T11:00:25.292Z",":@computed_region_awaf_s7ux":"46",":@computed_region_6mkv_f3dw":"4450",":@computed_region_vrxf_vc4k":"20",":@computed_region_bdys_3d7i":"15",":@computed_region_43wa_7qmu":"24",":@computed_region_rpca_8um6":"50",":@computed_region_8hcu_yrd4":"40"}},
{"type":"Feature","geometry":{"type":"Point","coordinates":[-87.65321,41.93901]},"properties":{"id":"2132864841706092860","station_name":"Sheffield Ave & Fletcher St","short_name":"CHI02138","total_docks":"23","docks_in_service":"23","status":"In Service","latitude":"41.93901","longitude":"-87.65321",":id":"row-ksfi~mjx6_8uvp",":version":"rv-y77j-2nr8~pj2e",":created_at":"2026-01-26T12:00:18.064Z",":updated_at":"2026-01-26T12:00:38.365Z",":@computed_region_awaf_s7ux":"38",":@computed_region_6mkv_f3dw":"4449",":@computed_region_vrxf_vc4k":"57",":@computed_region_bdys_3d7i":"681",":@computed_region_43wa_7qmu":"25",":@computed_region_rpca_8um6":"22",":@computed_region_8hcu_yrd4":"44"}},
{"type":"Feature","geometry":{"type":"Point","coordinates":[-87.53641,41.68803]},"properties":{"id":"2072426969175128454","station_name":"Ave L & 114th","short_name":"CHI01990","total_docks":"16","docks_in_service":"16","status":"In Service","latitude":"41.68803","longitude":"-87.53641",":id":"row-2bzu~vuix.8c65",":version":"rv-ht2v.qd9k-tfbg",":created_at":"2025-06-14T11:00:19.984Z",":updated_at":"2025-06-14T11:00:25.292Z",":@computed_region_awaf_s7ux":"47",":@computed_region_6mkv_f3dw":"21202",":@computed_region_vrxf_vc4k":"49",":@computed_region_bdys_3d7i":"603",":@computed_region_43wa_7qmu":"47",":@computed_region_rpca_8um6":"25",":@computed_region_8hcu_yrd4":"6"}},
{"type":"Feature","geometry":{"type":"Point","coordinates":[-87.684107,42.025784]},"properties":{"id":"a3b2ec43-a135-11e9-9cda-0a87ae2ba916","station_name":"Elmwood Ave & Austin St","short_name":"CHI00739","total_docks":"15","docks_in_service":"15","status":"In Service","latitude":"42.025784","longitude":"-87.684107",":id":"row-hqb7.72j5_9njn",":version":"rv-kkkh-jwzs-saqc",":created_at":"2026-02-18T12:00:20.257Z",":updated_at":"2026-02-18T12:00:22.489Z",":@computed_region_awaf_s7ux":null,":@computed_region_6mkv_f3dw":"26609",":@computed_region_vrxf_vc4k":null,":@computed_region_bdys_3d7i":null,":@computed_region_43wa_7qmu":null,":@computed_region_rpca_8um6":null,":@computed_region_8hcu_yrd4":null}},
{"type":"Feature","geometry":{"type":"Point","coordinates":[-87.697422802448,41.918491153687]},"properties":{"id":"a3a95b7a-a135-11e9-9cda-0a87ae2ba916","station_name":"California Ave & Francis Pl","short_name":"CHI00512","total_docks":"15","docks_in_service":"15","status":"In Service","latitude":"41.9184911537","longitude":"-87.6974228024",":id":"row-cuuz_r87d.e5ig",":version":"rv-y79c~84ua-aspm",":created_at":"2026-01-29T12:00:16.814Z",":updated_at":"2026-01-29T12:00:31.023Z",":@computed_region_awaf_s7ux":"15",":@computed_region_6mkv_f3dw":"22535",":@computed_region_vrxf_vc4k":"23",":@computed_region_bdys_3d7i":"322",":@computed_region_43wa_7qmu":"41",":@computed_region_rpca_8um6":"1",":@computed_region_8hcu_yrd4":"1"}},
{"type":"Feature","geometry":{"type":"Point","coordinates":[-87.68668,41.88481]},"properties":{"id":"1967727360320698512","station_name":"Western Ave & Lake St","short_name":"CHI01848","total_docks":"15","docks_in_service":"15","status":"In Service","latitude":"41.88481","longitude":"-87.68668",":id":"row-ugz4~te3m-yepf",":version":"rv-sdfr~ga82.v8wm",":created_at":"2026-02-04T12:00:18.466Z",":updated_at":"2026-02-04T12:00:29.727Z",":@computed_region_awaf_s7ux":"41",":@computed_region_6mkv_f3dw":"21184",":@computed_region_vrxf_vc4k":"29",":@computed_region_bdys_3d7i":"37",":@computed_region_43wa_7qmu":"46",":@computed_region_rpca_8um6":"28",":@computed_region_8hcu_yrd4":"27"}},
{"type":"Feature","geometry":{"type":"Point","coordinates":[-87.67373085022,41.869265218438]},"properties":{"id":"a3aa82d0-a135-11e9-9cda-0a87ae2ba916","station_name":"Wood St & Taylor St (Temp)","short_name":"CHI00440","total_docks":"23","docks_in_service":"23","status":"In Service","latitude":"41.8692652184","longitude":"-87.6737308502",":id":"row-7vs2_pw3y-hvpe",":version":"rv-ie6m.y82x~fhgs",":created_at":"2025-12-23T12:00:16.653Z",":updated_at":"2025-12-23T12:00:22.600Z",":@computed_region_awaf_s7ux":"48",":@computed_region_6mkv_f3dw":"21184",":@computed_region_vrxf_vc4k":"29",":@computed_region_bdys_3d7i":"5",":@computed_region_43wa_7qmu":"46",":@computed_region_rpca_8um6":"28",":@computed_region_8hcu_yrd4":"27"}},
{"type":"Feature","geometry":{"type":"Point","coordinates":[-87.71783,41.77987]},"properties":{"id":"2186308082634157970","station_name":"Hamlin Ave & 62nd Pl","short_name":"CHI02204","total_docks":"8","docks_in_service":"8","status":"In Service","latitude":"41.77987","longitude":"-87.71783",":id":"row-ahxw_d3qk~z6dd",":version":"rv-xz8t~dqew_cs58",":created_at":"2026-02-18T12:00:20.257Z",":updated_at":"2026-02-18T12:00:22.489Z",":@computed_region_awaf_s7ux":"23",":@computed_region_6mkv_f3dw":"21867",":@computed_region_vrxf_vc4k":"63",":@computed_region_bdys_3d7i":"339",":@computed_region_43wa_7qmu":"6",":@computed_region_rpca_8um6":"58",":@computed_region_8hcu_yrd4":"23"}},
{"type":"Feature","geometry":{"type":"Point","coordinates":[-87.575225,41.743921]},"properties":{"id":"a3b2b92c-a135-11e9-9cda-0a87ae2ba916","station_name":"South Chicago Ave & 83rd St","short_name":"CHI00730","total_docks":"11","docks_in_service":"11","status":"In Service","latitude":"41.743921","longitude":"-87.575225",":id":"row-smby.p64e.rghs",":version":"rv-ig42~y7si_dpg5",":created_at":"2026-01-21T12:00:27.028Z",":updated_at":"2026-01-21T12:00:32.257Z",":@computed_region_awaf_s7ux":"9",":@computed_region_6mkv_f3dw":"21202",":@computed_region_vrxf_vc4k":"41",":@computed_region_bdys_3d7i":"431",":@computed_region_43wa_7qmu":"35",":@computed_region_rpca_8um6":"25",":@computed_region_8hcu_yrd4":"10"}},
{"type":"Feature","geometry":{"type":"Point","coordinates":[-87.5355,41.70999]},"properties":{"id":"98fe78dc-4efa-4b39-a47c-0d94abcdb221","station_name":"Ewing Ave & Burnham Greenway","short_name":"CHI00851","total_docks":"11","docks_in_service":"11","status":"In Service","latitude":"41.70999","longitude":"-87.5355",":id":"row-euvu_35hd-phq6",":version":"rv-d7vt.ragb_q7w3",":created_at":"2025-12-15T12:00:18.959Z",":updated_at":"2025-12-15T12:00:30.830Z",":@computed_region_awaf_s7ux":"47",":@computed_region_6mkv_f3dw":"21202",":@computed_region_vrxf_vc4k":"49",":@computed_region_bdys_3d7i":"528",":@computed_region_43wa_7qmu":"47",":@computed_region_rpca_8um6":"25",":@computed_region_8hcu_yrd4":"6"}},
{"type":"Feature","geometry":{"type":"Point","coordinates":[-87.68942,41.80853]},"properties":{"id":"1989626448622643348","station_name":"Rockwell St & 47th St","short_name":"CHI01874","total_docks":"15","docks_in_service":"15","status":"In Service","latitude":"41.80853","longitude":"-87.68942",":id":"row-my4s~5pqm-yipx",":version":"rv-y75n_ae5a-6tgg",":created_at":"2025-06-14T11:00:19.984Z",":updated_at":"2025-06-14T11:00:25.292Z",":@computed_region_awaf_s7ux":"29",":@computed_region_6mkv_f3dw":"22248",":@computed_region_vrxf_vc4k":"55",":@computed_region_bdys_3d7i":"85",":@computed_region_43wa_7qmu":"3",":@computed_region_rpca_8um6":"56",":@computed_region_8hcu_yrd4":"12"}},
{"type":"Feature","geometry":{"type":"Point","coordinates":[-87.710220962763,41.917108034789]},"properties":{"id":"a3b024aa-a135-11e9-9cda-0a87ae2ba916","station_name":"Spaulding Ave & Armitage Ave","short_name":"CHI00635","total_docks":"15","docks_in_service":"15","status":"In Service","latitude":"41.9171080348","longitude":"-87.7102209628",":id":"row-ers3-dfsr-ircx",":version":"rv-6duw~k2dn_bzj3",":created_at":"2026-01-13T12:00:19.268Z",":updated_at":"2026-01-13T12:00:23.190Z",":@computed_region_awaf_s7ux":"15",":@computed_region_6mkv_f3dw":"22535",":@computed_region_vrxf_vc4k":"23",":@computed_region_bdys_3d7i":"387",":@computed_region_43wa_7qmu":"49",":@computed_region_rpca_8um6":"1",":@computed_region_8hcu_yrd4":"26"}},
{"type":"Feature","geometry":{"type":"Point","coordinates":[-87.528231739998,41.704575087207]},"properties":{"id":"c1f104db-9ee7-4999-bd4a-ddd766c75e04","station_name":"Burnham Greenway & 105th St","short_name":"CHI00863","total_docks":"11","docks_in_service":"11","status":"In Service","latitude":"41.7045750872","longitude":"-87.52823174",":id":"row-n4ks-kf5p~viuc",":version":"rv-ymvm_8uu2_4frg",":created_at":"2025-06-14T11:00:19.984Z",":updated_at":"2025-06-14T11:00:25.292Z",":@computed_region_awaf_s7ux":"47",":@computed_region_6mkv_f3dw":"21202",":@computed_region_vrxf_vc4k":"49",":@computed_region_bdys_3d7i":"715",":@computed_region_43wa_7qmu":"47",":@computed_region_rpca_8um6":"25",":@computed_region_8hcu_yrd4":"6"}},
{"type":"Feature","geometry":{"type":"Point","coordinates":[-87.65031,41.93894]},"properties":{"id":"2132864313425115444","station_name":"Clark St & Fletcher St","short_name":"CHI02137","total_docks":"15","docks_in_service":"15","status":"In Service","latitude":"41.93894","longitude":"-87.65031",":id":"row-uedz~5g9h.hepg",":version":"rv-fe6y.ku6p~tmdh",":created_at":"2025-11-23T12:04:36.515Z",":updated_at":"2025-11-23T12:04:39.232Z",":@computed_region_awaf_s7ux":"38",":@computed_region_6mkv_f3dw":"4449",":@computed_region_vrxf_vc4k":"57",":@computed_region_bdys_3d7i":"681",":@computed_region_43wa_7qmu":"25",":@computed_region_rpca_8um6":"22",":@computed_region_8hcu_yrd4":"44"}},
{"type":"Feature","geometry":{"type":"Point","coordinates":[-87.690823,41.934003]},"properties":{"id":"2111730464161852178","station_name":"Elston Ave & George St","short_name":"CHI02084","total_docks":"11","docks_in_service":"11","status":"In Service","latitude":"41.934003","longitude":"-87.690823",":id":"row-iy3x-34ze_f3km",":version":"rv-eqq9_xbpw~ypeu",":created_at":"2025-12-26T12:00:16.853Z",":updated_at":"2025-12-26T12:00:30.081Z",":@computed_region_awaf_s7ux":"24",":@computed_region_6mkv_f3dw":"21538",":@computed_region_vrxf_vc4k":"22",":@computed_region_bdys_3d7i":"467",":@computed_region_43wa_7qmu":"20",":@computed_region_rpca_8um6":"39",":@computed_region_8hcu_yrd4":"35"}},
{"type":"Feature","geometry":{"type":"Point","coordinates":[-87.65103,41.871737]},"properties":{"id":"a3a8711c-a135-11e9-9cda-0a87ae2ba916","station_name":"Morgan St & Polk St","short_name":"CHI00372","total_docks":"19","docks_in_service":"19","status":"In Service","latitude":"41.871737","longitude":"-87.65103",":id":"row-edxu~kshy~k9ks",":version":"rv-ffhx~iex3.9eqt",":created_at":"2026-02-18T12:00:20.257Z",":updated_at":"2026-02-18T12:00:22.489Z",":@computed_region_awaf_s7ux":"8",":@computed_region_6mkv_f3dw":"14917",":@computed_region_vrxf_vc4k":"29",":@computed_region_bdys_3d7i":"97",":@computed_region_43wa_7qmu":"48",":@computed_region_rpca_8um6":"44",":@computed_region_8hcu_yrd4":"34"}},
{"type":"Feature","geometry":{"type":"Point","coordinates":[-87.6806661451,42.00454962194]},"properties":{"id":"a3ae78ab-a135-11e9-9cda-0a87ae2ba916","station_name":"Warren Park East","short_name":"CHI00620","total_docks":"11","docks_in_service":"11","status":"In Service","latitude":"42.0045496219","longitude":"-87.6806661451",":id":"row-8tbg-cp9j_drxx",":version":"rv-wxyh_fx7c~fv4p",":created_at":"2026-01-29T12:00:16.814Z",":updated_at":"2026-01-29T12:00:31.023Z",":@computed_region_awaf_s7ux":"42",":@computed_region_6mkv_f3dw":"22528",":@computed_region_vrxf_vc4k":"20",":@computed_region_bdys_3d7i":"320",":@computed_region_43wa_7qmu":"27",":@computed_region_rpca_8um6":"12",":@computed_region_8hcu_yrd4":"40"}},
{"type":"Feature","geometry":{"type":"Point","coordinates":[-87.66857,42.015962]},"properties":{"id":"a3b0e657-a135-11e9-9cda-0a87ae2ba916","station_name":"Greenview Ave & Jarvis Ave","short_name":"CHI01287","total_docks":"19","docks_in_service":"19","status":"In Service","latitude":"42.015962","longitude":"-87.66857",":id":"row-2w4b.itdu_5zuu",":version":"rv-7bjq-mxng_pkke",":created_at":"2026-01-21T12:00:27.028Z",":updated_at":"2026-01-21T12:00:32.257Z",":@computed_region_awaf_s7ux":"3",":@computed_region_6mkv_f3dw":"21853",":@computed_region_vrxf_vc4k":"10",":@computed_region_bdys_3d7i":"357",":@computed_region_43wa_7qmu":"5",":@computed_region_rpca_8um6":"9",":@computed_region_8hcu_yrd4":"49"}},
{"type":"Feature","geometry":{"type":"Point","coordinates":[-87.67393,41.95469]},"properties":{"id":"a3a8804b-a135-11e9-9cda-0a87ae2ba916","station_name":"Ravenswood Ave & Irving Park Rd","short_name":"CHI00309","total_docks":"19","docks_in_service":"19","status":"In Service","latitude":"41.95469","longitude":"-87.67393",":id":"row-umv6.fcfp-fipv",":version":"rv-h96q~vhye~pdfk",":created_at":"2026-01-08T12:00:18.555Z",":updated_at":"2026-01-08T12:00:22.540Z",":@computed_region_awaf_s7ux":"13",":@computed_region_6mkv_f3dw":"21186",":@computed_region_vrxf_vc4k":"46",":@computed_region_bdys_3d7i":"622",":@computed_region_43wa_7qmu":"18",":@computed_region_rpca_8um6":"53",":@computed_region_8hcu_yrd4":"47"}},
{"type":"Feature","geometry":{"type":"Point","coordinates":[-87.7289701012,41.96110801623]},"properties":{"id":"a3afebff-a135-11e9-9cda-0a87ae2ba916","station_name":"Keystone Ave & Montrose Ave","short_name":"CHI00643","total_docks":"11","docks_in_service":"11","status":"In Service","latitude":"41.9611080162","longitude":"-87.7289701012",":id":"row-m6qk_cihg_ppvp",":version":"rv-taa9-uxu7~ryis",":created_at":"2025-06-14T11:00:19.984Z",":updated_at":"2025-06-14T11:00:25.292Z",":@computed_region_awaf_s7ux":"28",":@computed_region_6mkv_f3dw":"21869",":@computed_region_vrxf_vc4k":"14",":@computed_region_bdys_3d7i":"257",":@computed_region_43wa_7qmu":"38",":@computed_region_rpca_8um6":"48",":@computed_region_8hcu_yrd4":"39"}},
{"type":"Feature","geometry":{"type":"Point","coordinates":[-87.622481,41.845687]},"properties":{"id":"a3a62fc9-a135-11e9-9cda-0a87ae2ba916","station_name":"Indiana Ave & 26th St","short_name":"CHI00237","total_docks":"15","docks_in_service":"15","status":"In Service","latitude":"41.845687","longitude":"-87.622481",":id":"row-5gfa-wsq9_46fp",":version":"rv-hi7c_rqfb_t85d",":created_at":"2025-06-14T11:00:19.984Z",":updated_at":"2025-06-14T11:00:25.292Z",":@computed_region_awaf_s7ux":"48",":@computed_region_6mkv_f3dw":"21194",":@computed_region_vrxf_vc4k":"34",":@computed_region_bdys_3d7i":"193",":@computed_region_43wa_7qmu":"10",":@computed_region_rpca_8um6":"40",":@computed_region_8hcu_yrd4":"9"}},
{"type":"Feature","geometry":{"type":"Point","coordinates":[-87.638387,41.889188]},"properties":{"id":"2161159315996441640","station_name":"Kingsbury St & Kinzie St 2","short_name":"CHI02181","total_docks":"32","docks_in_service":"32","status":"In Service","latitude":"41.889188","longitude":"-87.638387",":id":"row-ywec~wcax~u9vd",":version":"rv-qb38.25f6-hxgu",":created_at":"2025-12-15T12:00:18.959Z",":updated_at":"2025-12-15T12:00:30.830Z",":@computed_region_awaf_s7ux":"22",":@computed_region_6mkv_f3dw":"4446",":@computed_region_vrxf_vc4k":"37",":@computed_region_bdys_3d7i":"652",":@computed_region_43wa_7qmu":"36",":@computed_region_rpca_8um6":"55",":@computed_region_8hcu_yrd4":"42"}},
{"type":"Feature","geometry":{"type":"Point","coordinates":[-87.599034,41.744123]},"properties":{"id":"a3b2a4ca-a135-11e9-9cda-0a87ae2ba916","station_name":"Ellis Ave & 83rd St","short_name":"CHI00725","total_docks":"11","docks_in_service":"11","status":"In Service","latitude":"41.744123","longitude":"-87.599034",":id":"row-f8zs-kmke_n2fu",":version":"rv-w3m7.diai~5gnh",":created_at":"2025-12-05T12:04:37.449Z",":updated_at":"2025-12-05T12:04:38.770Z",":@computed_region_awaf_s7ux":"9",":@computed_region_6mkv_f3dw":"21546",":@computed_region_vrxf_vc4k":"40",":@computed_region_bdys_3d7i":"141",":@computed_region_43wa_7qmu":"35",":@computed_region_rpca_8um6":"61",":@computed_region_8hcu_yrd4":"10"}},
{"type":"Feature","geometry":{"type":"Point","coordinates":[-87.606615,41.803038]},"properties":{"id":"a3ac30c5-a135-11e9-9cda-0a87ae2ba916","station_name":"Cottage Grove Ave & 51st St","short_name":"CHI00502","total_docks":"15","docks_in_service":"15","status":"In Service","latitude":"41.803038","longitude":"-87.606615",":id":"row-yw9d.hg6i_prhd",":version":"rv-2f3r~t58t_g9ai",":created_at":"2025-08-12T11:04:47.759Z",":updated_at":"2025-08-12T11:05:00.069Z",":@computed_region_awaf_s7ux":"1",":@computed_region_6mkv_f3dw":"21192",":@computed_region_vrxf_vc4k":"4",":@computed_region_bdys_3d7i":"165",":@computed_region_43wa_7qmu":"10",":@computed_region_rpca_8um6":"10",":@computed_region_8hcu_yrd4":"20"}},
{"type":"Feature","geometry":{"type":"Point","coordinates":[-87.672552,41.907655]},"properties":{"id":"a3a49cd7-a135-11e9-9cda-0a87ae2ba916","station_name":"Wood St & Beach Ave","short_name":"CHI00329","total_docks":"16","docks_in_service":"16","status":"In Service","latitude":"41.907655","longitude":"-87.672552",":id":"row-msb9~uajn-5cgx",":version":"rv-bxvi_ueas_x5ti",":created_at":"2026-02-18T12:00:20.257Z",":updated_at":"2026-02-18T12:00:22.489Z",":@computed_region_awaf_s7ux":"24",":@computed_region_6mkv_f3dw":"21560",":@computed_region_vrxf_vc4k":"25",":@computed_region_bdys_3d7i":"482",":@computed_region_43wa_7qmu":"41",":@computed_region_rpca_8um6":"4",":@computed_region_8hcu_yrd4":"1"}},
{"type":"Feature","geometry":{"type":"Point","coordinates":[-87.65128,41.87909]},"properties":{"id":"2123427844802601334","station_name":"Sangamon St & Adams St","short_name":"CHI02116","total_docks":"15","docks_in_service":"15","status":"In Service","latitude":"41.87909","longitude":"-87.65128",":id":"row-ztvn-icke-qt5s",":version":"rv-5t8f-ykez.3fsi",":created_at":"2026-01-21T12:00:27.028Z",":updated_at":"2026-01-21T12:00:32.257Z",":@computed_region_awaf_s7ux":"48",":@computed_region_6mkv_f3dw":"14917",":@computed_region_vrxf_vc4k":"29",":@computed_region_bdys_3d7i":"91",":@computed_region_43wa_7qmu":"26",":@computed_region_rpca_8um6":"44",":@computed_region_8hcu_yrd4":"34"}},
{"type":"Feature","geometry":{"type":"Point","coordinates":[-87.629912,41.898969]},"properties":{"id":"a3a60a65-a135-11e9-9cda-0a87ae2ba916","station_name":"Dearborn Pkwy & Delaware Pl","short_name":"CHI00306","total_docks":"19","docks_in_service":"19","status":"In Service","latitude":"41.898969","longitude":"-87.629912",":id":"row-688v~vd55-r6uh",":version":"rv-axti-wigc.siff",":created_at":"2026-01-03T12:02:28.849Z",":updated_at":"2026-01-03T12:02:30.581Z",":@computed_region_awaf_s7ux":"22",":@computed_region_6mkv_f3dw":"14926",":@computed_region_vrxf_vc4k":"37",":@computed_region_bdys_3d7i":"310",":@computed_region_43wa_7qmu":"11",":@computed_region_rpca_8um6":"54",":@computed_region_8hcu_yrd4":"2"}},
{"type":"Feature","geometry":{"type":"Point","coordinates":[-87.63443007,41.89993001]},"properties":{"id":"a3a44ec7-a135-11e9-9cda-0a87ae2ba916","station_name":"Wells St & Walton St","short_name":"CHI00260","total_docks":"19","docks_in_service":"19","status":"In Service","latitude":"41.89993001","longitude":"-87.63443007",":id":"row-xe3x-ptnv_m7w8",":version":"rv-vvg7~8nac.6isv",":created_at":"2026-01-01T12:00:20.473Z",":updated_at":"2026-01-01T12:00:28.954Z",":@computed_region_awaf_s7ux":"41",":@computed_region_6mkv_f3dw":"14926",":@computed_region_vrxf_vc4k":"37",":@computed_region_bdys_3d7i":"148",":@computed_region_43wa_7qmu":"46",":@computed_region_rpca_8um6":"54",":@computed_region_8hcu_yrd4":"27"}},
{"type":"Feature","geometry":{"type":"Point","coordinates":[-87.661406,42.004583]},"properties":{"id":"a3b49122-a135-11e9-9cda-0a87ae2ba916","station_name":"Sheridan Rd & Columbia Ave","short_name":"CHI01050","total_docks":"15","docks_in_service":"15","status":"In Service","latitude":"42.004583","longitude":"-87.661406",":id":"row-j85j.btye-pqhb",":version":"rv-5m6x.did9-qzdy",":created_at":"2026-01-29T12:00:16.814Z",":updated_at":"2026-01-29T12:00:31.023Z",":@computed_region_awaf_s7ux":"3",":@computed_region_6mkv_f3dw":"21853",":@computed_region_vrxf_vc4k":"10",":@computed_region_bdys_3d7i":"47",":@computed_region_43wa_7qmu":"5",":@computed_region_rpca_8um6":"9",":@computed_region_8hcu_yrd4":"49"}},
{"type":"Feature","geometry":{"type":"Point","coordinates":[-87.72257,41.78315]},"properties":{"id":"1992234898774407528","station_name":"Pulaski Rd & 60th Pl","short_name":"CHI01884","total_docks":"8","docks_in_service":"8","status":"In Service","latitude":"41.78315","longitude":"-87.72257",":id":"row-czxh_s92j~tacr",":version":"rv-8eju~pwcv_qsb3",":created_at":"2026-02-18T12:00:20.257Z",":updated_at":"2026-02-18T12:00:22.489Z",":@computed_region_awaf_s7ux":"23",":@computed_region_6mkv_f3dw":"21867",":@computed_region_vrxf_vc4k":"63",":@computed_region_bdys_3d7i":"339",":@computed_region_43wa_7qmu":"6",":@computed_region_rpca_8um6":"58",":@computed_region_8hcu_yrd4":"23"}},
{"type":"Feature","geometry":{"type":"Point","coordinates":[-87.64907,41.94112]},"properties":{"id":"2144742400386513746","station_name":"Halsted St & Melrose St","short_name":"CHI02162","total_docks":"12","docks_in_service":"12","status":"In Service","latitude":"41.94112","longitude":"-87.64907",":id":"row-znvg.seam~kk2n",":version":"rv-uyf6~6ski.2kt2",":created_at":"2026-02-04T12:00:18.466Z",":updated_at":"2026-02-04T12:00:29.727Z",":@computed_region_awaf_s7ux":"38",":@computed_region_6mkv_f3dw":"4449",":@computed_region_vrxf_vc4k":"57",":@computed_region_bdys_3d7i":"730",":@computed_region_43wa_7qmu":"25",":@computed_region_rpca_8um6":"22",":@computed_region_8hcu_yrd4":"44"}},
{"type":"Feature","geometry":{"type":"Point","coordinates":[-87.63396,41.883]},"properties":{"id":"2102842761542543614","station_name":"Wells St & Washington St","short_name":"CHI02072","total_docks":"11","docks_in_service":"11","status":"In Service","latitude":"41.883","longitude":"-87.63396",":id":"row-kz7i.mrne~5dkz",":version":"rv-g9ia-y95e~3z3r",":created_at":"2026-01-26T12:00:18.064Z",":updated_at":"2026-01-26T12:00:38.365Z",":@computed_region_awaf_s7ux":"22",":@computed_region_6mkv_f3dw":"14914",":@computed_region_vrxf_vc4k":"38",":@computed_region_bdys_3d7i":"92",":@computed_region_43wa_7qmu":"36",":@computed_region_rpca_8um6":"46",":@computed_region_8hcu_yrd4":"34"}},
{"type":"Feature","geometry":{"type":"Point","coordinates":[-87.80714,41.95326]},"properties":{"id":"1945088454548058244","station_name":"Harlem Ave & Irving Park Rd","short_name":"CHI01843","total_docks":"15","docks_in_service":"15","status":"In Service","latitude":"41.95326","longitude":"-87.80714",":id":"row-3e7b_d3vg.6wwd",":version":"rv-cqdx~4duj.758i",":created_at":"2025-06-14T11:00:19.984Z",":updated_at":"2025-06-14T11:00:25.292Z",":@computed_region_awaf_s7ux":"25",":@computed_region_6mkv_f3dw":"22254",":@computed_region_vrxf_vc4k":"17",":@computed_region_bdys_3d7i":"442",":@computed_region_43wa_7qmu":"19",":@computed_region_rpca_8um6":"52",":@computed_region_8hcu_yrd4":"38"}},
{"type":"Feature","geometry":{"type":"Point","coordinates":[-87.66717,41.88592]},"properties":{"id":"a3a59ec3-a135-11e9-9cda-0a87ae2ba916","station_name":"Ashland Ave & Lake St","short_name":"CHI00384","total_docks":"19","docks_in_service":"19","status":"In Service","latitude":"41.88592","longitude":"-87.66717",":id":"row-9g4d~vxhc~md6j",":version":"rv-b3sg.wamc-qt9p",":created_at":"2026-01-03T12:02:28.849Z",":updated_at":"2026-01-03T12:02:30.581Z",":@computed_region_awaf_s7ux":"41",":@computed_region_6mkv_f3dw":"21184",":@computed_region_vrxf_vc4k":"29",":@computed_region_bdys_3d7i":"579",":@computed_region_43wa_7qmu":"46",":@computed_region_rpca_8um6":"28",":@computed_region_8hcu_yrd4":"27"}},
{"type":"Feature","geometry":{"type":"Point","coordinates":[-87.66360014677,41.935774617665]},"properties":{"id":"a3a6c38e-a135-11e9-9cda-0a87ae2ba916","station_name":"Southport Ave & Wellington Ave","short_name":"CHI00236","total_docks":"19","docks_in_service":"19","status":"In Service","latitude":"41.9357746177","longitude":"-87.6636001468",":id":"row-b9ns_6s76.9b9f",":version":"rv-hgqh~fpw5-czwh",":created_at":"2026-01-26T12:00:18.064Z",":updated_at":"2026-01-26T12:00:38.365Z",":@computed_region_awaf_s7ux":"16",":@computed_region_6mkv_f3dw":"4449",":@computed_region_vrxf_vc4k":"57",":@computed_region_bdys_3d7i":"679",":@computed_region_43wa_7qmu":"40",":@computed_region_rpca_8um6":"22",":@computed_region_8hcu_yrd4":"32"}},
{"type":"Feature","geometry":{"type":"Point","coordinates":[-87.6228544,41.7218499]},"properties":{"id":"792ceba0-564f-4a2c-bcb5-90da781ffeef","station_name":"State St & 95th St","short_name":"CHI00748","total_docks":"15","docks_in_service":"15","status":"In Service","latitude":"41.7218499","longitude":"-87.6228544",":id":"row-vj5n_9js2~z9tk",":version":"rv-zije.8rq8_24nr",":created_at":"2025-07-31T11:04:45.959Z",":updated_at":"2025-07-31T11:04:51.603Z",":@computed_region_awaf_s7ux":"31",":@computed_region_6mkv_f3dw":"21546",":@computed_region_vrxf_vc4k":"45",":@computed_region_bdys_3d7i":"554",":@computed_region_43wa_7qmu":"43",":@computed_region_rpca_8um6":"61",":@computed_region_8hcu_yrd4":"4"}},
{"type":"Feature","geometry":{"type":"Point","coordinates":[-87.7041017,41.8235109]},"properties":{"id":"1954768541828039308","station_name":"Kedzie Ave & 38th Pl","short_name":"CHI01839","total_docks":"11","docks_in_service":"11","status":"In Service","latitude":"41.8235109","longitude":"-87.7041017",":id":"row-6rur~icji_sfxn",":version":"rv-z7k2~vwn4_kqzx",":created_at":"2025-06-14T11:00:19.984Z",":updated_at":"2025-06-14T11:00:25.292Z",":@computed_region_awaf_s7ux":"29",":@computed_region_6mkv_f3dw":"22248",":@computed_region_vrxf_vc4k":"55",":@computed_region_bdys_3d7i":"639",":@computed_region_43wa_7qmu":"1",":@computed_region_rpca_8um6":"56",":@computed_region_8hcu_yrd4":"12"}},
{"type":"Feature","geometry":{"type":"Point","coordinates":[-87.604959713,41.76571903697]},"properties":{"id":"a3ad0ecb-a135-11e9-9cda-0a87ae2ba916","station_name":"Cottage Grove Ave & 71st St","short_name":"CHI02049","total_docks":"11","docks_in_service":"11","status":"In Service","latitude":"41.765719037","longitude":"-87.604959713",":id":"row-m5n6~b7i5_b6a8",":version":"rv-38vr~ctsk.xsrt",":created_at":"2025-06-14T11:00:19.984Z",":updated_at":"2025-06-14T11:00:25.292Z",":@computed_region_awaf_s7ux":"32",":@computed_region_6mkv_f3dw":"21546",":@computed_region_vrxf_vc4k":"67",":@computed_region_bdys_3d7i":"121",":@computed_region_43wa_7qmu":"33",":@computed_region_rpca_8um6":"61",":@computed_region_8hcu_yrd4":"3"}},
{"type":"Feature","geometry":{"type":"Point","coordinates":[-87.7153994,41.8827476]},"properties":{"id":"1929934715947649384","station_name":"Central Park Ave & Washington Blvd","short_name":"CHI01808","total_docks":"15","docks_in_service":"15","status":"In Service","latitude":"41.8827476","longitude":"-87.7153994",":id":"row-qgda~4h6a~undt",":version":"rv-x84t~yafi~d5f5",":created_at":"2025-06-14T11:00:19.984Z",":updated_at":"2025-06-14T11:00:25.292Z",":@computed_region_awaf_s7ux":"11",":@computed_region_6mkv_f3dw":"21572",":@computed_region_vrxf_vc4k":"28",":@computed_region_bdys_3d7i":"176",":@computed_region_43wa_7qmu":"23",":@computed_region_rpca_8um6":"30",":@computed_region_8hcu_yrd4":"28"}},
{"type":"Feature","geometry":{"type":"Point","coordinates":[-87.80683,41.94894]},"properties":{"id":"1962566135789175644","station_name":"Harlem Ave & Grace St","short_name":"CHI00865","total_docks":"15","docks_in_service":"15","status":"In Service","latitude":"41.94894","longitude":"-87.80683",":id":"row-j2rd-tcpe-2qtm",":version":"rv-tnx7_pyi3~gdw8",":created_at":"2026-02-06T12:00:17.123Z",":updated_at":"2026-02-06T12:00:23.280Z",":@computed_region_awaf_s7ux":"25",":@computed_region_6mkv_f3dw":"22254",":@computed_region_vrxf_vc4k":"17",":@computed_region_bdys_3d7i":"444",":@computed_region_43wa_7qmu":"19",":@computed_region_rpca_8um6":"52",":@computed_region_8hcu_yrd4":"38"}},
{"type":"Feature","geometry":{"type":"Point","coordinates":[-87.727907,41.88085]},"properties":{"id":"a3b128de-a135-11e9-9cda-0a87ae2ba916","station_name":"Karlov Ave & Madison St","short_name":"CHI01032","total_docks":"11","docks_in_service":"11","status":"In Service","latitude":"41.88085","longitude":"-87.727907",":id":"row-tm5q.y4gd-pcyb",":version":"rv-bhdg-wsgr_7f96",":created_at":"2025-11-23T12:04:36.515Z",":updated_at":"2025-11-23T12:04:39.232Z",":@computed_region_awaf_s7ux":"11",":@computed_region_6mkv_f3dw":"21572",":@computed_region_vrxf_vc4k":"27",":@computed_region_bdys_3d7i":"659",":@computed_region_43wa_7qmu":"23",":@computed_region_rpca_8um6":"30",":@computed_region_8hcu_yrd4":"28"}},
{"type":"Feature","geometry":{"type":"Point","coordinates":[-87.75572,41.91432]},"properties":{"id":"1962991219412381958","station_name":"Laramie Ave & Bloomingdale Ave","short_name":"CHI01906","total_docks":"12","docks_in_service":"12","status":"In Service","latitude":"41.91432","longitude":"-87.75572",":id":"row-4afc-dys2_jich",":version":"rv-t8ki~869q~c86p",":created_at":"2026-01-25T12:00:16.489Z",":updated_at":"2026-01-25T12:00:22.319Z",":@computed_region_awaf_s7ux":"4",":@computed_region_6mkv_f3dw":"22615",":@computed_region_vrxf_vc4k":"26",":@computed_region_bdys_3d7i":"523",":@computed_region_43wa_7qmu":"45",":@computed_region_rpca_8um6":"2",":@computed_region_8hcu_yrd4":"37"}},
{"type":"Feature","geometry":{"type":"Point","coordinates":[-87.733795,41.934457]},"properties":{"id":"1861997616150114834","station_name":"Kenosha Ave & Wellington Ave","short_name":"CHI01858","total_docks":"15","docks_in_service":"15","status":"In Service","latitude":"41.934457","longitude":"-87.733795",":id":"row-3b43.bknu~ivwn",":version":"rv-meb4_3m5c.ypik",":created_at":"2026-02-13T12:00:20.003Z",":updated_at":"2026-02-13T12:00:25.322Z",":@computed_region_awaf_s7ux":"7",":@computed_region_6mkv_f3dw":"22618",":@computed_region_vrxf_vc4k":"21",":@computed_region_bdys_3d7i":"411",":@computed_region_43wa_7qmu":"17",":@computed_region_rpca_8um6":"21",":@computed_region_8hcu_yrd4":"31"}},
{"type":"Feature","geometry":{"type":"Point","coordinates":[-87.673573,42.019159]},"properties":{"id":"a3b0d1d5-a135-11e9-9cda-0a87ae2ba916","station_name":"Paulina St & Howard St","short_name":"CHI01214","total_docks":"19","docks_in_service":"19","status":"In Service","latitude":"42.019159","longitude":"-87.673573",":id":"row-7uv5~wgrh~vchq",":version":"rv-bk6s-ycx9~ej2x",":created_at":"2026-01-03T12:02:28.849Z",":updated_at":"2026-01-03T12:02:30.581Z",":@computed_region_awaf_s7ux":"3",":@computed_region_6mkv_f3dw":"21853",":@computed_region_vrxf_vc4k":"10",":@computed_region_bdys_3d7i":"489",":@computed_region_43wa_7qmu":"5",":@computed_region_rpca_8um6":"9",":@computed_region_8hcu_yrd4":"49"}},
{"type":"Feature","geometry":{"type":"Point","coordinates":[-87.7237773635,41.93058537138]},"properties":{"id":"a3b00055-a135-11e9-9cda-0a87ae2ba916","station_name":"Kosciuszko Park","short_name":"CHI00623","total_docks":"15","docks_in_service":"15","status":"In Service","latitude":"41.9305853714","longitude":"-87.7237773635",":id":"row-73mz_st9z.6mkn",":version":"rv-wjfg~xbi6.ihdf",":created_at":"2026-02-18T12:00:20.257Z",":updated_at":"2026-02-18T12:00:22.489Z",":@computed_region_awaf_s7ux":"27",":@computed_region_6mkv_f3dw":"22535",":@computed_region_vrxf_vc4k":"23",":@computed_region_bdys_3d7i":"107",":@computed_region_43wa_7qmu":"17",":@computed_region_rpca_8um6":"1",":@computed_region_8hcu_yrd4":"35"}},
{"type":"Feature","geometry":{"type":"Point","coordinates":[-87.654264,41.884114]},"properties":{"id":"a3b3634c-a135-11e9-9cda-0a87ae2ba916","station_name":"Aberdeen St & Randolph St","short_name":"CHI00715","total_docks":"15","docks_in_service":"15","status":"In Service","latitude":"41.884114","longitude":"-87.654264",":id":"row-gne4~xe8b_3g4t",":version":"rv-fy93-v8wt~ip79",":created_at":"2026-01-21T12:00:27.028Z",":updated_at":"2026-01-21T12:00:32.257Z",":@computed_region_awaf_s7ux":"41",":@computed_region_6mkv_f3dw":"14917",":@computed_region_vrxf_vc4k":"29",":@computed_region_bdys_3d7i":"63",":@computed_region_43wa_7qmu":"46",":@computed_region_rpca_8um6":"44",":@computed_region_8hcu_yrd4":"27"}},
{"type":"Feature","geometry":{"type":"Point","coordinates":[-87.64119,41.93651]},"properties":{"id":"2142874382964769174","station_name":"Pine Grove Ave & Wellington Ave","short_name":"CHI02158","total_docks":"15","docks_in_service":"15","status":"In Service","latitude":"41.93651","longitude":"-87.64119",":id":"row-pybu_sv39-ud27",":version":"rv-6ym6_6632.uj4x",":created_at":"2026-01-16T12:00:19.805Z",":updated_at":"2026-01-16T12:00:24.264Z",":@computed_region_awaf_s7ux":"38",":@computed_region_6mkv_f3dw":"4449",":@computed_region_vrxf_vc4k":"57",":@computed_region_bdys_3d7i":"153",":@computed_region_43wa_7qmu":"25",":@computed_region_rpca_8um6":"22",":@computed_region_8hcu_yrd4":"44"}},
{"type":"Feature","geometry":{"type":"Point","coordinates":[-87.652281224728,41.984044115192]},"properties":{"id":"97818a9b-0f86-44df-98e6-1bc16812e3d9","station_name":"Lakefront Trail & Bryn Mawr Ave","short_name":"CHI00298","total_docks":"19","docks_in_service":"19","status":"In Service","latitude":"41.9840441152","longitude":"-87.6522812247",":id":"row-7txc_sufm_7hpd",":version":"rv-8cpr-y5vu_y8tv",":created_at":"2025-11-11T12:00:24.711Z",":updated_at":"2025-11-11T12:00:25.670Z",":@computed_region_awaf_s7ux":"40",":@computed_region_6mkv_f3dw":"22616",":@computed_region_vrxf_vc4k":"76",":@computed_region_bdys_3d7i":"14",":@computed_region_43wa_7qmu":"16",":@computed_region_rpca_8um6":"14",":@computed_region_8hcu_yrd4":"48"}},
{"type":"Feature","geometry":{"type":"Point","coordinates":[-87.78202,41.96648]},"properties":{"id":"2007796988006173238","station_name":"Melvina Ave & Giddings Ave","short_name":"CHI01954","total_docks":"16","docks_in_service":"16","status":"In Service","latitude":"41.96648","longitude":"-87.78202",":id":"row-rwrh_njmm.xrcz",":version":"rv-c2v5-8xke_4myu",":created_at":"2026-01-29T12:00:16.814Z",":updated_at":"2026-01-29T12:00:31.023Z",":@computed_region_awaf_s7ux":"25",":@computed_region_6mkv_f3dw":"21869",":@computed_region_vrxf_vc4k":"15",":@computed_region_bdys_3d7i":"95",":@computed_region_43wa_7qmu":"19",":@computed_region_rpca_8um6":"48",":@computed_region_8hcu_yrd4":"38"}},
{"type":"Feature","geometry":{"type":"Point","coordinates":[-87.68489,41.81574]},"properties":{"id":"1943244109954931024","station_name":"Western Ave & 43rd St","short_name":"CHI01844","total_docks":"15","docks_in_service":"15","status":"In Service","latitude":"41.81574","longitude":"-87.68489",":id":"row-6zzn~uv4q.n6eh",":version":"rv-44gv_u3cb-9wkn",":created_at":"2025-06-14T11:00:19.984Z",":updated_at":"2025-06-14T11:00:25.292Z",":@computed_region_awaf_s7ux":"29",":@computed_region_6mkv_f3dw":"14924",":@computed_region_vrxf_vc4k":"55",":@computed_region_bdys_3d7i":"718",":@computed_region_43wa_7qmu":"3",":@computed_region_rpca_8um6":"56",":@computed_region_8hcu_yrd4":"12"}},
{"type":"Feature","geometry":{"type":"Point","coordinates":[-87.5970051479,41.81409271048]},"properties":{"id":"a3ad4d1b-a135-11e9-9cda-0a87ae2ba916","station_name":"Woodlawn Ave & Lake Park Ave","short_name":"CHI00334","total_docks":"15","docks_in_service":"15","status":"In Service","latitude":"41.8140927105","longitude":"-87.5970051479",":id":"row-hh2e-bjqu.yf7n",":version":"rv-bde5_sbyv-cjh2",":created_at":"2025-06-14T11:00:19.984Z",":updated_at":"2025-06-14T11:00:25.292Z",":@computed_region_awaf_s7ux":"1",":@computed_region_6mkv_f3dw":"4301",":@computed_region_vrxf_vc4k":"5",":@computed_region_bdys_3d7i":"395",":@computed_region_43wa_7qmu":"10",":@computed_region_rpca_8um6":"36",":@computed_region_8hcu_yrd4":"9"}},
{"type":"Feature","geometry":{"type":"Point","coordinates":[-87.77888,41.94595]},"properties":{"id":"1961473975097987236","station_name":"Meade Ave & Addison St","short_name":"CHI00874","total_docks":"15","docks_in_service":"15","status":"In Service","latitude":"41.94595","longitude":"-87.77888",":id":"row-a64p~8nbp~y496",":version":"rv-5fy4~367s_gvf9",":created_at":"2025-06-14T11:00:19.984Z",":updated_at":"2025-06-14T11:00:25.292Z",":@computed_region_awaf_s7ux":"25",":@computed_region_6mkv_f3dw":"22254",":@computed_region_vrxf_vc4k":"17",":@computed_region_bdys_3d7i":"443",":@computed_region_43wa_7qmu":"44",":@computed_region_rpca_8um6":"52",":@computed_region_8hcu_yrd4":"38"}},
{"type":"Feature","geometry":{"type":"Point","coordinates":[-87.550762295723,41.659150427598]},"properties":{"id":"bbb67562-1f82-4dfa-a532-231ddc35444e","station_name":"Commercial Ave & 130th St","short_name":"CHI00828","total_docks":"15","docks_in_service":"15","status":"In Service","latitude":"41.6591504276","longitude":"-87.5507622957",":id":"row-fiqw_eq6f-6wrj",":version":"rv-x4tq.kewi_57bq",":created_at":"2026-02-04T12:00:18.466Z",":updated_at":"2026-02-04T12:00:29.727Z",":@computed_region_awaf_s7ux":"47",":@computed_region_6mkv_f3dw":"22250",":@computed_region_vrxf_vc4k":"52",":@computed_region_bdys_3d7i":"586",":@computed_region_43wa_7qmu":"47",":@computed_region_rpca_8um6":"26",":@computed_region_8hcu_yrd4":"6"}},
{"type":"Feature","geometry":{"type":"Point","coordinates":[-87.71206766367,41.939393953443]},"properties":{"id":"a3aff616-a135-11e9-9cda-0a87ae2ba916","station_name":"Kimball Ave & Belmont Ave","short_name":"CHI00577","total_docks":"15","docks_in_service":"15","status":"In Service","latitude":"41.9393939534","longitude":"-87.7120676637",":id":"row-7bnn~uy83~vyxu",":version":"rv-rjt4-kqbm.79h9",":created_at":"2026-01-03T12:02:28.849Z",":updated_at":"2026-01-03T12:02:30.581Z",":@computed_region_awaf_s7ux":"15",":@computed_region_6mkv_f3dw":"21538",":@computed_region_vrxf_vc4k":"22",":@computed_region_bdys_3d7i":"138",":@computed_region_43wa_7qmu":"12",":@computed_region_rpca_8um6":"39",":@computed_region_8hcu_yrd4":"35"}},
{"type":"Feature","geometry":{"type":"Point","coordinates":[-87.55112,41.71893]},"properties":{"id":"1976649188502348766","station_name":"Commercial Ave & 97th St","short_name":"CHI01931","total_docks":"15","docks_in_service":"15","status":"In Service","latitude":"41.71893","longitude":"-87.55112",":id":"row-dz2x~gqfi~t6vj",":version":"rv-qkwj-v7yy_qvd2",":created_at":"2026-01-16T12:00:19.805Z",":updated_at":"2026-01-16T12:00:24.264Z",":@computed_region_awaf_s7ux":"47",":@computed_region_6mkv_f3dw":"21202",":@computed_region_vrxf_vc4k":"48",":@computed_region_bdys_3d7i":"526",":@computed_region_43wa_7qmu":"47",":@computed_region_rpca_8um6":"25",":@computed_region_8hcu_yrd4":"6"}},
{"type":"Feature","geometry":{"type":"Point","coordinates":[-87.551208,41.744615]},"properties":{"id":"a3b2956a-a135-11e9-9cda-0a87ae2ba916","station_name":"Commercial Ave & 83rd St","short_name":"CHI00485","total_docks":"11","docks_in_service":"11","status":"In Service","latitude":"41.744615","longitude":"-87.551208",":id":"row-9dkr~xuq3-b6pc",":version":"rv-mttu_pe3z~cqfx",":created_at":"2025-06-14T11:00:19.984Z",":updated_at":"2025-06-14T11:00:25.292Z",":@computed_region_awaf_s7ux":"47",":@computed_region_6mkv_f3dw":"21202",":@computed_region_vrxf_vc4k":"42",":@computed_region_bdys_3d7i":"506",":@computed_region_43wa_7qmu":"37",":@computed_region_rpca_8um6":"25",":@computed_region_8hcu_yrd4":"5"}},
{"type":"Feature","geometry":{"type":"Point","coordinates":[-87.6962603,41.9687297]},"properties":{"id":"a3af8642-a135-11e9-9cda-0a87ae2ba916","station_name":"Washtenaw Ave & Lawrence Ave","short_name":"CHI00217","total_docks":"15","docks_in_service":"15","status":"In Service","latitude":"41.9687297","longitude":"-87.6962603",":id":"row-8f89-ba7g_u3rq",":version":"rv-cc2y.6ube.g8s8",":created_at":"2026-01-03T12:02:28.849Z",":updated_at":"2026-01-03T12:02:30.581Z",":@computed_region_awaf_s7ux":"46",":@computed_region_6mkv_f3dw":"21849",":@computed_region_vrxf_vc4k":"6",":@computed_region_bdys_3d7i":"28",":@computed_region_43wa_7qmu":"24",":@computed_region_rpca_8um6":"20",":@computed_region_8hcu_yrd4":"40"}},
{"type":"Feature","geometry":{"type":"Point","coordinates":[-87.6806044594,41.82879201994]},"properties":{"id":"a3a39301-a135-11e9-9cda-0a87ae2ba916","station_name":"Leavitt St & Archer Ave","short_name":"CHI00319","total_docks":"15","docks_in_service":"15","status":"In Service","latitude":"41.8287920199","longitude":"-87.6806044594",":id":"row-5e39-drah~nrug",":version":"rv-akau~57up~3v2s",":created_at":"2026-01-03T12:02:28.849Z",":updated_at":"2026-01-03T12:02:30.581Z",":@computed_region_awaf_s7ux":"26",":@computed_region_6mkv_f3dw":"14924",":@computed_region_vrxf_vc4k":"56",":@computed_region_bdys_3d7i":"719",":@computed_region_43wa_7qmu":"1",":@computed_region_rpca_8um6":"37",":@computed_region_8hcu_yrd4":"12"}},
{"type":"Feature","geometry":{"type":"Point","coordinates":[-87.63483,41.906724]},"properties":{"id":"a3a9fc75-a135-11e9-9cda-0a87ae2ba916","station_name":"Wells St & Evergreen Ave","short_name":"CHI00393","total_docks":"19","docks_in_service":"19","status":"In Service","latitude":"41.906724","longitude":"-87.63483",":id":"row-6824-5kbz_523d",":version":"rv-v9fa_y57h_3wqf",":created_at":"2025-06-14T11:00:19.984Z",":updated_at":"2025-06-14T11:00:25.292Z",":@computed_region_awaf_s7ux":"51",":@computed_region_6mkv_f3dw":"14926",":@computed_region_vrxf_vc4k":"37",":@computed_region_bdys_3d7i":"290",":@computed_region_43wa_7qmu":"11",":@computed_region_rpca_8um6":"54",":@computed_region_8hcu_yrd4":"2"}},
{"type":"Feature","geometry":{"type":"Point","coordinates":[-87.658617,41.932225]},"properties":{"id":"a3a64639-a135-11e9-9cda-0a87ae2ba916","station_name":"Lincoln Ave & Diversey Pkwy","short_name":"CHI00285","total_docks":"15","docks_in_service":"15","status":"In Service","latitude":"41.932225","longitude":"-87.658617",":id":"row-auy3-av2j_gihu",":version":"rv-gpud_vhwe~n9ec",":created_at":"2026-01-03T12:02:28.849Z",":updated_at":"2026-01-03T12:02:30.581Z",":@computed_region_awaf_s7ux":"16",":@computed_region_6mkv_f3dw":"21190",":@computed_region_vrxf_vc4k":"68",":@computed_region_bdys_3d7i":"795",":@computed_region_43wa_7qmu":"34",":@computed_region_rpca_8um6":"16",":@computed_region_8hcu_yrd4":"43"}},
{"type":"Feature","geometry":{"type":"Point","coordinates":[-87.70931,41.9536]},"properties":{"id":"a3afb917-a135-11e9-9cda-0a87ae2ba916","station_name":"Sawyer Ave & Irving Park Rd","short_name":"CHI00579","total_docks":"16","docks_in_service":"16","status":"In Service","latitude":"41.9536","longitude":"-87.70931",":id":"row-tsig-zuh8~wzcq",":version":"rv-bswe~ph5u.tfas",":created_at":"2025-06-14T11:00:19.984Z",":updated_at":"2025-06-14T11:00:25.292Z",":@computed_region_awaf_s7ux":"2",":@computed_region_6mkv_f3dw":"21538",":@computed_region_vrxf_vc4k":"16",":@computed_region_bdys_3d7i":"325",":@computed_region_43wa_7qmu":"20",":@computed_region_rpca_8um6":"39",":@computed_region_8hcu_yrd4":"33"}},
{"type":"Feature","geometry":{"type":"Point","coordinates":[-87.65469789505,41.789696880483]},"properties":{"id":"a3b44eba-a135-11e9-9cda-0a87ae2ba916","station_name":"Racine Ave & 57th St","short_name":"CHI01080","total_docks":"7","docks_in_service":"7","status":"In Service","latitude":"41.7896968805","longitude":"-87.6546978951",":id":"row-aqnk.m6md-zavr",":version":"rv-7wft.hk82_vbvx",":created_at":"2025-12-15T12:00:18.959Z",":updated_at":"2025-12-15T12:00:30.830Z",":@computed_region_awaf_s7ux":"19",":@computed_region_6mkv_f3dw":"22257",":@computed_region_vrxf_vc4k":"66",":@computed_region_bdys_3d7i":"409",":@computed_region_43wa_7qmu":"2",":@computed_region_rpca_8um6":"11",":@computed_region_8hcu_yrd4":"16"}},
{"type":"Feature","geometry":{"type":"Point","coordinates":[-87.6826658,41.913754]},"properties":{"id":"2078379617704292706","station_name":"Milwaukee Ave & The 606","short_name":"CHI00622","total_docks":"19","docks_in_service":"19","status":"In Service","latitude":"41.913754","longitude":"-87.6826658",":id":"row-9m6t~5h2k.dfn6",":version":"rv-wr3z.mru5-vx3w",":created_at":"2026-01-03T12:02:28.849Z",":updated_at":"2026-01-03T12:02:30.581Z",":@computed_region_awaf_s7ux":"16",":@computed_region_6mkv_f3dw":"22535",":@computed_region_vrxf_vc4k":"23",":@computed_region_bdys_3d7i":"373",":@computed_region_43wa_7qmu":"40",":@computed_region_rpca_8um6":"1",":@computed_region_8hcu_yrd4":"32"}},
{"type":"Feature","geometry":{"type":"Point","coordinates":[-87.7484986,41.8950179]},"properties":{"id":"1931391724317609988","station_name":"Lamon Ave & Chicago Ave","short_name":"CHI01852","total_docks":"15","docks_in_service":"15","status":"In Service","latitude":"41.8950179","longitude":"-87.7484986",":id":"row-aufn.mhna_dpmm",":version":"rv-nh8u-bt4g.j557",":created_at":"2025-06-14T11:00:19.984Z",":updated_at":"2025-06-14T11:00:25.292Z",":@computed_region_awaf_s7ux":"4",":@computed_region_6mkv_f3dw":"4299",":@computed_region_vrxf_vc4k":"26",":@computed_region_bdys_3d7i":"585",":@computed_region_43wa_7qmu":"45",":@computed_region_rpca_8um6":"5",":@computed_region_8hcu_yrd4":"37"}},
{"type":"Feature","geometry":{"type":"Point","coordinates":[-87.7166319516,41.90965687563]},"properties":{"id":"a3b02ef1-a135-11e9-9cda-0a87ae2ba916","station_name":"Central Park Ave & North Ave","short_name":"CHI00637","total_docks":"15","docks_in_service":"15","status":"In Service","latitude":"41.9096568756","longitude":"-87.7166319516",":id":"row-8k4v~3skn~yeje",":version":"rv-ksjv_x3x2-kyf5",":created_at":"2025-06-14T11:00:19.984Z",":updated_at":"2025-06-14T11:00:25.292Z",":@computed_region_awaf_s7ux":"10",":@computed_region_6mkv_f3dw":"22535",":@computed_region_vrxf_vc4k":"24",":@computed_region_bdys_3d7i":"422",":@computed_region_43wa_7qmu":"49",":@computed_region_rpca_8um6":"5",":@computed_region_8hcu_yrd4":"26"}},
{"type":"Feature","geometry":{"type":"Point","coordinates":[-87.656920729303,41.884081224847]},"properties":{"id":"a3a503e5-a135-11e9-9cda-0a87ae2ba916","station_name":"Racine Ave & Randolph St","short_name":"CHI00320","total_docks":"19","docks_in_service":"19","status":"In Service","latitude":"41.8840812248","longitude":"-87.6569207293",":id":"row-tktk-kiqf-4prn",":version":"rv-9nta-cta6~eb9h",":created_at":"2026-01-26T12:00:18.064Z",":updated_at":"2026-01-26T12:00:38.365Z",":@computed_region_awaf_s7ux":"41",":@computed_region_6mkv_f3dw":"14917",":@computed_region_vrxf_vc4k":"29",":@computed_region_bdys_3d7i":"63",":@computed_region_43wa_7qmu":"46",":@computed_region_rpca_8um6":"44",":@computed_region_8hcu_yrd4":"27"}},
{"type":"Feature","geometry":{"type":"Point","coordinates":[-87.64711,41.88576]},"properties":{"id":"2126938673328711742","station_name":"Halsted St & Lake St","short_name":"CHI02121","total_docks":"15","docks_in_service":"15","status":"In Service","latitude":"41.88576","longitude":"-87.64711",":id":"row-mvfs_5knp-c6wg",":version":"rv-5sq7~pvt7_82by",":created_at":"2026-01-29T12:00:16.814Z",":updated_at":"2026-01-29T12:00:31.023Z",":@computed_region_awaf_s7ux":"41",":@computed_region_6mkv_f3dw":"4452",":@computed_region_vrxf_vc4k":"29",":@computed_region_bdys_3d7i":"784",":@computed_region_43wa_7qmu":"46",":@computed_region_rpca_8um6":"45",":@computed_region_8hcu_yrd4":"27"}},
{"type":"Feature","geometry":{"type":"Point","coordinates":[-87.687022,41.91552]},"properties":{"id":"a3a58ee0-a135-11e9-9cda-0a87ae2ba916","station_name":"Western Ave & Winnebago Ave","short_name":"CHI00282","total_docks":"15","docks_in_service":"15","status":"In Service","latitude":"41.91552","longitude":"-87.687022",":id":"row-3uji_azms_isyv",":version":"rv-i6bz~irhd_n9cj",":created_at":"2026-01-29T12:00:16.814Z",":updated_at":"2026-01-29T12:00:31.023Z",":@computed_region_awaf_s7ux":"24",":@computed_region_6mkv_f3dw":"22535",":@computed_region_vrxf_vc4k":"23",":@computed_region_bdys_3d7i":"373",":@computed_region_43wa_7qmu":"40",":@computed_region_rpca_8um6":"1",":@computed_region_8hcu_yrd4":"32"}},
{"type":"Feature","geometry":{"type":"Point","coordinates":[-87.697153,41.922695]},"properties":{"id":"a3a5b496-a135-11e9-9cda-0a87ae2ba916","station_name":"California Ave & Milwaukee Ave","short_name":"CHI00307","total_docks":"7","docks_in_service":"7","status":"In Service","latitude":"41.922695","longitude":"-87.697153",":id":"row-893z_2vb8-teeh",":version":"rv-drcx_s7m5~x3rv",":created_at":"2026-02-06T12:00:17.123Z",":updated_at":"2026-02-06T12:00:23.280Z",":@computed_region_awaf_s7ux":"24",":@computed_region_6mkv_f3dw":"22535",":@computed_region_vrxf_vc4k":"23",":@computed_region_bdys_3d7i":"294",":@computed_region_43wa_7qmu":"41",":@computed_region_rpca_8um6":"1",":@computed_region_8hcu_yrd4":"1"}},
{"type":"Feature","geometry":{"type":"Point","coordinates":[-87.576323747635,41.780910964248]},"properties":{"id":"a3a547b8-a135-11e9-9cda-0a87ae2ba916","station_name":"63rd St Beach","short_name":"CHI00315","total_docks":"15","docks_in_service":"15","status":"In Service","latitude":"41.7809109642","longitude":"-87.5763237476",":id":"row-gic7~ubze.atwi",":version":"rv-weq2~aqra.pv2v",":created_at":"2025-06-14T11:00:19.984Z",":updated_at":"2025-06-14T11:00:25.292Z",":@computed_region_awaf_s7ux":"32",":@computed_region_6mkv_f3dw":"22260",":@computed_region_vrxf_vc4k":"9",":@computed_region_bdys_3d7i":"134",":@computed_region_43wa_7qmu":"33",":@computed_region_rpca_8um6":"60",":@computed_region_8hcu_yrd4":"3"}},
{"type":"Feature","geometry":{"type":"Point","coordinates":[-87.5771428255,41.77351755125]},"properties":{"id":"a3ac35ed-a135-11e9-9cda-0a87ae2ba916","station_name":"Jeffery Blvd & 67th St","short_name":"CHI00546","total_docks":"11","docks_in_service":"11","status":"In Service","latitude":"41.7735175513","longitude":"-87.5771428255",":id":"row-njhm-53ir.ejhg",":version":"rv-erjv.t4qr-kira",":created_at":"2025-12-03T12:04:38.555Z",":updated_at":"2025-12-03T12:04:44.334Z",":@computed_region_awaf_s7ux":"32",":@computed_region_6mkv_f3dw":"22538",":@computed_region_vrxf_vc4k":"9",":@computed_region_bdys_3d7i":"134",":@computed_region_43wa_7qmu":"33",":@computed_region_rpca_8um6":"24",":@computed_region_8hcu_yrd4":"3"}},
{"type":"Feature","geometry":{"type":"Point","coordinates":[-87.559726238251,41.702800850226]},"properties":{"id":"14d6e4b0-d0cc-4ccb-b757-e596d8c24a99","station_name":"Torrence Ave & 106th St","short_name":"CHI00867","total_docks":"11","docks_in_service":"11","status":"In Service","latitude":"41.7028008502","longitude":"-87.5597262383",":id":"row-mnjm_6j3i~g7m5",":version":"rv-n27g_8x2a~42c7",":created_at":"2025-08-27T11:02:38.027Z",":updated_at":"2025-08-27T11:02:38.361Z",":@computed_region_awaf_s7ux":"47",":@computed_region_6mkv_f3dw":"21202",":@computed_region_vrxf_vc4k":"48",":@computed_region_bdys_3d7i":"174",":@computed_region_43wa_7qmu":"47",":@computed_region_rpca_8um6":"25",":@computed_region_8hcu_yrd4":"6"}},
{"type":"Feature","geometry":{"type":"Point","coordinates":[-87.653106,41.910522]},"properties":{"id":"a3a3c696-a135-11e9-9cda-0a87ae2ba916","station_name":"Sheffield Ave & Kingsbury St","short_name":"CHI02023","total_docks":"16","docks_in_service":"16","status":"In Service","latitude":"41.910522","longitude":"-87.653106",":id":"row-9hhn-jizd_pxcg",":version":"rv-q9f2.5sj8-ika8",":created_at":"2025-10-07T11:02:34.824Z",":updated_at":"2025-10-07T11:02:36.492Z",":@computed_region_awaf_s7ux":"16",":@computed_region_6mkv_f3dw":"22620",":@computed_region_vrxf_vc4k":"37",":@computed_region_bdys_3d7i":"108",":@computed_region_43wa_7qmu":"46",":@computed_region_rpca_8um6":"49",":@computed_region_8hcu_yrd4":"27"}},
{"type":"Feature","geometry":{"type":"Point","coordinates":[-87.611726,41.766]},"properties":{"id":"a3b46866-a135-11e9-9cda-0a87ae2ba916","station_name":"Rhodes Ave & 71st St","short_name":"CHI00789","total_docks":"11","docks_in_service":"11","status":"In Service","latitude":"41.766","longitude":"-87.611726",":id":"row-56xc_icv4~tand",":version":"rv-uwdv.addp_psku",":created_at":"2025-06-14T11:00:19.984Z",":updated_at":"2025-06-14T11:00:25.292Z",":@computed_region_awaf_s7ux":"31",":@computed_region_6mkv_f3dw":"22260",":@computed_region_vrxf_vc4k":"67",":@computed_region_bdys_3d7i":"480",":@computed_region_43wa_7qmu":"32",":@computed_region_rpca_8um6":"60",":@computed_region_8hcu_yrd4":"4"}},
{"type":"Feature","geometry":{"type":"Point","coordinates":[-87.633879,41.856802]},"properties":{"id":"a3a80009-a135-11e9-9cda-0a87ae2ba916","station_name":"Wells St & 19th St","short_name":"CHI00782","total_docks":"11","docks_in_service":"11","status":"In Service","latitude":"41.856802","longitude":"-87.633879",":id":"row-avjf_v22p_vuky",":version":"rv-3fvp_e2pj-48qw",":created_at":"2025-12-30T12:02:29.516Z",":updated_at":"2025-12-30T12:02:30.489Z",":@computed_region_awaf_s7ux":"8",":@computed_region_6mkv_f3dw":"21194",":@computed_region_vrxf_vc4k":"35",":@computed_region_bdys_3d7i":"3",":@computed_region_43wa_7qmu":"26",":@computed_region_rpca_8um6":"40",":@computed_region_8hcu_yrd4":"7"}},
{"type":"Feature","geometry":{"type":"Point","coordinates":[-87.735952,41.927957]},"properties":{"id":"1861996658372408268","station_name":"Kostner Ave & Wrightwood Ave","short_name":"CHI01816","total_docks":"15","docks_in_service":"15","status":"In Service","latitude":"41.927957","longitude":"-87.735952",":id":"row-fs55.yyxq.fhzk",":version":"rv-yhxg-dfuv~9v63",":created_at":"2026-02-13T12:00:20.003Z",":updated_at":"2026-02-13T12:00:25.322Z",":@computed_region_awaf_s7ux":"7",":@computed_region_6mkv_f3dw":"22615",":@computed_region_vrxf_vc4k":"21",":@computed_region_bdys_3d7i":"439",":@computed_region_43wa_7qmu":"17",":@computed_region_rpca_8um6":"2",":@computed_region_8hcu_yrd4":"31"}},
{"type":"Feature","geometry":{"type":"Point","coordinates":[-87.62268,41.89445]},"properties":{"id":"2162605010317203902","station_name":"St. Clair St & Erie St 2","short_name":"CHI02182","total_docks":"30","docks_in_service":"30","status":"In Service","latitude":"41.89445","longitude":"-87.62268",":id":"row-5pnn-qc47-4aus",":version":"rv-mi6a~ffez_r4m8",":created_at":"2026-01-13T12:00:19.268Z",":updated_at":"2026-01-13T12:00:23.190Z",":@computed_region_awaf_s7ux":"22",":@computed_region_6mkv_f3dw":"21182",":@computed_region_vrxf_vc4k":"37",":@computed_region_bdys_3d7i":"158",":@computed_region_43wa_7qmu":"36",":@computed_region_rpca_8um6":"6",":@computed_region_8hcu_yrd4":"2"}},
{"type":"Feature","geometry":{"type":"Point","coordinates":[-87.62693,41.8417]},"properties":{"id":"a3a781a6-a135-11e9-9cda-0a87ae2ba916","station_name":"State St & 29th St","short_name":"CHI00231","total_docks":"11","docks_in_service":"11","status":"In Service","latitude":"41.8417","longitude":"-87.62693",":id":"row-v5ps_2mp2~xddp",":version":"rv-k6pq~zhuk~eyue",":created_at":"2026-02-13T12:00:20.003Z",":updated_at":"2026-02-13T12:00:25.322Z",":@computed_region_awaf_s7ux":"12",":@computed_region_6mkv_f3dw":"21194",":@computed_region_vrxf_vc4k":"1",":@computed_region_bdys_3d7i":"377",":@computed_region_43wa_7qmu":"9",":@computed_region_rpca_8um6":"40",":@computed_region_8hcu_yrd4":"8"}},
{"type":"Feature","geometry":{"type":"Point","coordinates":[-87.557215690613,41.666312008257]},"properties":{"id":"8fd03909-317e-4b6c-b8e9-f4c28b4c90b1","station_name":"Torrence Ave & 126th Pl","short_name":"CHI00841","total_docks":"15","docks_in_service":"15","status":"In Service","latitude":"41.6663120083","longitude":"-87.5572156906",":id":"row-9txq.hcqz_cyun",":version":"rv-3uuh.cpnh.5tnf",":created_at":"2025-07-31T11:04:45.959Z",":updated_at":"2025-07-31T11:04:51.603Z",":@computed_region_awaf_s7ux":"47",":@computed_region_6mkv_f3dw":"22250",":@computed_region_vrxf_vc4k":"52",":@computed_region_bdys_3d7i":"586",":@computed_region_43wa_7qmu":"47",":@computed_region_rpca_8um6":"26",":@computed_region_8hcu_yrd4":"6"}},
{"type":"Feature","geometry":{"type":"Point","coordinates":[-87.62264,41.89238]},"properties":{"id":"2134710117969748266","station_name":"St Clair St & Ohio St","short_name":"CHI02143","total_docks":"11","docks_in_service":"11","status":"In Service","latitude":"41.89238","longitude":"-87.62264",":id":"row-f3j7_3jdm-gw8m",":version":"rv-xjv3-8pti-33xh",":created_at":"2026-01-26T12:00:18.064Z",":updated_at":"2026-01-26T12:00:38.365Z",":@computed_region_awaf_s7ux":"22",":@computed_region_6mkv_f3dw":"21182",":@computed_region_vrxf_vc4k":"37",":@computed_region_bdys_3d7i":"159",":@computed_region_43wa_7qmu":"36",":@computed_region_rpca_8um6":"6",":@computed_region_8hcu_yrd4":"2"}},
{"type":"Feature","geometry":{"type":"Point","coordinates":[-87.635406,41.838464]},"properties":{"id":"a3ad1900-a135-11e9-9cda-0a87ae2ba916","station_name":"Shields Ave & 31st St","short_name":"CHI00556","total_docks":"19","docks_in_service":"19","status":"In Service","latitude":"41.838464","longitude":"-87.635406",":id":"row-qwd2~nr58-hk62",":version":"rv-9kr4.82jq.what",":created_at":"2026-01-16T12:00:19.805Z",":updated_at":"2026-01-16T12:00:24.264Z",":@computed_region_awaf_s7ux":"26",":@computed_region_6mkv_f3dw":"21194",":@computed_region_vrxf_vc4k":"35",":@computed_region_bdys_3d7i":"375",":@computed_region_43wa_7qmu":"48",":@computed_region_rpca_8um6":"40",":@computed_region_8hcu_yrd4":"7"}},
{"type":"Feature","geometry":{"type":"Point","coordinates":[-87.648089,41.886871]},"properties":{"id":"1789242536879942642","station_name":"Fulton Market","short_name":"CHI01880","total_docks":"30","docks_in_service":"30","status":"In Service","latitude":"41.886871","longitude":"-87.648089",":id":"row-kncr-hknq_kwva",":version":"rv-qc4z~tjwj~3mx3",":created_at":"2026-02-04T12:00:18.466Z",":updated_at":"2026-02-04T12:00:29.727Z",":@computed_region_awaf_s7ux":"41",":@computed_region_6mkv_f3dw":"14917",":@computed_region_vrxf_vc4k":"29",":@computed_region_bdys_3d7i":"63",":@computed_region_43wa_7qmu":"46",":@computed_region_rpca_8um6":"44",":@computed_region_8hcu_yrd4":"27"}},
{"type":"Feature","geometry":{"type":"Point","coordinates":[-87.680351,41.8897772]},"properties":{"id":"1591541115825893018","station_name":"Hubbard St Depot","short_name":null,"total_docks":"40","docks_in_service":"40","status":"In Service","latitude":"41.8897772","longitude":"-87.680351",":id":"row-bw4t-azzw_mjms",":version":"rv-ppdz.n38f.8a5d",":created_at":"2025-10-29T11:02:35.669Z",":updated_at":"2025-10-29T11:02:37.493Z",":@computed_region_awaf_s7ux":"10",":@computed_region_6mkv_f3dw":"21184",":@computed_region_vrxf_vc4k":"25",":@computed_region_bdys_3d7i":"547",":@computed_region_43wa_7qmu":"46",":@computed_region_rpca_8um6":"28",":@computed_region_8hcu_yrd4":"27"}},
{"type":"Feature","geometry":{"type":"Point","coordinates":[-87.6675239,41.7282338]},"properties":{"id":"f0f9f5dc-3d3f-4a32-aa3e-b87566e44de9","station_name":"Prospect Sq & 91st St","short_name":"CHI00740","total_docks":"15","docks_in_service":"15","status":"In Service","latitude":"41.7282338","longitude":"-87.6675239",":id":"row-757d-w277_676v",":version":"rv-77eg_wvhq_tkmq",":created_at":"2025-06-14T11:00:19.984Z",":updated_at":"2025-06-14T11:00:25.292Z",":@computed_region_awaf_s7ux":"33",":@computed_region_6mkv_f3dw":"22212",":@computed_region_vrxf_vc4k":"71",":@computed_region_bdys_3d7i":"627",":@computed_region_43wa_7qmu":"42",":@computed_region_rpca_8um6":"59",":@computed_region_8hcu_yrd4":"19"}},
{"type":"Feature","geometry":{"type":"Point","coordinates":[-87.668106,41.741192]},"properties":{"id":"1863873701095594368","station_name":"Wood St & 84th St","short_name":"CHI01781","total_docks":"15","docks_in_service":"15","status":"In Service","latitude":"41.741192","longitude":"-87.668106",":id":"row-usas-w4bj.fjgr",":version":"rv-4gib~pjic_9gt9",":created_at":"2025-06-14T11:00:19.984Z",":updated_at":"2025-06-14T11:00:25.292Z",":@computed_region_awaf_s7ux":"6",":@computed_region_6mkv_f3dw":"21554",":@computed_region_vrxf_vc4k":"70",":@computed_region_bdys_3d7i":"532",":@computed_region_43wa_7qmu":"13",":@computed_region_rpca_8um6":"59",":@computed_region_8hcu_yrd4":"18"}},
{"type":"Feature","geometry":{"type":"Point","coordinates":[-87.66206,41.89242]},"properties":{"id":"2119522369875669374","station_name":"Noble St & Ohio St","short_name":"CHI02103","total_docks":"15","docks_in_service":"15","status":"In Service","latitude":"41.89242","longitude":"-87.66206",":id":"row-jk58-f3mn.kcwm",":version":"rv-nz2u-97n6-4jv5",":created_at":"2026-02-13T12:00:20.003Z",":updated_at":"2026-02-13T12:00:25.322Z",":@computed_region_awaf_s7ux":"41",":@computed_region_6mkv_f3dw":"22620",":@computed_region_vrxf_vc4k":"25",":@computed_region_bdys_3d7i":"521",":@computed_region_43wa_7qmu":"41",":@computed_region_rpca_8um6":"49",":@computed_region_8hcu_yrd4":"1"}},
{"type":"Feature","geometry":{"type":"Point","coordinates":[-87.601252,41.73648]},"properties":{"id":"625e37ea-24ea-4f13-9a54-6322466ec521","station_name":"Dauphin Ave & 87th St","short_name":"CHI00881","total_docks":"15","docks_in_service":"15","status":"In Service","latitude":"41.73648","longitude":"-87.601252",":id":"row-dmu2-jd8t-w3rx",":version":"rv-5uwn-swt3_rxmv",":created_at":"2025-12-30T12:02:29.516Z",":updated_at":"2025-12-30T12:02:30.489Z",":@computed_region_awaf_s7ux":"9",":@computed_region_6mkv_f3dw":"21546",":@computed_region_vrxf_vc4k":"40",":@computed_region_bdys_3d7i":"429",":@computed_region_43wa_7qmu":"35",":@computed_region_rpca_8um6":"61",":@computed_region_8hcu_yrd4":"10"}},
{"type":"Feature","geometry":{"type":"Point","coordinates":[-87.669154,41.983593]},"properties":{"id":"a3af368c-a135-11e9-9cda-0a87ae2ba916","station_name":"Clark St & Bryn Mawr Ave","short_name":"CHI00608","total_docks":"15","docks_in_service":"15","status":"In Service","latitude":"41.983593","longitude":"-87.669154",":id":"row-xqir-szfn_3xwj",":version":"rv-ixhq_aj35-d3fz",":created_at":"2025-06-14T11:00:19.984Z",":updated_at":"2025-06-14T11:00:25.292Z",":@computed_region_awaf_s7ux":"46",":@computed_region_6mkv_f3dw":"4451",":@computed_region_vrxf_vc4k":"76",":@computed_region_bdys_3d7i":"538",":@computed_region_43wa_7qmu":"24",":@computed_region_rpca_8um6":"14",":@computed_region_8hcu_yrd4":"40"}},
{"type":"Feature","geometry":{"type":"Point","coordinates":[-87.7508698,41.9021077]},"properties":{"id":"1928792940289520096","station_name":"Lavergne Ave & Division St","short_name":"CHI00847","total_docks":"15","docks_in_service":"15","status":"In Service","latitude":"41.9021077","longitude":"-87.7508698",":id":"row-zgus~yvyw_hkkj",":version":"rv-ue9z.nkpu_tsxb",":created_at":"2026-01-16T12:00:19.805Z",":updated_at":"2026-01-16T12:00:24.264Z",":@computed_region_awaf_s7ux":"4",":@computed_region_6mkv_f3dw":"4299",":@computed_region_vrxf_vc4k":"26",":@computed_region_bdys_3d7i":"585",":@computed_region_43wa_7qmu":"45",":@computed_region_rpca_8um6":"5",":@computed_region_8hcu_yrd4":"37"}},
{"type":"Feature","geometry":{"type":"Point","coordinates":[-87.634088,41.743717]},"properties":{"id":"cec28069-2a36-48e1-bcec-2364b44834c4","station_name":"Stewart Ave & 83rd St","short_name":"CHI00830","total_docks":"15","docks_in_service":"15","status":"In Service","latitude":"41.743717","longitude":"-87.634088",":id":"row-vz53~aswj-3ihz",":version":"rv-vbxn-mpwm_bbw9",":created_at":"2026-01-03T12:02:28.849Z",":updated_at":"2026-01-03T12:02:30.581Z",":@computed_region_awaf_s7ux":"18",":@computed_region_6mkv_f3dw":"21554",":@computed_region_vrxf_vc4k":"40",":@computed_region_bdys_3d7i":"1",":@computed_region_43wa_7qmu":"13",":@computed_region_rpca_8um6":"59",":@computed_region_8hcu_yrd4":"4"}},
{"type":"Feature","geometry":{"type":"Point","coordinates":[-87.7717,41.94602]},"properties":{"id":"1929121887488481484","station_name":"Major Ave & Addison St","short_name":"CHI01791","total_docks":"11","docks_in_service":"11","status":"In Service","latitude":"41.94602","longitude":"-87.7717",":id":"row-d77r_ffzj.f96k",":version":"rv-p77k_drpz_k66h",":created_at":"2025-12-30T12:02:29.516Z",":updated_at":"2025-12-30T12:02:30.489Z",":@computed_region_awaf_s7ux":"25",":@computed_region_6mkv_f3dw":"22254",":@computed_region_vrxf_vc4k":"15",":@computed_region_bdys_3d7i":"311",":@computed_region_43wa_7qmu":"44",":@computed_region_rpca_8um6":"52",":@computed_region_8hcu_yrd4":"38"}},
{"type":"Feature","geometry":{"type":"Point","coordinates":[-87.617,41.842052]},"properties":{"id":"a3a859c4-a135-11e9-9cda-0a87ae2ba916","station_name":"MLK Jr Dr & 29th St","short_name":"CHI00386","total_docks":"19","docks_in_service":"19","status":"In Service","latitude":"41.842052","longitude":"-87.617",":id":"row-stni-ba84_6yrg",":version":"rv-h89m.pdh8_y5dd",":created_at":"2026-01-03T12:02:28.849Z",":updated_at":"2026-01-03T12:02:30.581Z",":@computed_region_awaf_s7ux":"1",":@computed_region_6mkv_f3dw":"21194",":@computed_region_vrxf_vc4k":"1",":@computed_region_bdys_3d7i":"560",":@computed_region_43wa_7qmu":"10",":@computed_region_rpca_8um6":"40",":@computed_region_8hcu_yrd4":"9"}},
{"type":"Feature","geometry":{"type":"Point","coordinates":[-87.642884,41.897764]},"properties":{"id":"a3a4591a-a135-11e9-9cda-0a87ae2ba916","station_name":"Larrabee St & Kingsbury St 1","short_name":"CHI00245","total_docks":"43","docks_in_service":"43","status":"In Service","latitude":"41.897764","longitude":"-87.642884",":id":"row-v4hf-37fx~tzei",":version":"rv-86ca~embe~6iti",":created_at":"2026-01-26T12:00:18.064Z",":updated_at":"2026-01-26T12:00:38.365Z",":@computed_region_awaf_s7ux":"41",":@computed_region_6mkv_f3dw":"14926",":@computed_region_vrxf_vc4k":"37",":@computed_region_bdys_3d7i":"617",":@computed_region_43wa_7qmu":"46",":@computed_region_rpca_8um6":"54",":@computed_region_8hcu_yrd4":"27"}},
{"type":"Feature","geometry":{"type":"Point","coordinates":[-87.6574349533,41.84163253965]},"properties":{"id":"a3ac7978-a135-11e9-9cda-0a87ae2ba916","station_name":"Loomis St & Archer Ave","short_name":"CHI00292","total_docks":"11","docks_in_service":"11","status":"In Service","latitude":"41.8416325396","longitude":"-87.6574349533",":id":"row-ncy9_9nwi~nc4m",":version":"rv-78rz.7que-jcf6",":created_at":"2026-01-30T12:02:27.964Z",":updated_at":"2026-01-30T12:02:29.655Z",":@computed_region_awaf_s7ux":"26",":@computed_region_6mkv_f3dw":"14920",":@computed_region_vrxf_vc4k":"58",":@computed_region_bdys_3d7i":"722",":@computed_region_43wa_7qmu":"48",":@computed_region_rpca_8um6":"43",":@computed_region_8hcu_yrd4":"7"}},
{"type":"Feature","geometry":{"type":"Point","coordinates":[-87.638888,41.922167]},"properties":{"id":"a3a61a0b-a135-11e9-9cda-0a87ae2ba916","station_name":"Sedgwick St & Webster Ave","short_name":"CHI00487","total_docks":"15","docks_in_service":"15","status":"In Service","latitude":"41.922167","longitude":"-87.638888",":id":"row-3ra7.dhid~i5nf",":version":"rv-7cx9-k4xw-875b",":created_at":"2026-01-03T12:02:28.849Z",":updated_at":"2026-01-03T12:02:30.581Z",":@computed_region_awaf_s7ux":"51",":@computed_region_6mkv_f3dw":"21190",":@computed_region_vrxf_vc4k":"68",":@computed_region_bdys_3d7i":"207",":@computed_region_43wa_7qmu":"34",":@computed_region_rpca_8um6":"16",":@computed_region_8hcu_yrd4":"43"}},
{"type":"Feature","geometry":{"type":"Point","coordinates":[-87.6601406209,41.98974251144]},"properties":{"id":"a3af2c5f-a135-11e9-9cda-0a87ae2ba916","station_name":"Broadway & Thorndale Ave","short_name":"CHI00571","total_docks":"19","docks_in_service":"19","status":"In Service","latitude":"41.9897425114","longitude":"-87.6601406209",":id":"row-me8t_mzpa_9yhr",":version":"rv-ffmx.3ve3-k6hd",":created_at":"2026-02-06T12:00:17.123Z",":updated_at":"2026-02-06T12:00:23.280Z",":@computed_region_awaf_s7ux":"40",":@computed_region_6mkv_f3dw":"4451",":@computed_region_vrxf_vc4k":"76",":@computed_region_bdys_3d7i":"13",":@computed_region_43wa_7qmu":"16",":@computed_region_rpca_8um6":"14",":@computed_region_8hcu_yrd4":"48"}},
{"type":"Feature","geometry":{"type":"Point","coordinates":[-87.736179,41.741966]},"properties":{"id":"1879441011318372516","station_name":"Scottsdale Park","short_name":"CHI01754","total_docks":"11","docks_in_service":"11","status":"In Service","latitude":"41.741966","longitude":"-87.736179",":id":"row-fmp3.e54j.zdai",":version":"rv-wxtf.2ds8~zgbd",":created_at":"2026-01-26T12:00:18.064Z",":updated_at":"2026-01-26T12:00:38.365Z",":@computed_region_awaf_s7ux":"6",":@computed_region_6mkv_f3dw":"4300",":@computed_region_vrxf_vc4k":"69",":@computed_region_bdys_3d7i":"197",":@computed_region_43wa_7qmu":"30",":@computed_region_rpca_8um6":"8",":@computed_region_8hcu_yrd4":"18"}},
{"type":"Feature","geometry":{"type":"Point","coordinates":[-87.6949685812,41.843679914577]},"properties":{"id":"a3ae687f-a135-11e9-9cda-0a87ae2ba916","station_name":"California Ave & 26th St","short_name":"CHI00662","total_docks":"11","docks_in_service":"11","status":"In Service","latitude":"41.8436799146","longitude":"-87.6949685812",":id":"row-w6t8-2rkk_8cet",":version":"rv-8a9k_t9kj~w9a6",":created_at":"2025-06-14T11:00:19.984Z",":updated_at":"2025-06-14T11:00:25.292Z",":@computed_region_awaf_s7ux":"29",":@computed_region_6mkv_f3dw":"14920",":@computed_region_vrxf_vc4k":"32",":@computed_region_bdys_3d7i":"124",":@computed_region_43wa_7qmu":"14",":@computed_region_rpca_8um6":"43",":@computed_region_8hcu_yrd4":"24"}},
{"type":"Feature","geometry":{"type":"Point","coordinates":[-87.690048,42.018901]},"properties":{"id":"a3b1050d-a135-11e9-9cda-0a87ae2ba916","station_name":"Western Ave & Howard St","short_name":"CHI00669","total_docks":"15","docks_in_service":"15","status":"In Service","latitude":"42.018901","longitude":"-87.690048",":id":"row-iw85_87ht_5vzz",":version":"rv-7s3b.4nfn~m32d",":created_at":"2026-02-01T12:02:27.698Z",":updated_at":"2026-02-01T12:02:33.986Z",":@computed_region_awaf_s7ux":"3",":@computed_region_6mkv_f3dw":"22528",":@computed_region_vrxf_vc4k":"20",":@computed_region_bdys_3d7i":"341",":@computed_region_43wa_7qmu":"5",":@computed_region_rpca_8um6":"12",":@computed_region_8hcu_yrd4":"49"}},
{"type":"Feature","geometry":{"type":"Point","coordinates":[-87.696704,41.900363]},"properties":{"id":"a3b3686c-a135-11e9-9cda-0a87ae2ba916","station_name":"California Ave & Cortez St","short_name":"CHI00700","total_docks":"15","docks_in_service":"15","status":"In Service","latitude":"41.900363","longitude":"-87.696704",":id":"row-qdv5.mwer.253h",":version":"rv-vweb~tm73_7fwc",":created_at":"2026-01-28T12:00:17.414Z",":updated_at":"2026-01-28T12:00:33.700Z",":@computed_region_awaf_s7ux":"24",":@computed_region_6mkv_f3dw":"21560",":@computed_region_vrxf_vc4k":"25",":@computed_region_bdys_3d7i":"543",":@computed_region_43wa_7qmu":"41",":@computed_region_rpca_8um6":"4",":@computed_region_8hcu_yrd4":"36"}},
{"type":"Feature","geometry":{"type":"Point","coordinates":[-87.71511733532,41.854063503874]},"properties":{"id":"a3adce47-a135-11e9-9cda-0a87ae2ba916","station_name":"Central Park Ave & Ogden Ave","short_name":"CHI00655","total_docks":"15","docks_in_service":"15","status":"In Service","latitude":"41.8540635039","longitude":"-87.7151173353",":id":"row-gj3u_qdfe_x3ei",":version":"rv-ddkk~i8b5_xau8",":created_at":"2025-12-03T12:04:38.555Z",":updated_at":"2025-12-03T12:04:44.334Z",":@computed_region_awaf_s7ux":"36",":@computed_region_6mkv_f3dw":"21569",":@computed_region_vrxf_vc4k":"30",":@computed_region_bdys_3d7i":"157",":@computed_region_43wa_7qmu":"14",":@computed_region_rpca_8um6":"57",":@computed_region_8hcu_yrd4":"24"}},
{"type":"Feature","geometry":{"type":"Point","coordinates":[-87.618616819382,41.890847040624]},"properties":{"id":"a3a3e67b-a135-11e9-9cda-0a87ae2ba916","station_name":"New St & Illinois St","short_name":"CHI00279","total_docks":"31","docks_in_service":"31","status":"In Service","latitude":"41.8908470406","longitude":"-87.6186168194",":id":"row-sxxb-snkm.kfhp",":version":"rv-7xpe-7fy7.rxre",":created_at":"2026-01-28T12:00:17.414Z",":updated_at":"2026-01-28T12:00:33.700Z",":@computed_region_awaf_s7ux":"22",":@computed_region_6mkv_f3dw":"21182",":@computed_region_vrxf_vc4k":"37",":@computed_region_bdys_3d7i":"159",":@computed_region_43wa_7qmu":"36",":@computed_region_rpca_8um6":"6",":@computed_region_8hcu_yrd4":"42"}},
{"type":"Feature","geometry":{"type":"Point","coordinates":[-87.681297361851,41.691211034981]},"properties":{"id":"b43a9764-2b1d-4fa0-a13f-7e05eddc7fcd","station_name":"Western Ave & 111th St","short_name":"CHI00872","total_docks":"23","docks_in_service":"23","status":"In Service","latitude":"41.691211035","longitude":"-87.6812973619",":id":"row-attb-ie3n.8un9",":version":"rv-ggae-bwsm~yiuz",":created_at":"2025-06-14T11:00:19.984Z",":updated_at":"2025-06-14T11:00:25.292Z",":@computed_region_awaf_s7ux":"33",":@computed_region_6mkv_f3dw":"22212",":@computed_region_vrxf_vc4k":"74",":@computed_region_bdys_3d7i":"379",":@computed_region_43wa_7qmu":"42",":@computed_region_rpca_8um6":"33",":@computed_region_8hcu_yrd4":"19"}},
{"type":"Feature","geometry":{"type":"Point","coordinates":[-87.72082,41.8042]},"properties":{"id":"1958859960485118844","station_name":"Archer Ave & 49th St","short_name":"CHI01969","total_docks":"15","docks_in_service":"15","status":"In Service","latitude":"41.8042","longitude":"-87.72082",":id":"row-6f94_3if2~pvyr",":version":"rv-2ue7_vquh.fj4u",":created_at":"2025-06-14T11:00:19.984Z",":updated_at":"2025-06-14T11:00:25.292Z",":@computed_region_awaf_s7ux":"49",":@computed_region_6mkv_f3dw":"22248",":@computed_region_vrxf_vc4k":"54",":@computed_region_bdys_3d7i":"698",":@computed_region_43wa_7qmu":"8",":@computed_region_rpca_8um6":"56",":@computed_region_8hcu_yrd4":"14"}},
{"type":"Feature","geometry":{"type":"Point","coordinates":[-87.66658,41.81399]},"properties":{"id":"a3b1efd6-a135-11e9-9cda-0a87ae2ba916","station_name":"Marshfield Ave & 44th St","short_name":"CHI01069","total_docks":"11","docks_in_service":"11","status":"In Service","latitude":"41.81399","longitude":"-87.66658",":id":"row-m9cs.pcid_vunf",":version":"rv-jxtu-6n4i~v472",":created_at":"2026-02-13T12:00:20.003Z",":updated_at":"2026-02-13T12:00:25.322Z",":@computed_region_awaf_s7ux":"29",":@computed_region_6mkv_f3dw":"14924",":@computed_region_vrxf_vc4k":"59",":@computed_region_bdys_3d7i":"706",":@computed_region_43wa_7qmu":"3",":@computed_region_rpca_8um6":"37",":@computed_region_8hcu_yrd4":"15"}},
{"type":"Feature","geometry":{"type":"Point","coordinates":[-87.7056392,41.7791655]},"properties":{"id":"1934290380966283526","station_name":"Spaulding Ave & 63rd","short_name":"CHI01927","total_docks":"15","docks_in_service":"15","status":"In Service","latitude":"41.7791655","longitude":"-87.7056392",":id":"row-xpjb_vtbe_ypv5",":version":"rv-xetb~4xu7.89xv",":created_at":"2025-06-14T11:00:19.984Z",":updated_at":"2025-06-14T11:00:25.292Z",":@computed_region_awaf_s7ux":"44",":@computed_region_6mkv_f3dw":"21867",":@computed_region_vrxf_vc4k":"64",":@computed_region_bdys_3d7i":"344",":@computed_region_43wa_7qmu":"6",":@computed_region_rpca_8um6":"58",":@computed_region_8hcu_yrd4":"14"}},
{"type":"Feature","geometry":{"type":"Point","coordinates":[-87.733598,41.902393]},"properties":{"id":"1927730149429352986","station_name":"Kildare Ave & Division St","short_name":"CHI00824","total_docks":"15","docks_in_service":"15","status":"In Service","latitude":"41.902393","longitude":"-87.733598",":id":"row-9kjp-wgc4~ddii",":version":"rv-hk34~qpgi-4nak",":created_at":"2025-06-14T11:00:19.984Z",":updated_at":"2025-06-14T11:00:25.292Z",":@computed_region_awaf_s7ux":"4",":@computed_region_6mkv_f3dw":"4299",":@computed_region_vrxf_vc4k":"24",":@computed_region_bdys_3d7i":"99",":@computed_region_43wa_7qmu":"45",":@computed_region_rpca_8um6":"5",":@computed_region_8hcu_yrd4":"37"}},
{"type":"Feature","geometry":{"type":"Point","coordinates":[-87.64879,41.91823]},"properties":{"id":"2122122162253046072","station_name":"Halsted St & Armitage Ave","short_name":"CHI02111","total_docks":"15","docks_in_service":"15","status":"In Service","latitude":"41.91823","longitude":"-87.64879",":id":"row-5qgf_5mzz_kx36",":version":"rv-nya9_jwuh.jsph",":created_at":"2026-01-26T12:00:18.064Z",":updated_at":"2026-01-26T12:00:38.365Z",":@computed_region_awaf_s7ux":"51",":@computed_region_6mkv_f3dw":"21190",":@computed_region_vrxf_vc4k":"68",":@computed_region_bdys_3d7i":"744",":@computed_region_43wa_7qmu":"34",":@computed_region_rpca_8um6":"16",":@computed_region_8hcu_yrd4":"43"}},
{"type":"Feature","geometry":{"type":"Point","coordinates":[-87.654759585857,41.97328682026]},"properties":{"id":"a3a57f6b-a135-11e9-9cda-0a87ae2ba916","station_name":"Sheridan Rd & Argyle St","short_name":"CHI00270","total_docks":"15","docks_in_service":"15","status":"In Service","latitude":"41.9732868203","longitude":"-87.6547595859",":id":"row-fnyq-gupr-zrky",":version":"rv-nusd_ff5m.2fqg",":created_at":"2025-11-08T12:00:16.933Z",":updated_at":"2025-11-08T12:00:19.587Z",":@computed_region_awaf_s7ux":"40",":@computed_region_6mkv_f3dw":"22616",":@computed_region_vrxf_vc4k":"31",":@computed_region_bdys_3d7i":"635",":@computed_region_43wa_7qmu":"16",":@computed_region_rpca_8um6":"15",":@computed_region_8hcu_yrd4":"48"}},
{"type":"Feature","geometry":{"type":"Point","coordinates":[-87.693121,41.764748]},"properties":{"id":"1861589903150238332","station_name":"California Ave & 71st St","short_name":"CHI01798","total_docks":"15","docks_in_service":"15","status":"In Service","latitude":"41.764748","longitude":"-87.693121",":id":"row-89vq~tx58.ruaq",":version":"rv-axzv_6tch.qe3b",":created_at":"2025-06-14T11:00:19.984Z",":updated_at":"2025-06-14T11:00:25.292Z",":@computed_region_awaf_s7ux":"6",":@computed_region_6mkv_f3dw":"21867",":@computed_region_vrxf_vc4k":"64",":@computed_region_bdys_3d7i":"383",":@computed_region_43wa_7qmu":"31",":@computed_region_rpca_8um6":"58",":@computed_region_8hcu_yrd4":"17"}},
{"type":"Feature","geometry":{"type":"Point","coordinates":[-87.607662677765,41.707250367782]},"properties":{"id":"4fcebf8a-b065-4cd1-a167-211a45ada30e","station_name":"Dauphin Ave & 103rd St","short_name":"CHI00753","total_docks":"15","docks_in_service":"15","status":"In Service","latitude":"41.7072503678","longitude":"-87.6076626778",":id":"row-8v9n_2nrv.6cpg",":version":"rv-xgfu~iv8c_tpmj",":created_at":"2025-06-14T11:00:19.984Z",":updated_at":"2025-06-14T11:00:25.292Z",":@computed_region_awaf_s7ux":"30",":@computed_region_6mkv_f3dw":"21861",":@computed_region_vrxf_vc4k":"45",":@computed_region_bdys_3d7i":"236",":@computed_region_43wa_7qmu":"43",":@computed_region_rpca_8um6":"19",":@computed_region_8hcu_yrd4":"11"}},
{"type":"Feature","geometry":{"type":"Point","coordinates":[-87.565211,41.75182]},"properties":{"id":"a3b28b4a-a135-11e9-9cda-0a87ae2ba916","station_name":"Phillips Ave & 79th St","short_name":"CHI00721","total_docks":"11","docks_in_service":"11","status":"In Service","latitude":"41.75182","longitude":"-87.565211",":id":"row-fdxv_j4aw~inru",":version":"rv-en5c-3fz6.n386",":created_at":"2026-01-30T12:02:27.964Z",":updated_at":"2026-01-30T12:02:29.655Z",":@computed_region_awaf_s7ux":"43",":@computed_region_6mkv_f3dw":"22538",":@computed_region_vrxf_vc4k":"39",":@computed_region_bdys_3d7i":"246",":@computed_region_43wa_7qmu":"37",":@computed_region_rpca_8um6":"24",":@computed_region_8hcu_yrd4":"5"}},
{"type":"Feature","geometry":{"type":"Point","coordinates":[-87.610001564026,41.69170975847]},"properties":{"id":"080ab938-2c1b-4fcf-a83d-74c5ae6ff305","station_name":"Cottage Grove Ave & 111th Pl","short_name":"CHI00842","total_docks":"15","docks_in_service":"15","status":"In Service","latitude":"41.6917097585","longitude":"-87.610001564",":id":"row-izzd_ffek_w6kj",":version":"rv-hrdh.5k2h.8nqt",":created_at":"2026-01-29T12:00:16.814Z",":updated_at":"2026-01-29T12:00:31.023Z",":@computed_region_awaf_s7ux":"30",":@computed_region_6mkv_f3dw":"21861",":@computed_region_vrxf_vc4k":"47",":@computed_region_bdys_3d7i":"601",":@computed_region_43wa_7qmu":"43",":@computed_region_rpca_8um6":"19",":@computed_region_8hcu_yrd4":"11"}},
{"type":"Feature","geometry":{"type":"Point","coordinates":[-87.674143910408,41.785861065132]},"properties":{"id":"a3b22d3d-a135-11e9-9cda-0a87ae2ba916","station_name":"Damen Ave & 59th St","short_name":"CHI00703","total_docks":"11","docks_in_service":"11","status":"In Service","latitude":"41.7858610651","longitude":"-87.6741439104",":id":"row-dr5d~nv6f_y4gc",":version":"rv-t4ke.mrpf-wgc8",":created_at":"2025-11-23T12:04:36.515Z",":updated_at":"2025-11-23T12:04:39.232Z",":@computed_region_awaf_s7ux":"44",":@computed_region_6mkv_f3dw":"22257",":@computed_region_vrxf_vc4k":"65",":@computed_region_bdys_3d7i":"274",":@computed_region_43wa_7qmu":"2",":@computed_region_rpca_8um6":"23",":@computed_region_8hcu_yrd4":"16"}},
{"type":"Feature","geometry":{"type":"Point","coordinates":[-87.71222,41.93266]},"properties":{"id":"2155618682032192194","station_name":"Milwaukee Ave & Diversey Ave","short_name":"CHI02177","total_docks":"11","docks_in_service":"11","status":"In Service","latitude":"41.93266","longitude":"-87.71222",":id":"row-sqfy_xpuz-nnww",":version":"rv-uz9c~irtj~npdp",":created_at":"2025-12-15T12:00:18.959Z",":updated_at":"2025-12-15T12:00:30.830Z",":@computed_region_awaf_s7ux":"15",":@computed_region_6mkv_f3dw":"21538",":@computed_region_vrxf_vc4k":"22",":@computed_region_bdys_3d7i":"55",":@computed_region_43wa_7qmu":"12",":@computed_region_rpca_8um6":"39",":@computed_region_8hcu_yrd4":"35"}},
{"type":"Feature","geometry":{"type":"Point","coordinates":[-87.530844211578,41.713709830356]},"properties":{"id":"391d5cd8-c87c-42f8-94df-823f94284005","station_name":"Calumet Park","short_name":"CHI00853","total_docks":"15","docks_in_service":"15","status":"In Service","latitude":"41.7137098304","longitude":"-87.5308442116",":id":"row-grar_4vfj.e5bz",":version":"rv-n7d6~3454.mcve",":created_at":"2025-08-27T11:02:38.027Z",":updated_at":"2025-08-27T11:02:38.361Z",":@computed_region_awaf_s7ux":"47",":@computed_region_6mkv_f3dw":"21202",":@computed_region_vrxf_vc4k":"49",":@computed_region_bdys_3d7i":"705",":@computed_region_43wa_7qmu":"47",":@computed_region_rpca_8um6":"25",":@computed_region_8hcu_yrd4":"6"}},
{"type":"Feature","geometry":{"type":"Point","coordinates":[-87.63879,41.87926]},"properties":{"id":"2178904806732191280","station_name":"Riverside Plaza & Adams St","short_name":"CHI02193","total_docks":"24","docks_in_service":"24","status":"In Service","latitude":"41.87926","longitude":"-87.63879",":id":"row-mj8t.5cqx-9tnu",":version":"rv-ty7c.trg2.pgd3",":created_at":"2026-01-29T12:00:16.814Z",":updated_at":"2026-01-29T12:00:31.023Z",":@computed_region_awaf_s7ux":"48",":@computed_region_6mkv_f3dw":"14914",":@computed_region_vrxf_vc4k":"29",":@computed_region_bdys_3d7i":"786",":@computed_region_43wa_7qmu":"36",":@computed_region_rpca_8um6":"46",":@computed_region_8hcu_yrd4":"42"}},
{"type":"Feature","geometry":{"type":"Point","coordinates":[-87.623041,41.867888]},"properties":{"id":"a3a945c0-a135-11e9-9cda-0a87ae2ba916","station_name":"Indiana Ave & Roosevelt Rd","short_name":"CHI00450","total_docks":"39","docks_in_service":"39","status":"In Service","latitude":"41.867888","longitude":"-87.623041",":id":"row-2wxh_k867~wtse",":version":"rv-tugw.zuxj~pkem",":created_at":"2026-02-13T12:00:20.003Z",":updated_at":"2026-02-13T12:00:25.322Z",":@computed_region_awaf_s7ux":"48",":@computed_region_6mkv_f3dw":"14913",":@computed_region_vrxf_vc4k":"38",":@computed_region_bdys_3d7i":"368",":@computed_region_43wa_7qmu":"10",":@computed_region_rpca_8um6":"35",":@computed_region_8hcu_yrd4":"9"}},
{"type":"Feature","geometry":{"type":"Point","coordinates":[-87.623961,41.86959]},"properties":{"id":"1862806445904101456","station_name":"Michigan Ave & 11th St","short_name":"CHI02025","total_docks":"39","docks_in_service":"39","status":"In Service","latitude":"41.86959","longitude":"-87.623961",":id":"row-7v92.fs87_vwre",":version":"rv-azb8~a6h3_74s7",":created_at":"2026-01-03T12:02:28.849Z",":updated_at":"2026-01-03T12:02:30.581Z",":@computed_region_awaf_s7ux":"48",":@computed_region_6mkv_f3dw":"14913",":@computed_region_vrxf_vc4k":"38",":@computed_region_bdys_3d7i":"368",":@computed_region_43wa_7qmu":"10",":@computed_region_rpca_8um6":"35",":@computed_region_8hcu_yrd4":"9"}},
{"type":"Feature","geometry":{"type":"Point","coordinates":[-87.65022,41.70704]},"properties":{"id":"2014856134756363200","station_name":"Aberdeen St & 103rd St","short_name":"CHI01976","total_docks":"16","docks_in_service":"16","status":"In Service","latitude":"41.70704","longitude":"-87.65022",":id":"row-aeua~nyi8_69em",":version":"rv-6th6.y7dv_cx56",":created_at":"2026-01-29T12:00:16.814Z",":updated_at":"2026-01-29T12:00:31.023Z",":@computed_region_awaf_s7ux":"45",":@computed_region_6mkv_f3dw":"22212",":@computed_region_vrxf_vc4k":"72",":@computed_region_bdys_3d7i":"594",":@computed_region_43wa_7qmu":"22",":@computed_region_rpca_8um6":"13",":@computed_region_8hcu_yrd4":"21"}},
{"type":"Feature","geometry":{"type":"Point","coordinates":[-87.689497,41.899578]},"properties":{"id":"2119523769644264352","station_name":"Campbell Ave & Augusta Blvd","short_name":"CHI02104","total_docks":"11","docks_in_service":"11","status":"In Service","latitude":"41.899578","longitude":"-87.689497",":id":"row-ry6v-4m9f~f6ew",":version":"rv-c8af.9juf_h87h",":created_at":"2025-12-09T12:00:16.990Z",":updated_at":"2025-12-09T12:00:24.068Z",":@computed_region_awaf_s7ux":"24",":@computed_region_6mkv_f3dw":"21560",":@computed_region_vrxf_vc4k":"25",":@computed_region_bdys_3d7i":"542",":@computed_region_43wa_7qmu":"49",":@computed_region_rpca_8um6":"4",":@computed_region_8hcu_yrd4":"36"}},
{"type":"Feature","geometry":{"type":"Point","coordinates":[-87.62585,41.81313]},"properties":{"id":"1963650659022207484","station_name":"State St & 45th St","short_name":"CHI02004","total_docks":"15","docks_in_service":"15","status":"In Service","latitude":"41.81313","longitude":"-87.62585",":id":"row-z668_vasy.45k6",":version":"rv-ez6r.54vn-y3b6",":created_at":"2025-06-14T11:00:19.984Z",":updated_at":"2025-06-14T11:00:25.292Z",":@computed_region_awaf_s7ux":"12",":@computed_region_6mkv_f3dw":"14924",":@computed_region_vrxf_vc4k":"4",":@computed_region_bdys_3d7i":"393",":@computed_region_43wa_7qmu":"9",":@computed_region_rpca_8um6":"36",":@computed_region_8hcu_yrd4":"8"}},
{"type":"Feature","geometry":{"type":"Point","coordinates":[-87.671966,41.889715]},"properties":{"id":"a3a9da3b-a135-11e9-9cda-0a87ae2ba916","station_name":"Wood St & Hubbard St","short_name":"CHI00499","total_docks":"19","docks_in_service":"19","status":"In Service","latitude":"41.889715","longitude":"-87.671966",":id":"row-t72m~i89t_6q55",":version":"rv-ght5_cq7a-z2mw",":created_at":"2025-06-14T11:00:19.984Z",":updated_at":"2025-06-14T11:00:25.292Z",":@computed_region_awaf_s7ux":"41",":@computed_region_6mkv_f3dw":"21560",":@computed_region_vrxf_vc4k":"25",":@computed_region_bdys_3d7i":"520",":@computed_region_43wa_7qmu":"46",":@computed_region_rpca_8um6":"4",":@computed_region_8hcu_yrd4":"27"}},
{"type":"Feature","geometry":{"type":"Point","coordinates":[-87.758544,41.927766]},"properties":{"id":"1872721624592814362","station_name":"Lockwood Ave & Wrightwood Ave","short_name":"CHI00813","total_docks":"15","docks_in_service":"15","status":"In Service","latitude":"41.927766","longitude":"-87.758544",":id":"row-iith-pn22_5igi",":version":"rv-w5ri_e8rz-mi4h",":created_at":"2025-06-14T11:00:19.984Z",":updated_at":"2025-06-14T11:00:25.292Z",":@computed_region_awaf_s7ux":"7",":@computed_region_6mkv_f3dw":"22615",":@computed_region_vrxf_vc4k":"19",":@computed_region_bdys_3d7i":"80",":@computed_region_43wa_7qmu":"17",":@computed_region_rpca_8um6":"2",":@computed_region_8hcu_yrd4":"31"}},
{"type":"Feature","geometry":{"type":"Point","coordinates":[-87.639474,41.870257]},"properties":{"id":"a3ad523f-a135-11e9-9cda-0a87ae2ba916","station_name":"Canal St & Taylor St","short_name":"CHI00532","total_docks":"15","docks_in_service":"15","status":"In Service","latitude":"41.870257","longitude":"-87.639474",":id":"row-wys7~mfry~jidf",":version":"rv-zynk-rfj4~ze9i",":created_at":"2025-06-14T11:00:19.984Z",":updated_at":"2025-06-14T11:00:25.292Z",":@computed_region_awaf_s7ux":"48",":@computed_region_6mkv_f3dw":"14917",":@computed_region_vrxf_vc4k":"29",":@computed_region_bdys_3d7i":"97",":@computed_region_43wa_7qmu":"26",":@computed_region_rpca_8um6":"44",":@computed_region_8hcu_yrd4":"28"}},
{"type":"Feature","geometry":{"type":"Point","coordinates":[-87.698051113,41.95216219326]},"properties":{"id":"a3afc347-a135-11e9-9cda-0a87ae2ba916","station_name":"California Ave & Byron St","short_name":"CHI00535","total_docks":"19","docks_in_service":"19","status":"In Service","latitude":"41.9521621933","longitude":"-87.698051113",":id":"row-rrfd_fjbz_v85h",":version":"rv-ytu4-md59-y422",":created_at":"2026-01-29T12:00:16.814Z",":updated_at":"2026-01-29T12:00:31.023Z",":@computed_region_awaf_s7ux":"2",":@computed_region_6mkv_f3dw":"21538",":@computed_region_vrxf_vc4k":"16",":@computed_region_bdys_3d7i":"372",":@computed_region_43wa_7qmu":"20",":@computed_region_rpca_8um6":"39",":@computed_region_8hcu_yrd4":"35"}},
{"type":"Feature","geometry":{"type":"Point","coordinates":[-87.7118306675,41.96835449363]},"properties":{"id":"a3af8123-a135-11e9-9cda-0a87ae2ba916","station_name":"Christiana Ave & Lawrence Ave","short_name":"CHI00302","total_docks":"15","docks_in_service":"15","status":"In Service","latitude":"41.9683544936","longitude":"-87.7118306675",":id":"row-epd8-k7k4~7vg8",":version":"rv-bbmc.m3hb_b3eq",":created_at":"2025-12-15T12:00:18.959Z",":updated_at":"2025-12-15T12:00:30.830Z",":@computed_region_awaf_s7ux":"2",":@computed_region_6mkv_f3dw":"21849",":@computed_region_vrxf_vc4k":"14",":@computed_region_bdys_3d7i":"118",":@computed_region_43wa_7qmu":"20",":@computed_region_rpca_8um6":"20",":@computed_region_8hcu_yrd4":"33"}},
{"type":"Feature","geometry":{"type":"Point","coordinates":[-87.74108,41.88042]},"properties":{"id":"a3b13836-a135-11e9-9cda-0a87ae2ba916","station_name":"Kenton Ave & Madison St","short_name":"CHI00678","total_docks":"11","docks_in_service":"11","status":"In Service","latitude":"41.88042","longitude":"-87.74108",":id":"row-cs3c.vjda.jusz",":version":"rv-4tix~mdnq.ew6t",":created_at":"2025-06-14T11:00:19.984Z",":updated_at":"2025-06-14T11:00:25.292Z",":@computed_region_awaf_s7ux":"11",":@computed_region_6mkv_f3dw":"22216",":@computed_region_vrxf_vc4k":"26",":@computed_region_bdys_3d7i":"69",":@computed_region_43wa_7qmu":"23",":@computed_region_rpca_8um6":"32",":@computed_region_8hcu_yrd4":"28"}},
{"type":"Feature","geometry":{"type":"Point","coordinates":[-87.55109757185,41.713317395477]},"properties":{"id":"2f5957e4-e83a-4d5a-b073-ec9422989315","station_name":"Commercial Ave & 100th St","short_name":"CHI00840","total_docks":"15","docks_in_service":"15","status":"In Service","latitude":"41.7133173955","longitude":"-87.5510975718",":id":"row-dq5n.753g.t52c",":version":"rv-s57b-i5mf_heqi",":created_at":"2025-06-14T11:00:19.984Z",":updated_at":"2025-06-14T11:00:25.292Z",":@computed_region_awaf_s7ux":"47",":@computed_region_6mkv_f3dw":"21202",":@computed_region_vrxf_vc4k":"48",":@computed_region_bdys_3d7i":"526",":@computed_region_43wa_7qmu":"47",":@computed_region_rpca_8um6":"25",":@computed_region_8hcu_yrd4":"6"}},
{"type":"Feature","geometry":{"type":"Point","coordinates":[-87.653833,41.928712]},"properties":{"id":"a3aa35a4-a135-11e9-9cda-0a87ae2ba916","station_name":"Sheffield Ave & Wrightwood Ave","short_name":"CHI00465","total_docks":"31","docks_in_service":"31","status":"In Service","latitude":"41.928712","longitude":"-87.653833",":id":"row-p6uj~4rtg~pufp",":version":"rv-zf8v.4jpm.yuqv",":created_at":"2026-01-26T12:00:18.064Z",":updated_at":"2026-01-26T12:00:38.365Z",":@computed_region_awaf_s7ux":"16",":@computed_region_6mkv_f3dw":"21190",":@computed_region_vrxf_vc4k":"68",":@computed_region_bdys_3d7i":"795",":@computed_region_43wa_7qmu":"34",":@computed_region_rpca_8um6":"16",":@computed_region_8hcu_yrd4":"43"}},
{"type":"Feature","geometry":{"type":"Point","coordinates":[-87.697167,41.910044]},"properties":{"id":"a3a9acc5-a135-11e9-9cda-0a87ae2ba916","station_name":"California Ave & North Ave","short_name":"CHI00268","total_docks":"11","docks_in_service":"11","status":"In Service","latitude":"41.910044","longitude":"-87.697167",":id":"row-bxji.5x9w~hc83",":version":"rv-5m6w_cr8i_7k22",":created_at":"2026-01-13T12:00:19.268Z",":updated_at":"2026-01-13T12:00:23.190Z",":@computed_region_awaf_s7ux":"10",":@computed_region_6mkv_f3dw":"22535",":@computed_region_vrxf_vc4k":"25",":@computed_region_bdys_3d7i":"301",":@computed_region_43wa_7qmu":"49",":@computed_region_rpca_8um6":"4",":@computed_region_8hcu_yrd4":"26"}},
{"type":"Feature","geometry":{"type":"Point","coordinates":[-87.6994,41.91396]},"properties":{"id":"2112108504264821720","station_name":"Francisco Ave & Bloomingdale Ave","short_name":"CHI02086","total_docks":"11","docks_in_service":"11","status":"In Service","latitude":"41.91396","longitude":"-87.6994",":id":"row-pzsu.c7dw~sj3i",":version":"rv-yz4h-vrgd_nx2v",":created_at":"2026-01-16T12:00:19.805Z",":updated_at":"2026-01-16T12:00:24.264Z",":@computed_region_awaf_s7ux":"15",":@computed_region_6mkv_f3dw":"22535",":@computed_region_vrxf_vc4k":"23",":@computed_region_bdys_3d7i":"350",":@computed_region_43wa_7qmu":"41",":@computed_region_rpca_8um6":"1",":@computed_region_8hcu_yrd4":"26"}},
{"type":"Feature","geometry":{"type":"Point","coordinates":[-87.73774,41.77114]},"properties":{"id":"1945195957167804800","station_name":"Knox Ave & Marquette Ave","short_name":"CHI01847","total_docks":"15","docks_in_service":"15","status":"In Service","latitude":"41.77114","longitude":"-87.73774",":id":"row-avsm_jdju_egsp",":version":"rv-wipg-syk2_dgxv",":created_at":"2026-02-13T12:00:20.003Z",":updated_at":"2026-02-13T12:00:25.322Z",":@computed_region_awaf_s7ux":"23",":@computed_region_6mkv_f3dw":"4300",":@computed_region_vrxf_vc4k":"63",":@computed_region_bdys_3d7i":"318",":@computed_region_43wa_7qmu":"15",":@computed_region_rpca_8um6":"58",":@computed_region_8hcu_yrd4":"23"}},
{"type":"Feature","geometry":{"type":"Point","coordinates":[-87.746619,41.872131]},"properties":{"id":"a3b13e66-a135-11e9-9cda-0a87ae2ba916","station_name":"Cicero Ave & Flournoy St","short_name":"CHI00543","total_docks":"11","docks_in_service":"11","status":"In Service","latitude":"41.872131","longitude":"-87.746619",":id":"row-v96t~ih6t.zkny",":version":"rv-264k~3dnb_2qpw",":created_at":"2025-06-14T11:00:19.984Z",":updated_at":"2025-06-14T11:00:25.292Z",":@computed_region_awaf_s7ux":"36",":@computed_region_6mkv_f3dw":"22216",":@computed_region_vrxf_vc4k":"26",":@computed_region_bdys_3d7i":"61",":@computed_region_43wa_7qmu":"7",":@computed_region_rpca_8um6":"32",":@computed_region_8hcu_yrd4":"29"}},
{"type":"Feature","geometry":{"type":"Point","coordinates":[-87.70751,41.75374]},"properties":{"id":"1945195755748241796","station_name":"Homan Ave & 77th St","short_name":"CHI01811","total_docks":"15","docks_in_service":"15","status":"In Service","latitude":"41.75374","longitude":"-87.70751",":id":"row-9x2h.fbwt~m39q",":version":"rv-nfcy-b3vx_p3gz",":created_at":"2025-06-14T11:00:19.984Z",":updated_at":"2025-06-14T11:00:25.292Z",":@computed_region_awaf_s7ux":"6",":@computed_region_6mkv_f3dw":"4300",":@computed_region_vrxf_vc4k":"69",":@computed_region_bdys_3d7i":"498",":@computed_region_43wa_7qmu":"30",":@computed_region_rpca_8um6":"8",":@computed_region_8hcu_yrd4":"18"}},
{"type":"Feature","geometry":{"type":"Point","coordinates":[-87.610710896988,41.658413151101]},"properties":{"id":"ce334dea-c5ba-45ca-a52d-39dc161683b0","station_name":"Eberhart Ave & 131st St","short_name":"CHI00864","total_docks":"15","docks_in_service":"15","status":"In Service","latitude":"41.6584131511","longitude":"-87.610710897",":id":"row-5h7u_fg8e.fc72",":version":"rv-45pu-zkgf-pcyh",":created_at":"2025-06-14T11:00:19.984Z",":updated_at":"2025-06-14T11:00:25.292Z",":@computed_region_awaf_s7ux":"30",":@computed_region_6mkv_f3dw":"4460",":@computed_region_vrxf_vc4k":"51",":@computed_region_bdys_3d7i":"9",":@computed_region_43wa_7qmu":"43",":@computed_region_rpca_8um6":"47",":@computed_region_8hcu_yrd4":"11"}},
{"type":"Feature","geometry":{"type":"Point","coordinates":[-87.59880065918,41.656665529674]},"properties":{"id":"6fd280b0-74de-4a89-947d-3be40afa079c","station_name":"Altgeld Gardens","short_name":"CHI00849","total_docks":"15","docks_in_service":"15","status":"In Service","latitude":"41.6566655297","longitude":"-87.5988006592",":id":"row-r8z2.jamj-ycv4",":version":"rv-5cnv.33n9~uv3m",":created_at":"2025-11-03T12:00:20.907Z",":updated_at":"2025-11-03T12:00:25.156Z",":@computed_region_awaf_s7ux":"30",":@computed_region_6mkv_f3dw":"4460",":@computed_region_vrxf_vc4k":"51",":@computed_region_bdys_3d7i":"10",":@computed_region_43wa_7qmu":"43",":@computed_region_rpca_8um6":"47",":@computed_region_8hcu_yrd4":"6"}},
{"type":"Feature","geometry":{"type":"Point","coordinates":[-87.62351,41.89766]},"properties":{"id":"a3a3e158-a135-11e9-9cda-0a87ae2ba916","station_name":"Michigan Ave & Pearson St","short_name":"CHI01751","total_docks":"23","docks_in_service":"23","status":"In Service","latitude":"41.89766","longitude":"-87.62351",":id":"row-cv4v_hmwq~6pkm",":version":"rv-cjga.dkdf_bwau",":created_at":"2026-01-30T12:02:27.964Z",":updated_at":"2026-01-30T12:02:29.655Z",":@computed_region_awaf_s7ux":"22",":@computed_region_6mkv_f3dw":"21182",":@computed_region_vrxf_vc4k":"37",":@computed_region_bdys_3d7i":"233",":@computed_region_43wa_7qmu":"11",":@computed_region_rpca_8um6":"6",":@computed_region_8hcu_yrd4":"2"}},
{"type":"Feature","geometry":{"type":"Point","coordinates":[-87.73837,41.997032]},"properties":{"id":"2139204594028635040","station_name":"Kostner Ave & Devon Ave","short_name":"CHI02150","total_docks":"15","docks_in_service":"15","status":"In Service","latitude":"41.997032","longitude":"-87.73837",":id":"row-yy9w~xea5_k5y7",":version":"rv-v4wb~uy7c-fb3q",":created_at":"2025-10-14T11:00:23.730Z",":updated_at":"2025-10-14T11:00:25.389Z",":@computed_region_awaf_s7ux":"28",":@computed_region_6mkv_f3dw":"22532",":@computed_region_vrxf_vc4k":"12",":@computed_region_bdys_3d7i":"713",":@computed_region_43wa_7qmu":"38",":@computed_region_rpca_8um6":"18",":@computed_region_8hcu_yrd4":"39"}},
{"type":"Feature","geometry":{"type":"Point","coordinates":[-87.622586488724,41.67064383688]},"properties":{"id":"34dc92b5-7cb7-4536-856b-46644d31b48c","station_name":"State St & 123rd St","short_name":"CHI00838","total_docks":"15","docks_in_service":"15","status":"In Service","latitude":"41.6706438369","longitude":"-87.6225864887",":id":"row-h2cc_2qit-raam",":version":"rv-7z7d~k27u-nx64",":created_at":"2025-06-14T11:00:19.984Z",":updated_at":"2025-06-14T11:00:25.292Z",":@computed_region_awaf_s7ux":"30",":@computed_region_6mkv_f3dw":"21861",":@computed_region_vrxf_vc4k":"50",":@computed_region_bdys_3d7i":"206",":@computed_region_43wa_7qmu":"43",":@computed_region_rpca_8um6":"19",":@computed_region_8hcu_yrd4":"11"}},
{"type":"Feature","geometry":{"type":"Point","coordinates":[-87.81915,41.93799]},"properties":{"id":"1982154088199745678","station_name":"Overhill Ave & Belmont Ave","short_name":"CHI01922","total_docks":"16","docks_in_service":"16","status":"In Service","latitude":"41.93799","longitude":"-87.81915",":id":"row-xgxr~5dng_wzh6",":version":"rv-8nd7-yqhb~jtrv",":created_at":"2025-06-14T11:00:19.984Z",":updated_at":"2025-06-14T11:00:25.292Z",":@computed_region_awaf_s7ux":"39",":@computed_region_6mkv_f3dw":"22254",":@computed_region_vrxf_vc4k":"17",":@computed_region_bdys_3d7i":"457",":@computed_region_43wa_7qmu":"19",":@computed_region_rpca_8um6":"52",":@computed_region_8hcu_yrd4":"38"}},
{"type":"Feature","geometry":{"type":"Point","coordinates":[-87.6602845349,41.9947796884]},"properties":{"id":"a3af1767-a135-11e9-9cda-0a87ae2ba916","station_name":"Broadway & Granville Ave","short_name":"CHI00563","total_docks":"23","docks_in_service":"23","status":"In Service","latitude":"41.9947796884","longitude":"-87.6602845349",":id":"row-kunr.kf9j-w3gz",":version":"rv-rkyp-86c5~xrwz",":created_at":"2026-01-03T12:02:28.849Z",":updated_at":"2026-01-03T12:02:30.581Z",":@computed_region_awaf_s7ux":"3",":@computed_region_6mkv_f3dw":"4451",":@computed_region_vrxf_vc4k":"76",":@computed_region_bdys_3d7i":"45",":@computed_region_43wa_7qmu":"16",":@computed_region_rpca_8um6":"14",":@computed_region_8hcu_yrd4":"48"}},
{"type":"Feature","geometry":{"type":"Point","coordinates":[-87.6547,41.88014]},"properties":{"id":"a3a4e4e3-a135-11e9-9cda-0a87ae2ba916","station_name":"Aberdeen St & Monroe St","short_name":"CHI00321","total_docks":"19","docks_in_service":"19","status":"In Service","latitude":"41.88014","longitude":"-87.6547",":id":"row-gdb6-qaz6_umgy",":version":"rv-mvmm_fast.dy5s",":created_at":"2026-01-26T12:00:18.064Z",":updated_at":"2026-01-26T12:00:38.365Z",":@computed_region_awaf_s7ux":"48",":@computed_region_6mkv_f3dw":"14917",":@computed_region_vrxf_vc4k":"29",":@computed_region_bdys_3d7i":"91",":@computed_region_43wa_7qmu":"26",":@computed_region_rpca_8um6":"44",":@computed_region_8hcu_yrd4":"34"}},
{"type":"Feature","geometry":{"type":"Point","coordinates":[-87.59842,41.77694]},"properties":{"id":"1965904499533560722","station_name":"University Ave & 65th St","short_name":"CHI01994","total_docks":"11","docks_in_service":"11","status":"In Service","latitude":"41.77694","longitude":"-87.59842",":id":"row-n63q-txzv_nwxf",":version":"rv-thzp.ndqr-kp7g",":created_at":"2026-01-30T12:02:27.964Z",":updated_at":"2026-01-30T12:02:29.655Z",":@computed_region_awaf_s7ux":"53",":@computed_region_6mkv_f3dw":"22260",":@computed_region_vrxf_vc4k":"9",":@computed_region_bdys_3d7i":"27",":@computed_region_43wa_7qmu":"4",":@computed_region_rpca_8um6":"60",":@computed_region_8hcu_yrd4":"20"}},
{"type":"Feature","geometry":{"type":"Point","coordinates":[-87.664302885532,42.019202501932]},"properties":{"id":"a3b0f0b6-a135-11e9-9cda-0a87ae2ba916","station_name":"Eastlake Ter & Howard St","short_name":"CHI01097","total_docks":"15","docks_in_service":"15","status":"In Service","latitude":"42.0192025019","longitude":"-87.6643028855",":id":"row-u5gw-k5aw-9yvi",":version":"rv-fjc2-52mk-i7qw",":created_at":"2026-01-04T12:02:37.701Z",":updated_at":"2026-01-04T12:02:43.041Z",":@computed_region_awaf_s7ux":"3",":@computed_region_6mkv_f3dw":"21853",":@computed_region_vrxf_vc4k":"10",":@computed_region_bdys_3d7i":"357",":@computed_region_43wa_7qmu":"5",":@computed_region_rpca_8um6":"9",":@computed_region_8hcu_yrd4":"49"}},
{"type":"Feature","geometry":{"type":"Point","coordinates":[-87.703007,41.772584]},"properties":{"id":"1859717449875884116","station_name":"Kedzie Ave & 66th Pl","short_name":"CHI01785","total_docks":"15","docks_in_service":"15","status":"In Service","latitude":"41.772584","longitude":"-87.703007",":id":"row-m2yf.rti5-nbrz",":version":"rv-krit~fpez~an55",":created_at":"2026-01-04T12:02:37.701Z",":updated_at":"2026-01-04T12:02:43.041Z",":@computed_region_awaf_s7ux":"44",":@computed_region_6mkv_f3dw":"21867",":@computed_region_vrxf_vc4k":"64",":@computed_region_bdys_3d7i":"293",":@computed_region_43wa_7qmu":"31",":@computed_region_rpca_8um6":"58",":@computed_region_8hcu_yrd4":"14"}},
{"type":"Feature","geometry":{"type":"Point","coordinates":[-87.6797485,41.8635164]},"properties":{"id":"1753333909108677614","station_name":"Hastings St Depot LWS","short_name":null,"total_docks":"32","docks_in_service":"32","status":"In Service","latitude":"41.8635164","longitude":"-87.6797485",":id":"row-um42_5c6f.jdgs",":version":"rv-gr6p.wvab-8sb9",":created_at":"2025-10-29T11:02:35.669Z",":updated_at":"2025-10-29T11:02:37.493Z",":@computed_region_awaf_s7ux":"48",":@computed_region_6mkv_f3dw":"14920",":@computed_region_vrxf_vc4k":"29",":@computed_region_bdys_3d7i":"96",":@computed_region_43wa_7qmu":"23",":@computed_region_rpca_8um6":"43",":@computed_region_8hcu_yrd4":"28"}},
{"type":"Feature","geometry":{"type":"Point","coordinates":[-87.67564,41.8492]},"properties":{"id":"1866476160171649058","station_name":"Damen Ave/Coulter St","short_name":"CHI00624","total_docks":"12","docks_in_service":"12","status":"In Service","latitude":"41.8492","longitude":"-87.67564",":id":"row-94c7-9vzq.9ngr",":version":"rv-qiws_d7js_vumg",":created_at":"2025-06-14T11:00:19.984Z",":updated_at":"2025-06-14T11:00:25.292Z",":@computed_region_awaf_s7ux":"8",":@computed_region_6mkv_f3dw":"14920",":@computed_region_vrxf_vc4k":"33",":@computed_region_bdys_3d7i":"126",":@computed_region_43wa_7qmu":"26",":@computed_region_rpca_8um6":"43",":@computed_region_8hcu_yrd4":"25"}},
{"type":"Feature","geometry":{"type":"Point","coordinates":[-87.586924,41.802406]},"properties":{"id":"a3ad61c2-a135-11e9-9cda-0a87ae2ba916","station_name":"Cornell Ave & Hyde Park Blvd","short_name":"CHI02034","total_docks":"19","docks_in_service":"19","status":"In Service","latitude":"41.802406","longitude":"-87.586924",":id":"row-32qf-nexd-zkgz",":version":"rv-nmzv-mvn8~gusm",":created_at":"2026-01-30T12:02:27.964Z",":updated_at":"2026-01-30T12:02:29.655Z",":@computed_region_awaf_s7ux":"1",":@computed_region_6mkv_f3dw":"21192",":@computed_region_vrxf_vc4k":"8",":@computed_region_bdys_3d7i":"405",":@computed_region_43wa_7qmu":"33",":@computed_region_rpca_8um6":"10",":@computed_region_8hcu_yrd4":"3"}},
{"type":"Feature","geometry":{"type":"Point","coordinates":[-87.6297463052,41.78007963264]},"properties":{"id":"a3acdae2-a135-11e9-9cda-0a87ae2ba916","station_name":"Wentworth Ave & 63rd St","short_name":"CHI00568","total_docks":"11","docks_in_service":"11","status":"In Service","latitude":"41.7800796326","longitude":"-87.6297463052",":id":"row-b7xv_e349_yxfj",":version":"rv-epsi_n8kj-d2hg",":created_at":"2025-06-14T11:00:19.984Z",":updated_at":"2025-06-14T11:00:25.292Z",":@computed_region_awaf_s7ux":"53",":@computed_region_6mkv_f3dw":"21559",":@computed_region_vrxf_vc4k":"66",":@computed_region_bdys_3d7i":"166",":@computed_region_43wa_7qmu":"4",":@computed_region_rpca_8um6":"11",":@computed_region_8hcu_yrd4":"20"}},
{"type":"Feature","geometry":{"type":"Point","coordinates":[-87.67493,41.88137]},"properties":{"id":"a3a7f0ba-a135-11e9-9cda-0a87ae2ba916","station_name":"Damen Ave & Madison St","short_name":"CHI00317","total_docks":"15","docks_in_service":"15","status":"In Service","latitude":"41.88137","longitude":"-87.67493",":id":"row-ycau~gx84-yd9e",":version":"rv-nezv~czpg_8vpp",":created_at":"2026-01-04T12:02:37.701Z",":updated_at":"2026-01-04T12:02:43.041Z",":@computed_region_awaf_s7ux":"41",":@computed_region_6mkv_f3dw":"21184",":@computed_region_vrxf_vc4k":"29",":@computed_region_bdys_3d7i":"90",":@computed_region_43wa_7qmu":"46",":@computed_region_rpca_8um6":"28",":@computed_region_8hcu_yrd4":"27"}},
{"type":"Feature","geometry":{"type":"Point","coordinates":[-87.669563,42.019537]},"properties":{"id":"a3b0eb93-a135-11e9-9cda-0a87ae2ba916","station_name":"Bosworth Ave & Howard St","short_name":"CHI00664","total_docks":"11","docks_in_service":"11","status":"In Service","latitude":"42.019537","longitude":"-87.669563",":id":"row-ii9a~6nx5-c3hc",":version":"rv-7ykw~swg8~j5ch",":created_at":"2025-12-06T12:04:38.347Z",":updated_at":"2025-12-06T12:04:39.251Z",":@computed_region_awaf_s7ux":"3",":@computed_region_6mkv_f3dw":"21853",":@computed_region_vrxf_vc4k":"10",":@computed_region_bdys_3d7i":"340",":@computed_region_43wa_7qmu":"5",":@computed_region_rpca_8um6":"9",":@computed_region_8hcu_yrd4":"49"}},
{"type":"Feature","geometry":{"type":"Point","coordinates":[-87.648755,41.913865]},"properties":{"id":"a3a81d33-a135-11e9-9cda-0a87ae2ba916","station_name":"Halsted St & Willow St","short_name":"CHI00407","total_docks":"19","docks_in_service":"18","status":"In Service","latitude":"41.913865","longitude":"-87.648755",":id":"row-4a77.rnd2-w4p8",":version":"rv-uj9s_4tkk_ffxv",":created_at":"2026-02-27T12:00:20.684Z",":updated_at":"2026-02-27T12:00:22.747Z",":@computed_region_awaf_s7ux":"51",":@computed_region_6mkv_f3dw":"21190",":@computed_region_vrxf_vc4k":"68",":@computed_region_bdys_3d7i":"168",":@computed_region_43wa_7qmu":"34",":@computed_region_rpca_8um6":"16",":@computed_region_8hcu_yrd4":"43"}},
{"type":"Feature","geometry":{"type":"Point","coordinates":[-87.6741117239,42.009011180581]},"properties":{"id":"a3adaf6b-a135-11e9-9cda-0a87ae2ba916","station_name":"Clark St & Lunt Ave","short_name":"CHI00642","total_docks":"19","docks_in_service":"19","status":"In Service","latitude":"42.0090111806","longitude":"-87.6741117239",":id":"row-xjht_ffqc-t5aa",":version":"rv-df35_4uzg.tck2",":created_at":"2026-02-07T12:00:25.760Z",":updated_at":"2026-02-07T12:00:30.878Z",":@computed_region_awaf_s7ux":"3",":@computed_region_6mkv_f3dw":"21853",":@computed_region_vrxf_vc4k":"10",":@computed_region_bdys_3d7i":"49",":@computed_region_43wa_7qmu":"5",":@computed_region_rpca_8um6":"9",":@computed_region_8hcu_yrd4":"49"}},
{"type":"Feature","geometry":{"type":"Point","coordinates":[-87.669435,41.9406]},"properties":{"id":"a3a5de24-a135-11e9-9cda-0a87ae2ba916","station_name":"Lincoln Ave & Melrose St","short_name":"CHI00477","total_docks":"15","docks_in_service":"15","status":"In Service","latitude":"41.9406","longitude":"-87.669435",":id":"row-apbz_guu3_g2uk",":version":"rv-5n6v_imvr_emtp",":created_at":"2026-01-21T12:00:27.028Z",":updated_at":"2026-01-21T12:00:32.257Z",":@computed_region_awaf_s7ux":"16",":@computed_region_6mkv_f3dw":"4449",":@computed_region_vrxf_vc4k":"57",":@computed_region_bdys_3d7i":"742",":@computed_region_43wa_7qmu":"18",":@computed_region_rpca_8um6":"22",":@computed_region_8hcu_yrd4":"32"}},
{"type":"Feature","geometry":{"type":"Point","coordinates":[-87.63734,41.76252]},"properties":{"id":"1955505344233296752","station_name":"Hamilton Park","short_name":"CHI01916","total_docks":"15","docks_in_service":"15","status":"In Service","latitude":"41.76252","longitude":"-87.63734",":id":"row-pgjw_7j3f-3u2z",":version":"rv-iu7f-e8jk.s2uw",":created_at":"2025-10-30T11:00:23.637Z",":updated_at":"2025-10-30T11:00:30.450Z",":@computed_region_awaf_s7ux":"17",":@computed_region_6mkv_f3dw":"21559",":@computed_region_vrxf_vc4k":"66",":@computed_region_bdys_3d7i":"511",":@computed_region_43wa_7qmu":"32",":@computed_region_rpca_8um6":"11",":@computed_region_8hcu_yrd4":"4"}},
{"type":"Feature","geometry":{"type":"Point","coordinates":[-87.5947779,41.7994549]},"properties":{"id":"a3aaa17b-a135-11e9-9cda-0a87ae2ba916","station_name":"Kimbark Ave & 53rd St","short_name":"CHI00490","total_docks":"19","docks_in_service":"19","status":"In Service","latitude":"41.7994549","longitude":"-87.5947779",":id":"row-e75b-z7ne-djyc",":version":"rv-z2mh_8i2m~3njd",":created_at":"2026-01-04T12:02:37.701Z",":updated_at":"2026-01-04T12:02:43.041Z",":@computed_region_awaf_s7ux":"1",":@computed_region_6mkv_f3dw":"21192",":@computed_region_vrxf_vc4k":"8",":@computed_region_bdys_3d7i":"499",":@computed_region_43wa_7qmu":"10",":@computed_region_rpca_8um6":"10",":@computed_region_8hcu_yrd4":"3"}},
{"type":"Feature","geometry":{"type":"Point","coordinates":[-87.77274,41.96788]},"properties":{"id":"1969236968943731106","station_name":"Menard Ave & Lawrence Ave","short_name":"CHI01910","total_docks":"16","docks_in_service":"16","status":"In Service","latitude":"41.96788","longitude":"-87.77274",":id":"row-8kn4~9y6t-4nnz",":version":"rv-jkby-4i7y_t4xu",":created_at":"2025-06-14T11:00:19.984Z",":updated_at":"2025-06-14T11:00:25.292Z",":@computed_region_awaf_s7ux":"20",":@computed_region_6mkv_f3dw":"21869",":@computed_region_vrxf_vc4k":"15",":@computed_region_bdys_3d7i":"94",":@computed_region_43wa_7qmu":"50",":@computed_region_rpca_8um6":"48",":@computed_region_8hcu_yrd4":"45"}},
{"type":"Feature","geometry":{"type":"Point","coordinates":[-87.686554,42.057044]},"properties":{"id":"a3b4963f-a135-11e9-9cda-0a87ae2ba916","station_name":"Evanston Civic Center","short_name":"CHI01222","total_docks":"15","docks_in_service":"15","status":"In Service","latitude":"42.057044","longitude":"-87.686554",":id":"row-rgzi~a9hp~8yby",":version":"rv-sd6s_mrfx~jkzu",":created_at":"2025-11-23T12:04:36.515Z",":updated_at":"2025-11-23T12:04:39.232Z",":@computed_region_awaf_s7ux":null,":@computed_region_6mkv_f3dw":"26293",":@computed_region_vrxf_vc4k":null,":@computed_region_bdys_3d7i":null,":@computed_region_43wa_7qmu":null,":@computed_region_rpca_8um6":null,":@computed_region_8hcu_yrd4":null}},
{"type":"Feature","geometry":{"type":"Point","coordinates":[-87.707322,41.921525]},"properties":{"id":"a3a9f76a-a135-11e9-9cda-0a87ae2ba916","station_name":"Kedzie Ave & Palmer Ct","short_name":"CHI00442","total_docks":"15","docks_in_service":"15","status":"In Service","latitude":"41.921525","longitude":"-87.707322",":id":"row-npu5~8vxr_8hyx",":version":"rv-qy6t-sfrh~z2rm",":created_at":"2026-01-04T12:02:37.701Z",":updated_at":"2026-01-04T12:02:43.041Z",":@computed_region_awaf_s7ux":"10",":@computed_region_6mkv_f3dw":"22535",":@computed_region_vrxf_vc4k":"23",":@computed_region_bdys_3d7i":"321",":@computed_region_43wa_7qmu":"40",":@computed_region_rpca_8um6":"1",":@computed_region_8hcu_yrd4":"35"}},
{"type":"Feature","geometry":{"type":"Point","coordinates":[-87.70891,42.01303]},"properties":{"id":"1962563227519515280","station_name":"North Boundary Park","short_name":"CHI01820","total_docks":"15","docks_in_service":"15","status":"In Service","latitude":"42.01303","longitude":"-87.70891",":id":"row-zy5q-t7iq~66za",":version":"rv-u69j_9c5y~gv5c",":created_at":"2025-06-14T11:00:19.984Z",":updated_at":"2025-06-14T11:00:25.292Z",":@computed_region_awaf_s7ux":"42",":@computed_region_6mkv_f3dw":"22528",":@computed_region_vrxf_vc4k":"20",":@computed_region_bdys_3d7i":"359",":@computed_region_43wa_7qmu":"27",":@computed_region_rpca_8um6":"12",":@computed_region_8hcu_yrd4":"50"}},
{"type":"Feature","geometry":{"type":"Point","coordinates":[-87.608295679092,41.718963421655]},"properties":{"id":"9e5ce0b6-198f-48fa-9363-64ab5ec2b222","station_name":"Chicago State University","short_name":"CHI00767","total_docks":"23","docks_in_service":"23","status":"In Service","latitude":"41.7189634217","longitude":"-87.6082956791",":id":"row-x9iu_gids.k46e",":version":"rv-nd8j~aeh6.9sny",":created_at":"2025-06-14T11:00:19.984Z",":updated_at":"2025-06-14T11:00:25.292Z",":@computed_region_awaf_s7ux":"31",":@computed_region_6mkv_f3dw":"21861",":@computed_region_vrxf_vc4k":"45",":@computed_region_bdys_3d7i":"567",":@computed_region_43wa_7qmu":"43",":@computed_region_rpca_8um6":"19",":@computed_region_8hcu_yrd4":"10"}},
{"type":"Feature","geometry":{"type":"Point","coordinates":[-87.580715,41.795212]},"properties":{"id":"a3a88f84-a135-11e9-9cda-0a87ae2ba916","station_name":"Shore Dr & 55th St","short_name":"CHI00394","total_docks":"19","docks_in_service":"19","status":"In Service","latitude":"41.795212","longitude":"-87.580715",":id":"row-23eb.k4fh_dj24",":version":"rv-yypr.4enz-k72n",":created_at":"2025-06-14T11:00:19.984Z",":updated_at":"2025-06-14T11:00:25.292Z",":@computed_region_awaf_s7ux":"32",":@computed_region_6mkv_f3dw":"21192",":@computed_region_vrxf_vc4k":"8",":@computed_region_bdys_3d7i":"502",":@computed_region_43wa_7qmu":"33",":@computed_region_rpca_8um6":"60",":@computed_region_8hcu_yrd4":"3"}},
{"type":"Feature","geometry":{"type":"Point","coordinates":[-87.6175165471,41.88634906269]},"properties":{"id":"a3a3888b-a135-11e9-9cda-0a87ae2ba916","station_name":"Field Blvd & South Water St","short_name":"CHI00383","total_docks":"19","docks_in_service":"19","status":"In Service","latitude":"41.8863490627","longitude":"-87.6175165471",":id":"row-8r6a~fud2~3cdi",":version":"rv-ajsm_piva_yrig",":created_at":"2026-02-23T12:02:30.864Z",":updated_at":"2026-02-23T12:02:32.839Z",":@computed_region_awaf_s7ux":"22",":@computed_region_6mkv_f3dw":"14309",":@computed_region_vrxf_vc4k":"38",":@computed_region_bdys_3d7i":"580",":@computed_region_43wa_7qmu":"36",":@computed_region_rpca_8um6":"42",":@computed_region_8hcu_yrd4":"42"}},
{"type":"Feature","geometry":{"type":"Point","coordinates":[-87.66888,41.91218]},"properties":{"id":"2142960538272023440","station_name":"Marshfield Ave & Wabansia Ave","short_name":"CHI02160","total_docks":"15","docks_in_service":"15","status":"In Service","latitude":"41.91218","longitude":"-87.66888",":id":"row-piia.arek_5jgs",":version":"rv-x5m6.guqy_jyzi",":created_at":"2025-11-30T12:02:28.087Z",":updated_at":"2025-11-30T12:02:32.237Z",":@computed_region_awaf_s7ux":"24",":@computed_region_6mkv_f3dw":"21560",":@computed_region_vrxf_vc4k":"25",":@computed_region_bdys_3d7i":"437",":@computed_region_43wa_7qmu":"40",":@computed_region_rpca_8um6":"4",":@computed_region_8hcu_yrd4":"32"}},
{"type":"Feature","geometry":{"type":"Point","coordinates":[-87.677821,42.050491]},"properties":{"id":"a3b305e7-a135-11e9-9cda-0a87ae2ba916","station_name":"Chicago Ave & Sheridan Rd","short_name":"CHI02043","total_docks":"15","docks_in_service":"15","status":"In Service","latitude":"42.050491","longitude":"-87.677821",":id":"row-3qb8.f9ve_ps75",":version":"rv-bmty.pqmx~as6n",":created_at":"2026-02-23T12:02:30.864Z",":updated_at":"2026-02-23T12:02:32.839Z",":@computed_region_awaf_s7ux":null,":@computed_region_6mkv_f3dw":"26293",":@computed_region_vrxf_vc4k":null,":@computed_region_bdys_3d7i":null,":@computed_region_43wa_7qmu":null,":@computed_region_rpca_8um6":null,":@computed_region_8hcu_yrd4":null}},
{"type":"Feature","geometry":{"type":"Point","coordinates":[-87.730409,41.967947]},"properties":{"id":"1867617341378224632","station_name":"Karlov Ave & Lawrence Ave","short_name":"CHI01800","total_docks":"15","docks_in_service":"15","status":"In Service","latitude":"41.967947","longitude":"-87.730409",":id":"row-yib4_uawq.rg4y",":version":"rv-kges.2kbs_9nnr",":created_at":"2025-06-14T11:00:19.984Z",":updated_at":"2025-06-14T11:00:25.292Z",":@computed_region_awaf_s7ux":"28",":@computed_region_6mkv_f3dw":"21869",":@computed_region_vrxf_vc4k":"14",":@computed_region_bdys_3d7i":"257",":@computed_region_43wa_7qmu":"38",":@computed_region_rpca_8um6":"48",":@computed_region_8hcu_yrd4":"39"}},
{"type":"Feature","geometry":{"type":"Point","coordinates":[-87.7066499009,41.94524356848]},"properties":{"id":"a3afd294-a135-11e9-9cda-0a87ae2ba916","station_name":"Troy St & Elston Ave","short_name":"CHI00570","total_docks":"15","docks_in_service":"15","status":"In Service","latitude":"41.9452435685","longitude":"-87.7066499009",":id":"row-dwva~aciw-828r",":version":"rv-k4dz~vrsa.9twb",":created_at":"2026-01-08T12:00:18.555Z",":updated_at":"2026-01-08T12:00:22.540Z",":@computed_region_awaf_s7ux":"2",":@computed_region_6mkv_f3dw":"21538",":@computed_region_vrxf_vc4k":"22",":@computed_region_bdys_3d7i":"425",":@computed_region_43wa_7qmu":"20",":@computed_region_rpca_8um6":"39",":@computed_region_8hcu_yrd4":"33"}},
{"type":"Feature","geometry":{"type":"Point","coordinates":[-87.677725,42.016977]},"properties":{"id":"a3b0e141-a135-11e9-9cda-0a87ae2ba916","station_name":"Wolcott Ave & Fargo Ave","short_name":"CHI01266","total_docks":"11","docks_in_service":"11","status":"In Service","latitude":"42.016977","longitude":"-87.677725",":id":"row-9wh8~ysx5.acmn",":version":"rv-5xz3~h4y6-yzj8",":created_at":"2026-01-30T12:02:27.964Z",":updated_at":"2026-01-30T12:02:29.655Z",":@computed_region_awaf_s7ux":"3",":@computed_region_6mkv_f3dw":"21853",":@computed_region_vrxf_vc4k":"10",":@computed_region_bdys_3d7i":"52",":@computed_region_43wa_7qmu":"5",":@computed_region_rpca_8um6":"9",":@computed_region_8hcu_yrd4":"49"}},
{"type":"Feature","geometry":{"type":"Point","coordinates":[-87.764499,41.872993]},"properties":{"id":"a3b1c47b-a135-11e9-9cda-0a87ae2ba916","station_name":"Central Ave & Harrison St","short_name":"CHI00594","total_docks":"11","docks_in_service":"11","status":"In Service","latitude":"41.872993","longitude":"-87.764499",":id":"row-biyy_azz2-bfrs",":version":"rv-7ugi_vthm~haqf",":created_at":"2026-01-04T12:02:37.701Z",":updated_at":"2026-01-04T12:02:43.041Z",":@computed_region_awaf_s7ux":"52",":@computed_region_6mkv_f3dw":"22216",":@computed_region_vrxf_vc4k":"26",":@computed_region_bdys_3d7i":"68",":@computed_region_43wa_7qmu":"7",":@computed_region_rpca_8um6":"32",":@computed_region_8hcu_yrd4":"29"}},
{"type":"Feature","geometry":{"type":"Point","coordinates":[-87.647071,41.864883]},"properties":{"id":"a3a9cafa-a135-11e9-9cda-0a87ae2ba916","station_name":"Halsted St & Maxwell St","short_name":"CHI00437","total_docks":"15","docks_in_service":"15","status":"In Service","latitude":"41.864883","longitude":"-87.647071",":id":"row-g3nd.ecr8_84nm",":version":"rv-im55-8mrd.kiwx",":created_at":"2026-01-13T12:00:19.268Z",":updated_at":"2026-01-13T12:00:23.190Z",":@computed_region_awaf_s7ux":"8",":@computed_region_6mkv_f3dw":"14917",":@computed_region_vrxf_vc4k":"29",":@computed_region_bdys_3d7i":"97",":@computed_region_43wa_7qmu":"48",":@computed_region_rpca_8um6":"43",":@computed_region_8hcu_yrd4":"28"}},
{"type":"Feature","geometry":{"type":"Point","coordinates":[-87.652705,41.932418]},"properties":{"id":"d53ae727-5265-4b8e-a6ca-2a36dc0345c4","station_name":"Wilton Ave & Diversey Pkwy*","short_name":"CHI02052","total_docks":"32","docks_in_service":"32","status":"In Service","latitude":"41.932418","longitude":"-87.652705",":id":"row-83ze-9b4d~aye2",":version":"rv-z2pp~8pjc.8jv7",":created_at":"2026-02-27T12:00:20.684Z",":updated_at":"2026-02-27T12:00:22.747Z",":@computed_region_awaf_s7ux":"51",":@computed_region_6mkv_f3dw":"21190",":@computed_region_vrxf_vc4k":"68",":@computed_region_bdys_3d7i":"769",":@computed_region_43wa_7qmu":"34",":@computed_region_rpca_8um6":"16",":@computed_region_8hcu_yrd4":"43"}},
{"type":"Feature","geometry":{"type":"Point","coordinates":[-87.658139,41.965221]},"properties":{"id":"a3aa0699-a135-11e9-9cda-0a87ae2ba916","station_name":"Broadway & Wilson Ave","short_name":"CHI00272","total_docks":"23","docks_in_service":"23","status":"In Service","latitude":"41.965221","longitude":"-87.658139",":id":"row-9r3r_dj6c~z7ez",":version":"rv-c4xq.tryq-42wx",":created_at":"2025-10-13T11:00:16.496Z",":updated_at":"2025-10-13T11:00:22.480Z",":@computed_region_awaf_s7ux":"37",":@computed_region_6mkv_f3dw":"22616",":@computed_region_vrxf_vc4k":"31",":@computed_region_bdys_3d7i":"241",":@computed_region_43wa_7qmu":"39",":@computed_region_rpca_8um6":"15",":@computed_region_8hcu_yrd4":"46"}},
{"type":"Feature","geometry":{"type":"Point","coordinates":[-87.663975,41.944019]},"properties":{"id":"1436495115557663136","station_name":"Southport Ave & Newport Ave Public Rack","short_name":null,"total_docks":"10","docks_in_service":"10","status":"In Service","latitude":"41.944019","longitude":"-87.663975",":id":"row-hrx6_htgr~6wnv",":version":"rv-d4ux~undr.3jzj",":created_at":"2026-01-08T12:00:18.555Z",":updated_at":"2026-01-08T12:00:22.540Z",":@computed_region_awaf_s7ux":"38",":@computed_region_6mkv_f3dw":"4449",":@computed_region_vrxf_vc4k":"57",":@computed_region_bdys_3d7i":"239",":@computed_region_43wa_7qmu":"25",":@computed_region_rpca_8um6":"22",":@computed_region_8hcu_yrd4":"44"}},
{"type":"Feature","geometry":{"type":"Point","coordinates":[-87.64973,41.88896]},"properties":{"id":"2116941558607507816","station_name":"Peoria St & Kinzie St","short_name":"CHI02098","total_docks":"19","docks_in_service":"19","status":"In Service","latitude":"41.88896","longitude":"-87.64973",":id":"row-tpyz.hwax~kzfy",":version":"rv-weaj-tr8d_527f",":created_at":"2026-01-26T12:00:18.064Z",":updated_at":"2026-01-26T12:00:38.365Z",":@computed_region_awaf_s7ux":"41",":@computed_region_6mkv_f3dw":"14917",":@computed_region_vrxf_vc4k":"29",":@computed_region_bdys_3d7i":"63",":@computed_region_43wa_7qmu":"46",":@computed_region_rpca_8um6":"44",":@computed_region_8hcu_yrd4":"27"}},
{"type":"Feature","geometry":{"type":"Point","coordinates":[-87.55692,41.7226]},"properties":{"id":"1976680841729198100","station_name":"Manistee Ave & 95th St","short_name":"CHI01951","total_docks":"16","docks_in_service":"16","status":"In Service","latitude":"41.7226","longitude":"-87.55692",":id":"row-44aj-6xv9.gvz8",":version":"rv-3zex~qy27-3nt2",":created_at":"2025-06-14T11:00:19.984Z",":updated_at":"2025-06-14T11:00:25.292Z",":@computed_region_awaf_s7ux":"47",":@computed_region_6mkv_f3dw":"21202",":@computed_region_vrxf_vc4k":"48",":@computed_region_bdys_3d7i":"527",":@computed_region_43wa_7qmu":"47",":@computed_region_rpca_8um6":"25",":@computed_region_8hcu_yrd4":"6"}},
{"type":"Feature","geometry":{"type":"Point","coordinates":[-87.721907,41.740407]},"properties":{"id":"1872722290312745226","station_name":"Pulaski Rd & 84th St","short_name":"CHI01753","total_docks":"15","docks_in_service":"15","status":"In Service","latitude":"41.740407","longitude":"-87.721907",":id":"row-r7sv_rhrp_ysna",":version":"rv-wbfm-37h4.26w4",":created_at":"2025-06-14T11:00:19.984Z",":updated_at":"2025-06-14T11:00:25.292Z",":@computed_region_awaf_s7ux":"6",":@computed_region_6mkv_f3dw":"4300",":@computed_region_vrxf_vc4k":"69",":@computed_region_bdys_3d7i":"197",":@computed_region_43wa_7qmu":"30",":@computed_region_rpca_8um6":"8",":@computed_region_8hcu_yrd4":"18"}},
{"type":"Feature","geometry":{"type":"Point","coordinates":[-87.76166,41.93833]},"properties":{"id":"1936582264492460636","station_name":"Long Ave & Belmont Ave","short_name":"CHI00811","total_docks":"15","docks_in_service":"15","status":"In Service","latitude":"41.93833","longitude":"-87.76166",":id":"row-x6dm_uvaq-4jhq",":version":"rv-vsm3~9u4g.3bii",":created_at":"2026-01-04T12:02:37.701Z",":updated_at":"2026-01-04T12:02:43.041Z",":@computed_region_awaf_s7ux":"27",":@computed_region_6mkv_f3dw":"22618",":@computed_region_vrxf_vc4k":"19",":@computed_region_bdys_3d7i":"303",":@computed_region_43wa_7qmu":"17",":@computed_region_rpca_8um6":"21",":@computed_region_8hcu_yrd4":"31"}},
{"type":"Feature","geometry":{"type":"Point","coordinates":[-87.74636,41.93515]},"properties":{"id":"1952605912741636714","station_name":"Cicero Ave & Wellington Ave","short_name":"CHI01864","total_docks":"15","docks_in_service":"15","status":"In Service","latitude":"41.93515","longitude":"-87.74636",":id":"row-yfce~ec8e.j4qh",":version":"rv-pqu4-szde~ss6j",":created_at":"2026-01-08T12:00:18.555Z",":updated_at":"2026-01-08T12:00:22.540Z",":@computed_region_awaf_s7ux":"7",":@computed_region_6mkv_f3dw":"22618",":@computed_region_vrxf_vc4k":"19",":@computed_region_bdys_3d7i":"460",":@computed_region_43wa_7qmu":"17",":@computed_region_rpca_8um6":"21",":@computed_region_8hcu_yrd4":"31"}},
{"type":"Feature","geometry":{"type":"Point","coordinates":[-87.633516490459,41.872731542263]},"properties":{"id":"a3a72fc4-a135-11e9-9cda-0a87ae2ba916","station_name":"Wells St & Polk St","short_name":"CHI00606","total_docks":"19","docks_in_service":"19","status":"In Service","latitude":"41.8727315423","longitude":"-87.6335164905",":id":"row-uyz3_veaa_qr7p",":version":"rv-t33z-ijnm~pfv4",":created_at":"2026-02-23T12:02:30.864Z",":updated_at":"2026-02-23T12:02:32.839Z",":@computed_region_awaf_s7ux":"48",":@computed_region_6mkv_f3dw":"14917",":@computed_region_vrxf_vc4k":"38",":@computed_region_bdys_3d7i":"12",":@computed_region_43wa_7qmu":"26",":@computed_region_rpca_8um6":"35",":@computed_region_8hcu_yrd4":"34"}},
{"type":"Feature","geometry":{"type":"Point","coordinates":[-87.58748,41.79161]},"properties":{"id":"a3ac0fff-a135-11e9-9cda-0a87ae2ba916","station_name":"Lake Park Ave & 56th St","short_name":"CHI00511","total_docks":"19","docks_in_service":"19","status":"In Service","latitude":"41.79161","longitude":"-87.58748",":id":"row-qt44_9spi-6cw8",":version":"rv-yyrr-n39n.h5hd",":created_at":"2026-01-30T12:02:27.964Z",":updated_at":"2026-01-30T12:02:29.655Z",":@computed_region_awaf_s7ux":"32",":@computed_region_6mkv_f3dw":"22260",":@computed_region_vrxf_vc4k":"8",":@computed_region_bdys_3d7i":"502",":@computed_region_43wa_7qmu":"33",":@computed_region_rpca_8um6":"60",":@computed_region_8hcu_yrd4":"3"}},
{"type":"Feature","geometry":{"type":"Point","coordinates":[-87.78648,41.94012]},"properties":{"id":"2189712357764865178","station_name":"Narragansett Ave & School St","short_name":"CHI02212","total_docks":"8","docks_in_service":"8","status":"In Service","latitude":"41.94012","longitude":"-87.78648",":id":"row-tqgg-5i7w~nt4w",":version":"rv-vnwh_7ybr.gcpn",":created_at":"2026-02-27T12:00:20.684Z",":updated_at":"2026-02-27T12:00:22.747Z",":@computed_region_awaf_s7ux":"39",":@computed_region_6mkv_f3dw":"22254",":@computed_region_vrxf_vc4k":"17",":@computed_region_bdys_3d7i":"396",":@computed_region_43wa_7qmu":"44",":@computed_region_rpca_8um6":"52",":@computed_region_8hcu_yrd4":"36"}},
{"type":"Feature","geometry":{"type":"Point","coordinates":[-87.667290866375,41.967087839184]},"properties":{"id":"a3aab5c1-a135-11e9-9cda-0a87ae2ba916","station_name":"Clark St & Leland Ave","short_name":"CHI00461","total_docks":"19","docks_in_service":"19","status":"In Service","latitude":"41.9670878392","longitude":"-87.6672908664",":id":"row-wd5g_4igm~xvrk",":version":"rv-ps6r~aiaj_a45u",":created_at":"2026-01-28T12:00:17.414Z",":updated_at":"2026-01-28T12:00:33.700Z",":@computed_region_awaf_s7ux":"13",":@computed_region_6mkv_f3dw":"22616",":@computed_region_vrxf_vc4k":"31",":@computed_region_bdys_3d7i":"559",":@computed_region_43wa_7qmu":"18",":@computed_region_rpca_8um6":"15",":@computed_region_8hcu_yrd4":"47"}},
{"type":"Feature","geometry":{"type":"Point","coordinates":[-87.549700140953,41.728204215358]},"properties":{"id":"b09832de-1c8e-4b92-bd72-bd98dc80b92c","station_name":"Houston Ave & 92nd St","short_name":"CHI00832","total_docks":"15","docks_in_service":"15","status":"In Service","latitude":"41.7282042154","longitude":"-87.549700141",":id":"row-bnnr~2usy~v5uj",":version":"rv-67h6.qrj4~dm9u",":created_at":"2026-02-27T12:00:20.684Z",":updated_at":"2026-02-27T12:00:22.747Z",":@computed_region_awaf_s7ux":"47",":@computed_region_6mkv_f3dw":"21202",":@computed_region_vrxf_vc4k":"42",":@computed_region_bdys_3d7i":"510",":@computed_region_43wa_7qmu":"47",":@computed_region_rpca_8um6":"25",":@computed_region_8hcu_yrd4":"6"}},
{"type":"Feature","geometry":{"type":"Point","coordinates":[-87.62377664,41.90096039]},"properties":{"id":"a3a4f46b-a135-11e9-9cda-0a87ae2ba916","station_name":"Michigan Ave & Oak St","short_name":"CHI00252","total_docks":"23","docks_in_service":"23","status":"In Service","latitude":"41.90096039","longitude":"-87.62377664",":id":"row-hxvu~ixyt-abza",":version":"rv-wm6n~vhw3~s98s",":created_at":"2026-02-27T12:00:20.684Z",":updated_at":"2026-02-27T12:00:22.747Z",":@computed_region_awaf_s7ux":"22",":@computed_region_6mkv_f3dw":"21182",":@computed_region_vrxf_vc4k":"37",":@computed_region_bdys_3d7i":"105",":@computed_region_43wa_7qmu":"11",":@computed_region_rpca_8um6":"6",":@computed_region_8hcu_yrd4":"2"}},
{"type":"Feature","geometry":{"type":"Point","coordinates":[-87.81697,41.95224]},"properties":{"id":"1988925731902098196","station_name":"Oriole Ave & Irving Park Rd","short_name":"CHI01934","total_docks":"4","docks_in_service":"4","status":"In Service","latitude":"41.95224","longitude":"-87.81697",":id":"row-4q8b_vr4c_nkgs",":version":"rv-2p8a-k5w8-it36",":created_at":"2026-02-27T12:00:20.684Z",":updated_at":"2026-02-27T12:00:22.747Z",":@computed_region_awaf_s7ux":"39",":@computed_region_6mkv_f3dw":"22254",":@computed_region_vrxf_vc4k":"17",":@computed_region_bdys_3d7i":"392",":@computed_region_43wa_7qmu":"19",":@computed_region_rpca_8um6":"52",":@computed_region_8hcu_yrd4":"38"}},
{"type":"Feature","geometry":{"type":"Point","coordinates":[-87.650737,41.893392]},"properties":{"id":"2116172334493307456","station_name":"Green St & Chicago Ave","short_name":"CHI02095","total_docks":"11","docks_in_service":"11","status":"In Service","latitude":"41.893392","longitude":"-87.650737",":id":"row-jgdg_j8ji_v824",":version":"rv-7ri9~gfrn-u9t8",":created_at":"2026-02-27T12:00:20.684Z",":updated_at":"2026-02-27T12:00:22.747Z",":@computed_region_awaf_s7ux":"41",":@computed_region_6mkv_f3dw":"22620",":@computed_region_vrxf_vc4k":"25",":@computed_region_bdys_3d7i":"522",":@computed_region_43wa_7qmu":"46",":@computed_region_rpca_8um6":"49",":@computed_region_8hcu_yrd4":"27"}},
{"type":"Feature","geometry":{"type":"Point","coordinates":[-87.81189,41.94496]},"properties":{"id":"1962566331666471698","station_name":"Oketo Ave & Addison St","short_name":"CHI01819","total_docks":"7","docks_in_service":"7","status":"In Service","latitude":"41.94496","longitude":"-87.81189",":id":"row-c5qt~8yi6_22m5",":version":"rv-qra7-6gzn.2znw",":created_at":"2026-02-27T12:00:20.684Z",":updated_at":"2026-02-27T12:00:22.747Z",":@computed_region_awaf_s7ux":"39",":@computed_region_6mkv_f3dw":"22254",":@computed_region_vrxf_vc4k":"17",":@computed_region_bdys_3d7i":"458",":@computed_region_43wa_7qmu":"19",":@computed_region_rpca_8um6":"52",":@computed_region_8hcu_yrd4":"38"}},
{"type":"Feature","geometry":{"type":"Point","coordinates":[-87.68513,41.92261]},"properties":{"id":"2145477325643916168","station_name":"Oakley Ave & Lyndale St","short_name":"CHI02164","total_docks":"15","docks_in_service":"15","status":"In Service","latitude":"41.92261","longitude":"-87.68513",":id":"row-b58f-f7yq-p4h9",":version":"rv-j8f5.3q2b~tsda",":created_at":"2026-02-27T12:00:20.684Z",":updated_at":"2026-02-27T12:00:22.747Z",":@computed_region_awaf_s7ux":"16",":@computed_region_6mkv_f3dw":"22535",":@computed_region_vrxf_vc4k":"23",":@computed_region_bdys_3d7i":"324",":@computed_region_43wa_7qmu":"40",":@computed_region_rpca_8um6":"1",":@computed_region_8hcu_yrd4":"32"}},
{"type":"Feature","geometry":{"type":"Point","coordinates":[-87.715068,41.8481]},"properties":{"id":"a3add889-a135-11e9-9cda-0a87ae2ba916","station_name":"Central Park Ave & 24th St","short_name":"CHI00658","total_docks":"11","docks_in_service":"11","status":"In Service","latitude":"41.8481","longitude":"-87.715068",":id":"row-pf8x-kktr.zaea",":version":"rv-jpxi~5jmc~v79w",":created_at":"2025-06-14T11:00:19.984Z",":updated_at":"2025-06-14T11:00:25.292Z",":@computed_region_awaf_s7ux":"14",":@computed_region_6mkv_f3dw":"21569",":@computed_region_vrxf_vc4k":"32",":@computed_region_bdys_3d7i":"754",":@computed_region_43wa_7qmu":"28",":@computed_region_rpca_8um6":"57",":@computed_region_8hcu_yrd4":"22"}},
{"type":"Feature","geometry":{"type":"Point","coordinates":[-87.73566,41.80385]},"properties":{"id":"1958860132283810038","station_name":"Kilbourn Ave & 49th St","short_name":"CHI01975","total_docks":"7","docks_in_service":"7","status":"In Service","latitude":"41.80385","longitude":"-87.73566",":id":"row-magi.zs43-bb9h",":version":"rv-yi8g-9gu4~9j2k",":created_at":"2026-02-14T12:00:19.867Z",":updated_at":"2026-02-14T12:00:21.639Z",":@computed_region_awaf_s7ux":"35",":@computed_region_6mkv_f3dw":"22248",":@computed_region_vrxf_vc4k":"54",":@computed_region_bdys_3d7i":"697",":@computed_region_43wa_7qmu":"8",":@computed_region_rpca_8um6":"56",":@computed_region_8hcu_yrd4":"14"}},
{"type":"Feature","geometry":{"type":"Point","coordinates":[-87.5914159893,41.7804056457]},"properties":{"id":"a3ad9ad9-a135-11e9-9cda-0a87ae2ba916","station_name":"Dorchester Ave & 63rd St","short_name":"CHI00566","total_docks":"11","docks_in_service":"11","status":"In Service","latitude":"41.7804056457","longitude":"-87.5914159893",":id":"row-3p88-6y6d_7g7r",":version":"rv-uc5g-iatm~j8ga",":created_at":"2025-06-14T11:00:19.984Z",":updated_at":"2025-06-14T11:00:25.292Z",":@computed_region_awaf_s7ux":"53",":@computed_region_6mkv_f3dw":"22260",":@computed_region_vrxf_vc4k":"9",":@computed_region_bdys_3d7i":"134",":@computed_region_43wa_7qmu":"4",":@computed_region_rpca_8um6":"60",":@computed_region_8hcu_yrd4":"20"}},
{"type":"Feature","geometry":{"type":"Point","coordinates":[-87.708886563778,41.982229759115]},"properties":{"id":"a3afe6ed-a135-11e9-9cda-0a87ae2ba916","station_name":"Kedzie Ave & Bryn Mawr Ave","short_name":"CHI00646","total_docks":"15","docks_in_service":"15","status":"In Service","latitude":"41.9822297591","longitude":"-87.7088865638",":id":"row-9pg3-t9dt_7sqs",":version":"rv-637d.3n6x.878j",":created_at":"2025-06-14T11:00:19.984Z",":updated_at":"2025-06-14T11:00:25.292Z",":@computed_region_awaf_s7ux":"46",":@computed_region_6mkv_f3dw":"21849",":@computed_region_vrxf_vc4k":"13",":@computed_region_bdys_3d7i":"167",":@computed_region_43wa_7qmu":"38",":@computed_region_rpca_8um6":"20",":@computed_region_8hcu_yrd4":"39"}},
{"type":"Feature","geometry":{"type":"Point","coordinates":[-87.8072,41.94159]},"properties":{"id":"2189686778565177118","station_name":"Harlem Ave & Roscoe St","short_name":"CHI02211","total_docks":"8","docks_in_service":"8","status":"In Service","latitude":"41.94159","longitude":"-87.8072",":id":"row-a6t7~9hwd_mxu3",":version":"rv-kcqz~2yzz.5hin",":created_at":"2026-02-27T12:00:20.684Z",":updated_at":"2026-02-27T12:00:22.747Z",":@computed_region_awaf_s7ux":"39",":@computed_region_6mkv_f3dw":"22254",":@computed_region_vrxf_vc4k":"17",":@computed_region_bdys_3d7i":"458",":@computed_region_43wa_7qmu":"19",":@computed_region_rpca_8um6":"52",":@computed_region_8hcu_yrd4":"38"}},
{"type":"Feature","geometry":{"type":"Point","coordinates":[-87.591875,41.809443]},"properties":{"id":"a3a98429-a135-11e9-9cda-0a87ae2ba916","station_name":"Lake Park Ave & 47th St","short_name":"CHI00366","total_docks":"15","docks_in_service":"15","status":"In Service","latitude":"41.809443","longitude":"-87.591875",":id":"row-2adp-me9p-icay",":version":"rv-72dt-khzb~zhdy",":created_at":"2026-01-13T12:00:19.268Z",":updated_at":"2026-01-13T12:00:23.190Z",":@computed_region_awaf_s7ux":"1",":@computed_region_6mkv_f3dw":"21192",":@computed_region_vrxf_vc4k":"5",":@computed_region_bdys_3d7i":"400",":@computed_region_43wa_7qmu":"10",":@computed_region_rpca_8um6":"10",":@computed_region_8hcu_yrd4":"9"}},
{"type":"Feature","geometry":{"type":"Point","coordinates":[-87.56506,41.744531]},"properties":{"id":"a3b29a90-a135-11e9-9cda-0a87ae2ba916","station_name":"Phillips Ave & 83rd St","short_name":"CHI00723","total_docks":"11","docks_in_service":"11","status":"In Service","latitude":"41.744531","longitude":"-87.56506",":id":"row-pvua-jfjz.gg6s",":version":"rv-deqh_bw33~24hx",":created_at":"2025-06-14T11:00:19.984Z",":updated_at":"2025-06-14T11:00:25.292Z",":@computed_region_awaf_s7ux":"43",":@computed_region_6mkv_f3dw":"21202",":@computed_region_vrxf_vc4k":"42",":@computed_region_bdys_3d7i":"478",":@computed_region_43wa_7qmu":"37",":@computed_region_rpca_8um6":"25",":@computed_region_8hcu_yrd4":"5"}},
{"type":"Feature","geometry":{"type":"Point","coordinates":[-87.62232,41.886835]},"properties":{"id":"a3a974e1-a135-11e9-9cda-0a87ae2ba916","station_name":"Stetson Ave & South Water St","short_name":"CHI00432","total_docks":"19","docks_in_service":"19","status":"In Service","latitude":"41.886835","longitude":"-87.62232",":id":"row-kuqu~nwqp_278i",":version":"rv-sme5-4wx3~sf4q",":created_at":"2026-02-27T12:00:20.684Z",":updated_at":"2026-02-27T12:00:22.747Z",":@computed_region_awaf_s7ux":"22",":@computed_region_6mkv_f3dw":"14309",":@computed_region_vrxf_vc4k":"38",":@computed_region_bdys_3d7i":"580",":@computed_region_43wa_7qmu":"36",":@computed_region_rpca_8um6":"42",":@computed_region_8hcu_yrd4":"42"}},
{"type":"Feature","geometry":{"type":"Point","coordinates":[-87.7063037436,41.88460328501]},"properties":{"id":"a3acacbc-a135-11e9-9cda-0a87ae2ba916","station_name":"Kedzie Ave & Lake St","short_name":"CHI00528","total_docks":"15","docks_in_service":"15","status":"In Service","latitude":"41.884603285","longitude":"-87.7063037436",":id":"row-z866-5s4h~6acj",":version":"rv-rmbh.dq8a.56hb",":created_at":"2025-06-14T11:00:19.984Z",":updated_at":"2025-06-14T11:00:25.292Z",":@computed_region_awaf_s7ux":"11",":@computed_region_6mkv_f3dw":"21572",":@computed_region_vrxf_vc4k":"28",":@computed_region_bdys_3d7i":"176",":@computed_region_43wa_7qmu":"23",":@computed_region_rpca_8um6":"30",":@computed_region_8hcu_yrd4":"28"}},
{"type":"Feature","geometry":{"type":"Point","coordinates":[-87.683144,41.826712]},"properties":{"id":"a3b443ce-a135-11e9-9cda-0a87ae2ba916","station_name":"Archer (Damen) Ave & 37th St","short_name":"CHI00705","total_docks":"11","docks_in_service":"11","status":"In Service","latitude":"41.826712","longitude":"-87.683144",":id":"row-5zyv_ekkj.f7p2",":version":"rv-g6hg_ax8w~5jp7",":created_at":"2026-01-30T12:02:27.964Z",":updated_at":"2026-01-30T12:02:29.655Z",":@computed_region_awaf_s7ux":"26",":@computed_region_6mkv_f3dw":"14924",":@computed_region_vrxf_vc4k":"56",":@computed_region_bdys_3d7i":"719",":@computed_region_43wa_7qmu":"1",":@computed_region_rpca_8um6":"37",":@computed_region_8hcu_yrd4":"12"}},
{"type":"Feature","geometry":{"type":"Point","coordinates":[-87.739024,41.922369]},"properties":{"id":"1871992684446460008","station_name":"Kilbourn Ave & Belden Ave","short_name":"CHI01856","total_docks":"15","docks_in_service":"15","status":"In Service","latitude":"41.922369","longitude":"-87.739024",":id":"row-ec8s_fawe-gi82",":version":"rv-natn.kqgp.5prz",":created_at":"2026-01-04T12:02:37.701Z",":updated_at":"2026-01-04T12:02:43.041Z",":@computed_region_awaf_s7ux":"7",":@computed_region_6mkv_f3dw":"22615",":@computed_region_vrxf_vc4k":"21",":@computed_region_bdys_3d7i":"75",":@computed_region_43wa_7qmu":"44",":@computed_region_rpca_8um6":"2",":@computed_region_8hcu_yrd4":"26"}},
{"type":"Feature","geometry":{"type":"Point","coordinates":[-87.586882871,41.7586696704]},"properties":{"id":"a3a98e37-a135-11e9-9cda-0a87ae2ba916","station_name":"Stony Island Ave & 75th St","short_name":"CHI00565","total_docks":"11","docks_in_service":"11","status":"In Service","latitude":"41.7586696704","longitude":"-87.586882871",":id":"row-gjnw-j36q-fbhg",":version":"rv-vhyn.9rq3-ceuk",":created_at":"2025-06-14T11:00:19.984Z",":updated_at":"2025-06-14T11:00:25.292Z",":@computed_region_awaf_s7ux":"32",":@computed_region_6mkv_f3dw":"22538",":@computed_region_vrxf_vc4k":"39",":@computed_region_bdys_3d7i":"188",":@computed_region_43wa_7qmu":"35",":@computed_region_rpca_8um6":"61",":@computed_region_8hcu_yrd4":"10"}},
{"type":"Feature","geometry":{"type":"Point","coordinates":[-87.67753,41.979762]},"properties":{"id":"a3af40f1-a135-11e9-9cda-0a87ae2ba916","station_name":"Winchester (Ravenswood) Ave & Balmoral Ave","short_name":"CHI00630","total_docks":"15","docks_in_service":"15","status":"In Service","latitude":"41.979762","longitude":"-87.67753",":id":"row-j25n~qfpu-3hjb",":version":"rv-diw2-qm2m.tfpy",":created_at":"2025-06-14T11:00:19.984Z",":updated_at":"2025-06-14T11:00:25.292Z",":@computed_region_awaf_s7ux":"46",":@computed_region_6mkv_f3dw":"22616",":@computed_region_vrxf_vc4k":"6",":@computed_region_bdys_3d7i":"664",":@computed_region_43wa_7qmu":"24",":@computed_region_rpca_8um6":"15",":@computed_region_8hcu_yrd4":"40"}},
{"type":"Feature","geometry":{"type":"Point","coordinates":[-87.68233,41.90689]},"properties":{"id":"2119884942656086576","station_name":"Leavitt St & Hirsch St","short_name":"CHI02107","total_docks":"11","docks_in_service":"11","status":"In Service","latitude":"41.90689","longitude":"-87.68233",":id":"row-kfdj~8w6m-7tfs",":version":"rv-3zv6.tzq8.7nsb",":created_at":"2025-08-23T11:00:33.235Z",":updated_at":"2025-08-23T11:00:34.603Z",":@computed_region_awaf_s7ux":"24",":@computed_region_6mkv_f3dw":"21560",":@computed_region_vrxf_vc4k":"25",":@computed_region_bdys_3d7i":"516",":@computed_region_43wa_7qmu":"41",":@computed_region_rpca_8um6":"4",":@computed_region_8hcu_yrd4":"1"}},
{"type":"Feature","geometry":{"type":"Point","coordinates":[-87.700960636139,41.692394745876]},"properties":{"id":"8a677aec-442b-47b8-aff7-50852e1d26c0","station_name":"Kedzie Ave & 110th St","short_name":"CHI00818","total_docks":"11","docks_in_service":"11","status":"In Service","latitude":"41.6923947459","longitude":"-87.7009606361",":id":"row-akmq.iige_jwci",":version":"rv-g3hk_vsbi-uhqu",":created_at":"2025-06-14T11:00:19.984Z",":updated_at":"2025-06-14T11:00:25.292Z",":@computed_region_awaf_s7ux":"33",":@computed_region_6mkv_f3dw":"4447",":@computed_region_vrxf_vc4k":"73",":@computed_region_bdys_3d7i":"369",":@computed_region_43wa_7qmu":"42",":@computed_region_rpca_8um6":"33",":@computed_region_8hcu_yrd4":"19"}},
{"type":"Feature","geometry":{"type":"Point","coordinates":[-87.77588,41.96056]},"properties":{"id":"1981450681586989620","station_name":"Mason Ave & Montrose Ave","short_name":"CHI01967","total_docks":"16","docks_in_service":"16","status":"In Service","latitude":"41.96056","longitude":"-87.77588",":id":"row-fy6c-zc47_gf5t",":version":"rv-vzs6.xtg4.wrj5",":created_at":"2026-01-23T12:00:20.731Z",":updated_at":"2026-01-23T12:00:23.885Z",":@computed_region_awaf_s7ux":"25",":@computed_region_6mkv_f3dw":"22254",":@computed_region_vrxf_vc4k":"15",":@computed_region_bdys_3d7i":"26",":@computed_region_43wa_7qmu":"19",":@computed_region_rpca_8um6":"48",":@computed_region_8hcu_yrd4":"38"}},
{"type":"Feature","geometry":{"type":"Point","coordinates":[-87.613533,41.836208]},"properties":{"id":"a3a96fd5-a135-11e9-9cda-0a87ae2ba916","station_name":"Rhodes Ave & 32nd St","short_name":"CHI00328","total_docks":"11","docks_in_service":"11","status":"In Service","latitude":"41.836208","longitude":"-87.613533",":id":"row-fjbq_tx8b_qs47",":version":"rv-6zca~52pq-tzgx",":created_at":"2025-12-04T12:02:28.719Z",":updated_at":"2025-12-04T12:02:31.069Z",":@computed_region_awaf_s7ux":"1",":@computed_region_6mkv_f3dw":"21194",":@computed_region_vrxf_vc4k":"1",":@computed_region_bdys_3d7i":"581",":@computed_region_43wa_7qmu":"10",":@computed_region_rpca_8um6":"40",":@computed_region_8hcu_yrd4":"9"}},
{"type":"Feature","geometry":{"type":"Point","coordinates":[-87.6506,41.92657]},"properties":{"id":"2123427060109083116","station_name":"Lincoln Ave & Montana St","short_name":"CHI02114","total_docks":"11","docks_in_service":"11","status":"In Service","latitude":"41.92657","longitude":"-87.6506",":id":"row-6sgb-jpi4.fwxk",":version":"rv-haqq-kcpc_n7xv",":created_at":"2026-01-26T12:00:18.064Z",":updated_at":"2026-01-26T12:00:38.365Z",":@computed_region_awaf_s7ux":"51",":@computed_region_6mkv_f3dw":"21190",":@computed_region_vrxf_vc4k":"68",":@computed_region_bdys_3d7i":"769",":@computed_region_43wa_7qmu":"34",":@computed_region_rpca_8um6":"16",":@computed_region_8hcu_yrd4":"43"}},
{"type":"Feature","geometry":{"type":"Point","coordinates":[-87.694614758,41.9466358306]},"properties":{"id":"a3afd7ab-a135-11e9-9cda-0a87ae2ba916","station_name":"Talman Ave & Addison St","short_name":"CHI00610","total_docks":"15","docks_in_service":"15","status":"In Service","latitude":"41.9466358306","longitude":"-87.694614758",":id":"row-tdmd~jiej_tt7e",":version":"rv-y3xc-ssuh~pbqf",":created_at":"2025-06-14T11:00:19.984Z",":updated_at":"2025-06-14T11:00:25.292Z",":@computed_region_awaf_s7ux":"13",":@computed_region_6mkv_f3dw":"21538",":@computed_region_vrxf_vc4k":"46",":@computed_region_bdys_3d7i":"110",":@computed_region_43wa_7qmu":"18",":@computed_region_rpca_8um6":"39",":@computed_region_8hcu_yrd4":"47"}},
{"type":"Feature","geometry":{"type":"Point","coordinates":[-87.69918769598,42.034631851616]},"properties":{"id":"a3b377cb-a135-11e9-9cda-0a87ae2ba916","station_name":"Dodge Ave & Main St","short_name":"CHI02044","total_docks":"15","docks_in_service":"15","status":"In Service","latitude":"42.0346318516","longitude":"-87.699187696",":id":"row-z758.hfpb_cp4t",":version":"rv-6rdx~jn62.4j3a",":created_at":"2026-02-07T12:00:25.760Z",":updated_at":"2026-02-07T12:00:30.878Z",":@computed_region_awaf_s7ux":null,":@computed_region_6mkv_f3dw":"26609",":@computed_region_vrxf_vc4k":null,":@computed_region_bdys_3d7i":null,":@computed_region_43wa_7qmu":null,":@computed_region_rpca_8um6":null,":@computed_region_8hcu_yrd4":null}},
{"type":"Feature","geometry":{"type":"Point","coordinates":[-87.7250744,41.9023453]},"properties":{"id":"1932130426977611818","station_name":"Harding Ave & Division St","short_name":"CHI01829","total_docks":"15","docks_in_service":"15","status":"In Service","latitude":"41.9023453","longitude":"-87.7250744",":id":"row-f89k.gtjw-bt8q",":version":"rv-hubq_n83b-2ux8",":created_at":"2026-01-04T12:02:37.701Z",":updated_at":"2026-01-04T12:02:43.041Z",":@computed_region_awaf_s7ux":"41",":@computed_region_6mkv_f3dw":"4299",":@computed_region_vrxf_vc4k":"24",":@computed_region_bdys_3d7i":"456",":@computed_region_43wa_7qmu":"45",":@computed_region_rpca_8um6":"5",":@computed_region_8hcu_yrd4":"37"}},
{"type":"Feature","geometry":{"type":"Point","coordinates":[-87.668507,41.92883]},"properties":{"id":"a3a701b8-a135-11e9-9cda-0a87ae2ba916","station_name":"Ashland Ave & Wrightwood Ave","short_name":"CHI00276","total_docks":"15","docks_in_service":"15","status":"In Service","latitude":"41.92883","longitude":"-87.668507",":id":"row-ebdz_y2az.3hhx",":version":"rv-sme8~wahh-d7ek",":created_at":"2026-01-04T12:02:37.701Z",":updated_at":"2026-01-04T12:02:43.041Z",":@computed_region_awaf_s7ux":"16",":@computed_region_6mkv_f3dw":"21190",":@computed_region_vrxf_vc4k":"68",":@computed_region_bdys_3d7i":"743",":@computed_region_43wa_7qmu":"40",":@computed_region_rpca_8um6":"16",":@computed_region_8hcu_yrd4":"32"}},
{"type":"Feature","geometry":{"type":"Point","coordinates":[-87.678519,41.895809]},"properties":{"id":"1436495119852630436","station_name":"Damen Ave & Chicago Ave Public Rack","short_name":null,"total_docks":"8","docks_in_service":"8","status":"In Service","latitude":"41.895809","longitude":"-87.678519",":id":"row-p2wx~j6st.kbhk",":version":"rv-ymy3.egvh_x2et",":created_at":"2026-01-08T12:00:18.555Z",":updated_at":"2026-01-08T12:00:22.540Z",":@computed_region_awaf_s7ux":"24",":@computed_region_6mkv_f3dw":"21560",":@computed_region_vrxf_vc4k":"25",":@computed_region_bdys_3d7i":"547",":@computed_region_43wa_7qmu":"41",":@computed_region_rpca_8um6":"28",":@computed_region_8hcu_yrd4":"36"}},
{"type":"Feature","geometry":{"type":"Point","coordinates":[-87.71769,41.85916]},"properties":{"id":"2170354186502672462","station_name":"Lawndale Ave & 16th St","short_name":"CHI02187","total_docks":"8","docks_in_service":"8","status":"In Service","latitude":"41.85916","longitude":"-87.71769",":id":"row-gxsb-27mx~bjkb",":version":"rv-hfuy.aagp-caq2",":created_at":"2026-01-30T12:02:27.964Z",":updated_at":"2026-01-30T12:02:29.655Z",":@computed_region_awaf_s7ux":"36",":@computed_region_6mkv_f3dw":"21569",":@computed_region_vrxf_vc4k":"30",":@computed_region_bdys_3d7i":"33",":@computed_region_43wa_7qmu":"14",":@computed_region_rpca_8um6":"57",":@computed_region_8hcu_yrd4":"24"}},
{"type":"Feature","geometry":{"type":"Point","coordinates":[-87.6511,41.883165]},"properties":{"id":"a3a84ab4-a135-11e9-9cda-0a87ae2ba916","station_name":"Sangamon St & Washington Blvd","short_name":"CHI00439","total_docks":"15","docks_in_service":"15","status":"In Service","latitude":"41.883165","longitude":"-87.6511",":id":"row-9zrk_74c8.ck3b",":version":"rv-5x7y~s7tu.398y",":created_at":"2026-02-07T12:00:25.760Z",":updated_at":"2026-02-07T12:00:30.878Z",":@computed_region_awaf_s7ux":"41",":@computed_region_6mkv_f3dw":"14917",":@computed_region_vrxf_vc4k":"29",":@computed_region_bdys_3d7i":"63",":@computed_region_43wa_7qmu":"46",":@computed_region_rpca_8um6":"44",":@computed_region_8hcu_yrd4":"27"}},
{"type":"Feature","geometry":{"type":"Point","coordinates":[-87.653216,41.947459]},"properties":{"id":"2093910803156329194","station_name":"Wilton Ave & Addison St","short_name":"CHI02055","total_docks":"15","docks_in_service":"15","status":"In Service","latitude":"41.947459","longitude":"-87.653216",":id":"row-wt7n-vh6g~5bs2",":version":"rv-y6xj-dg3x-qgjb",":created_at":"2026-01-07T12:00:26.349Z",":updated_at":"2026-01-07T12:00:29.680Z",":@computed_region_awaf_s7ux":"38",":@computed_region_6mkv_f3dw":"21186",":@computed_region_vrxf_vc4k":"57",":@computed_region_bdys_3d7i":"727",":@computed_region_43wa_7qmu":"25",":@computed_region_rpca_8um6":"53",":@computed_region_8hcu_yrd4":"44"}},
{"type":"Feature","geometry":{"type":"Point","coordinates":[-87.5853397391,41.77345849948]},"properties":{"id":"a3a54cdb-a135-11e9-9cda-0a87ae2ba916","station_name":"Stony Island Ave & 67th St","short_name":"CHI00561","total_docks":"11","docks_in_service":"11","status":"In Service","latitude":"41.7734584995","longitude":"-87.5853397391",":id":"row-c64n.tvpc~ua7y",":version":"rv-vh9v_2wv5_e736",":created_at":"2026-01-30T12:02:27.964Z",":updated_at":"2026-01-30T12:02:29.655Z",":@computed_region_awaf_s7ux":"32",":@computed_region_6mkv_f3dw":"22538",":@computed_region_vrxf_vc4k":"9",":@computed_region_bdys_3d7i":"134",":@computed_region_43wa_7qmu":"33",":@computed_region_rpca_8um6":"24",":@computed_region_8hcu_yrd4":"3"}},
{"type":"Feature","geometry":{"type":"Point","coordinates":[-87.65859,41.9216]},"properties":{"id":"2135454923413539710","station_name":"Racine Ave & Webster Ave","short_name":"CHI02144","total_docks":"12","docks_in_service":"12","status":"In Service","latitude":"41.9216","longitude":"-87.65859",":id":"row-2vb2_aegg_yh3s",":version":"rv-dpfp.cs56~zhgj",":created_at":"2026-01-30T12:02:27.964Z",":updated_at":"2026-01-30T12:02:29.655Z",":@computed_region_awaf_s7ux":"16",":@computed_region_6mkv_f3dw":"21190",":@computed_region_vrxf_vc4k":"68",":@computed_region_bdys_3d7i":"210",":@computed_region_43wa_7qmu":"11",":@computed_region_rpca_8um6":"16",":@computed_region_8hcu_yrd4":"2"}},
{"type":"Feature","geometry":{"type":"Point","coordinates":[-87.663699388504,41.752204849411]},"properties":{"id":"bbf9b599-1873-4133-b670-a0ef9e5c429c","station_name":"Ashland Ave & 78th St","short_name":"CHI00957","total_docks":"15","docks_in_service":"15","status":"In Service","latitude":"41.7522048494","longitude":"-87.6636993885",":id":"row-en3f-7drs_hftk",":version":"rv-t7t8-ffem.fxjg",":created_at":"2026-01-04T12:02:37.701Z",":updated_at":"2026-01-04T12:02:43.041Z",":@computed_region_awaf_s7ux":"17",":@computed_region_6mkv_f3dw":"21554",":@computed_region_vrxf_vc4k":"70",":@computed_region_bdys_3d7i":"573",":@computed_region_43wa_7qmu":"31",":@computed_region_rpca_8um6":"59",":@computed_region_8hcu_yrd4":"17"}},
{"type":"Feature","geometry":{"type":"Point","coordinates":[-87.6153553902,41.86722595682]},"properties":{"id":"a3a37378-a135-11e9-9cda-0a87ae2ba916","station_name":"Shedd Aquarium","short_name":"CHI00533","total_docks":"55","docks_in_service":"55","status":"In Service","latitude":"41.8672259568","longitude":"-87.6153553902",":id":"row-s7ax~9hsi.fzr9",":version":"rv-nyqk_r8it~xw5i",":created_at":"2026-01-30T12:02:27.964Z",":updated_at":"2026-01-30T12:02:29.655Z",":@computed_region_awaf_s7ux":"48",":@computed_region_6mkv_f3dw":"14913",":@computed_region_vrxf_vc4k":"34",":@computed_region_bdys_3d7i":"374",":@computed_region_43wa_7qmu":"10",":@computed_region_rpca_8um6":"35",":@computed_region_8hcu_yrd4":"9"}},
{"type":"Feature","geometry":{"type":"Point","coordinates":[-87.66347,41.93266]},"properties":{"id":"a3aa91f4-a135-11e9-9cda-0a87ae2ba916","station_name":"Greenview Ave & Diversey Pkwy","short_name":"CHI00382","total_docks":"15","docks_in_service":"15","status":"In Service","latitude":"41.93266","longitude":"-87.66347",":id":"row-u2kw.err3_tyt5",":version":"rv-iyzg~as3y.3sjz",":created_at":"2026-02-07T12:00:25.760Z",":updated_at":"2026-02-07T12:00:30.878Z",":@computed_region_awaf_s7ux":"16",":@computed_region_6mkv_f3dw":"21190",":@computed_region_vrxf_vc4k":"57",":@computed_region_bdys_3d7i":"679",":@computed_region_43wa_7qmu":"40",":@computed_region_rpca_8um6":"22",":@computed_region_8hcu_yrd4":"32"}},
{"type":"Feature","geometry":{"type":"Point","coordinates":[-87.667733430862,41.712164103598]},"properties":{"id":"ad9f8858-dc27-43ca-8fdc-78044b22f1fc","station_name":"Walden Pkwy & 100th St","short_name":"CHI00795","total_docks":"15","docks_in_service":"15","status":"In Service","latitude":"41.7121641036","longitude":"-87.6677334309",":id":"row-6ieb_uyyz_4jak",":version":"rv-rwad_etjh.5bwr",":created_at":"2026-01-04T12:02:37.701Z",":updated_at":"2026-01-04T12:02:43.041Z",":@computed_region_awaf_s7ux":"33",":@computed_region_6mkv_f3dw":"22212",":@computed_region_vrxf_vc4k":"71",":@computed_region_bdys_3d7i":"628",":@computed_region_43wa_7qmu":"42",":@computed_region_rpca_8um6":"13",":@computed_region_8hcu_yrd4":"19"}},
{"type":"Feature","geometry":{"type":"Point","coordinates":[-87.688829,42.001785]},"properties":{"id":"a3ae82e0-a135-11e9-9cda-0a87ae2ba916","station_name":"Warren Park West","short_name":"CHI00602","total_docks":"11","docks_in_service":"11","status":"In Service","latitude":"42.001785","longitude":"-87.688829",":id":"row-8byp-ag4h.9i4x",":version":"rv-y4ev.d8nu_ekdz",":created_at":"2026-01-04T12:02:37.701Z",":updated_at":"2026-01-04T12:02:43.041Z",":@computed_region_awaf_s7ux":"42",":@computed_region_6mkv_f3dw":"22528",":@computed_region_vrxf_vc4k":"20",":@computed_region_bdys_3d7i":"320",":@computed_region_43wa_7qmu":"27",":@computed_region_rpca_8um6":"12",":@computed_region_8hcu_yrd4":"40"}},
{"type":"Feature","geometry":{"type":"Point","coordinates":[-87.731187,41.734929]},"properties":{"id":"1879439877447006990","station_name":"Kildare Ave & 85th St (Kostner Ave & 87th St TEMPORARY)","short_name":"CHI01755","total_docks":"15","docks_in_service":"15","status":"In Service","latitude":"41.734929","longitude":"-87.731187",":id":"row-srq5~5unh-cky7",":version":"rv-qbi4-ktqt-3krr",":created_at":"2026-01-30T12:02:27.964Z",":updated_at":"2026-01-30T12:02:29.655Z",":@computed_region_awaf_s7ux":"6",":@computed_region_6mkv_f3dw":"4300",":@computed_region_vrxf_vc4k":"69",":@computed_region_bdys_3d7i":"197",":@computed_region_43wa_7qmu":"30",":@computed_region_rpca_8um6":"8",":@computed_region_8hcu_yrd4":"18"}},
{"type":"Feature","geometry":{"type":"Point","coordinates":[-87.64841,41.88558]},"properties":{"id":"2108035409441534756","station_name":"Green St & Lake St","short_name":"CHI02081","total_docks":"11","docks_in_service":"11","status":"In Service","latitude":"41.88558","longitude":"-87.64841",":id":"row-px8h~su4i~nhgz",":version":"rv-98ku.kxnz.p4dc",":created_at":"2025-12-04T12:02:28.719Z",":updated_at":"2025-12-04T12:02:31.069Z",":@computed_region_awaf_s7ux":"41",":@computed_region_6mkv_f3dw":"14917",":@computed_region_vrxf_vc4k":"29",":@computed_region_bdys_3d7i":"63",":@computed_region_43wa_7qmu":"46",":@computed_region_rpca_8um6":"44",":@computed_region_8hcu_yrd4":"27"}},
{"type":"Feature","geometry":{"type":"Point","coordinates":[-87.65429019928,41.726798963701]},"properties":{"id":"a2aa2a53-3439-459b-9345-c21435e99a72","station_name":"Elizabeth St & 92nd St","short_name":"CHI00821","total_docks":"15","docks_in_service":"15","status":"In Service","latitude":"41.7267989637","longitude":"-87.6542901993",":id":"row-ayu8~ebtd~7tst",":version":"rv-8kjz~mn7j.iipx",":created_at":"2026-01-30T12:02:27.964Z",":updated_at":"2026-01-30T12:02:29.655Z",":@computed_region_awaf_s7ux":"18",":@computed_region_6mkv_f3dw":"21554",":@computed_region_vrxf_vc4k":"72",":@computed_region_bdys_3d7i":"195",":@computed_region_43wa_7qmu":"13",":@computed_region_rpca_8um6":"59",":@computed_region_8hcu_yrd4":"21"}},
{"type":"Feature","geometry":{"type":"Point","coordinates":[-87.71104,41.80095]},"properties":{"id":"2009300113903569554","station_name":"St Louis Ave & 51st St","short_name":"CHI01958","total_docks":"8","docks_in_service":"8","status":"In Service","latitude":"41.80095","longitude":"-87.71104",":id":"row-k3vh~6k3b_pj4x",":version":"rv-jbj4~i2zb~2gty",":created_at":"2026-02-14T12:00:19.867Z",":updated_at":"2026-02-14T12:00:21.639Z",":@computed_region_awaf_s7ux":"49",":@computed_region_6mkv_f3dw":"22248",":@computed_region_vrxf_vc4k":"61",":@computed_region_bdys_3d7i":"776",":@computed_region_43wa_7qmu":"8",":@computed_region_rpca_8um6":"56",":@computed_region_8hcu_yrd4":"14"}},
{"type":"Feature","geometry":{"type":"Point","coordinates":[-87.7052804871,41.90976930169]},"properties":{"id":"a3b0b291-a135-11e9-9cda-0a87ae2ba916","station_name":"Troy St & North Ave","short_name":"CHI00641","total_docks":"15","docks_in_service":"15","status":"In Service","latitude":"41.9097693017","longitude":"-87.7052804871",":id":"row-rnh9.btyd.bwi2",":version":"rv-8cgn_f5x7~nsuz",":created_at":"2025-06-14T11:00:19.984Z",":updated_at":"2025-06-14T11:00:25.292Z",":@computed_region_awaf_s7ux":"10",":@computed_region_6mkv_f3dw":"4299",":@computed_region_vrxf_vc4k":"25",":@computed_region_bdys_3d7i":"301",":@computed_region_43wa_7qmu":"49",":@computed_region_rpca_8um6":"4",":@computed_region_8hcu_yrd4":"26"}},
{"type":"Feature","geometry":{"type":"Point","coordinates":[-87.54917675279,41.757870965225]},"properties":{"id":"1870208802121658482","station_name":"Rainbow Beach","short_name":"CHI00526","total_docks":"15","docks_in_service":"15","status":"In Service","latitude":"41.7578709652","longitude":"-87.5491767528",":id":"row-uc36.drku-6w5p",":version":"rv-frr2.zj2e.cr2n",":created_at":"2026-01-30T12:02:27.964Z",":updated_at":"2026-01-30T12:02:29.655Z",":@computed_region_awaf_s7ux":"43",":@computed_region_6mkv_f3dw":"22538",":@computed_region_vrxf_vc4k":"39",":@computed_region_bdys_3d7i":"421",":@computed_region_43wa_7qmu":"37",":@computed_region_rpca_8um6":"24",":@computed_region_8hcu_yrd4":"5"}},
{"type":"Feature","geometry":{"type":"Point","coordinates":[-87.6851314409,41.84151770807]},"properties":{"id":"a3ae6e48-a135-11e9-9cda-0a87ae2ba916","station_name":"Western Ave & 28th St","short_name":"CHI00618","total_docks":"11","docks_in_service":"11","status":"In Service","latitude":"41.8415177081","longitude":"-87.6851314409",":id":"row-2q5k~iqdp.dxrd",":version":"rv-upit.nmr2.kmu2",":created_at":"2026-01-30T12:02:27.964Z",":updated_at":"2026-01-30T12:02:29.655Z",":@computed_region_awaf_s7ux":"8",":@computed_region_6mkv_f3dw":"14920",":@computed_region_vrxf_vc4k":"33",":@computed_region_bdys_3d7i":"204",":@computed_region_43wa_7qmu":"26",":@computed_region_rpca_8um6":"43",":@computed_region_8hcu_yrd4":"12"}},
{"type":"Feature","geometry":{"type":"Point","coordinates":[-87.7248,41.81644]},"properties":{"id":"1989675458983138282","station_name":"Pulaski Rd & Ann Lurie Pl","short_name":"CHI01950","total_docks":"11","docks_in_service":"11","status":"In Service","latitude":"41.81644","longitude":"-87.7248",":id":"row-3wpn_5yqs_429h",":version":"rv-rnt7.izfy~f8gr",":created_at":"2025-06-14T11:00:19.984Z",":updated_at":"2025-06-14T11:00:25.292Z",":@computed_region_awaf_s7ux":"49",":@computed_region_6mkv_f3dw":"22248",":@computed_region_vrxf_vc4k":"54",":@computed_region_bdys_3d7i":"591",":@computed_region_43wa_7qmu":"8",":@computed_region_rpca_8um6":"56",":@computed_region_8hcu_yrd4":"14"}},
{"type":"Feature","geometry":{"type":"Point","coordinates":[-87.618691,41.794853]},"properties":{"id":"a3a7b936-a135-11e9-9cda-0a87ae2ba916","station_name":"Prairie Ave & Garfield Blvd","short_name":"CHI00346","total_docks":"11","docks_in_service":"11","status":"In Service","latitude":"41.794853","longitude":"-87.618691",":id":"row-qkz5.itd6_dxa7",":version":"rv-mb9x.jmcv.29rw",":created_at":"2026-01-30T12:02:27.964Z",":updated_at":"2026-01-30T12:02:29.655Z",":@computed_region_awaf_s7ux":"12",":@computed_region_6mkv_f3dw":"21192",":@computed_region_vrxf_vc4k":"7",":@computed_region_bdys_3d7i":"401",":@computed_region_43wa_7qmu":"9",":@computed_region_rpca_8um6":"10",":@computed_region_8hcu_yrd4":"8"}},
{"type":"Feature","geometry":{"type":"Point","coordinates":[-87.751191,41.924034]},"properties":{"id":"1869036027793202092","station_name":"Lavergne Ave & Fullerton Ave","short_name":"CHI01850","total_docks":"15","docks_in_service":"15","status":"In Service","latitude":"41.924034","longitude":"-87.751191",":id":"row-rbqq-n9km.2ng4",":version":"rv-n8rx-pqxk_st65",":created_at":"2025-06-14T11:00:19.984Z",":updated_at":"2025-06-14T11:00:25.292Z",":@computed_region_awaf_s7ux":"7",":@computed_region_6mkv_f3dw":"22615",":@computed_region_vrxf_vc4k":"19",":@computed_region_bdys_3d7i":"306",":@computed_region_43wa_7qmu":"44",":@computed_region_rpca_8um6":"2",":@computed_region_8hcu_yrd4":"31"}},
{"type":"Feature","geometry":{"type":"Point","coordinates":[-87.605026,41.753174]},"properties":{"id":"a3b2767f-a135-11e9-9cda-0a87ae2ba916","station_name":"Cottage Grove Ave & 78th St","short_name":"CHI01104","total_docks":"11","docks_in_service":"11","status":"In Service","latitude":"41.753174","longitude":"-87.605026",":id":"row-h42k_f3qr_wusy",":version":"rv-ytj2_k3k2_ahz9",":created_at":"2026-01-23T12:00:20.731Z",":updated_at":"2026-01-23T12:00:23.885Z",":@computed_region_awaf_s7ux":"31",":@computed_region_6mkv_f3dw":"21546",":@computed_region_vrxf_vc4k":"67",":@computed_region_bdys_3d7i":"497",":@computed_region_43wa_7qmu":"35",":@computed_region_rpca_8um6":"61",":@computed_region_8hcu_yrd4":"10"}},
{"type":"Feature","geometry":{"type":"Point","coordinates":[-87.6785,41.9406]},"properties":{"id":"a3a83181-a135-11e9-9cda-0a87ae2ba916","station_name":"Damen Ave & Melrose Ave","short_name":"CHI00516","total_docks":"15","docks_in_service":"15","status":"In Service","latitude":"41.9406","longitude":"-87.6785",":id":"row-shp2~3y7k~cx7x",":version":"rv-3s6j-gn7k~g7qv",":created_at":"2026-01-23T12:00:20.731Z",":updated_at":"2026-01-23T12:00:23.885Z",":@computed_region_awaf_s7ux":"16",":@computed_region_6mkv_f3dw":"21538",":@computed_region_vrxf_vc4k":"46",":@computed_region_bdys_3d7i":"647",":@computed_region_43wa_7qmu":"40",":@computed_region_rpca_8um6":"39",":@computed_region_8hcu_yrd4":"32"}},
{"type":"Feature","geometry":{"type":"Point","coordinates":[-87.595751,41.75916]},"properties":{"id":"a3b25656-a135-11e9-9cda-0a87ae2ba916","station_name":"Woodlawn Ave & 75th St","short_name":"CHI00710","total_docks":"11","docks_in_service":"11","status":"In Service","latitude":"41.75916","longitude":"-87.595751",":id":"row-kjyw_w89j~qwdi",":version":"rv-jrdn_idvf-bu9m",":created_at":"2026-01-30T12:02:27.964Z",":updated_at":"2026-01-30T12:02:29.655Z",":@computed_region_awaf_s7ux":"32",":@computed_region_6mkv_f3dw":"21546",":@computed_region_vrxf_vc4k":"67",":@computed_region_bdys_3d7i":"121",":@computed_region_43wa_7qmu":"33",":@computed_region_rpca_8um6":"61",":@computed_region_8hcu_yrd4":"3"}},
{"type":"Feature","geometry":{"type":"Point","coordinates":[-87.7682,41.9855]},"properties":{"id":"2059374037671818134","station_name":"Central & Elston","short_name":"CHI02016","total_docks":"12","docks_in_service":"12","status":"In Service","latitude":"41.9855","longitude":"-87.7682",":id":"row-vhky~46sz_fxna",":version":"rv-gasy-y3da.yx72",":created_at":"2025-06-14T11:00:19.984Z",":updated_at":"2025-06-14T11:00:25.292Z",":@computed_region_awaf_s7ux":"20",":@computed_region_6mkv_f3dw":"22532",":@computed_region_vrxf_vc4k":"11",":@computed_region_bdys_3d7i":"701",":@computed_region_43wa_7qmu":"38",":@computed_region_rpca_8um6":"18",":@computed_region_8hcu_yrd4":"39"}},
{"type":"Feature","geometry":{"type":"Point","coordinates":[-87.739557,41.942722]},"properties":{"id":"1869054242749504212","station_name":"Kilbourn Ave & Roscoe St","short_name":"CHI01857","total_docks":"15","docks_in_service":"15","status":"In Service","latitude":"41.942722","longitude":"-87.739557",":id":"row-i9qb-gwp7~k8yk",":version":"rv-rita-8tej~ynr4",":created_at":"2025-06-14T11:00:19.984Z",":updated_at":"2025-06-14T11:00:25.292Z",":@computed_region_awaf_s7ux":"27",":@computed_region_6mkv_f3dw":"22618",":@computed_region_vrxf_vc4k":"16",":@computed_region_bdys_3d7i":"328",":@computed_region_43wa_7qmu":"21",":@computed_region_rpca_8um6":"21",":@computed_region_8hcu_yrd4":"30"}},
{"type":"Feature","geometry":{"type":"Point","coordinates":[-87.5976,41.75129]},"properties":{"id":"a3b27bcf-a135-11e9-9cda-0a87ae2ba916","station_name":"Greenwood Ave & 79th St","short_name":"CHI01031","total_docks":"11","docks_in_service":"11","status":"In Service","latitude":"41.75129","longitude":"-87.5976",":id":"row-9f27-33b4.4b7q",":version":"rv-fki2.bk7f.qe65",":created_at":"2026-01-30T12:02:27.964Z",":updated_at":"2026-01-30T12:02:29.655Z",":@computed_region_awaf_s7ux":"9",":@computed_region_6mkv_f3dw":"21546",":@computed_region_vrxf_vc4k":"40",":@computed_region_bdys_3d7i":"247",":@computed_region_43wa_7qmu":"35",":@computed_region_rpca_8um6":"61",":@computed_region_8hcu_yrd4":"10"}},
{"type":"Feature","geometry":{"type":"Point","coordinates":[-87.64532,41.9436]},"properties":{"id":"2140270741196378296","station_name":"Broadway & Roscoe Ave","short_name":"CHI02153","total_docks":"11","docks_in_service":"11","status":"In Service","latitude":"41.9436","longitude":"-87.64532",":id":"row-5chs_q8j9~wkfc",":version":"rv-3a45_6jpx.ujxs",":created_at":"2026-01-30T12:02:27.964Z",":updated_at":"2026-01-30T12:02:29.655Z",":@computed_region_awaf_s7ux":"38",":@computed_region_6mkv_f3dw":"4449",":@computed_region_vrxf_vc4k":"57",":@computed_region_bdys_3d7i":"730",":@computed_region_43wa_7qmu":"25",":@computed_region_rpca_8um6":"22",":@computed_region_8hcu_yrd4":"44"}},
{"type":"Feature","geometry":{"type":"Point","coordinates":[-87.599861,41.791478]},"properties":{"id":"a3ad8072-a135-11e9-9cda-0a87ae2ba916","station_name":"University Ave & 57th St","short_name":"CHI00551","total_docks":"31","docks_in_service":"31","status":"In Service","latitude":"41.791478","longitude":"-87.599861",":id":"row-725n.gw9n-p6vv",":version":"rv-xem8_3unx.icuz",":created_at":"2026-02-01T12:02:27.698Z",":updated_at":"2026-02-01T12:02:33.986Z",":@computed_region_awaf_s7ux":"32",":@computed_region_6mkv_f3dw":"22260",":@computed_region_vrxf_vc4k":"8",":@computed_region_bdys_3d7i":"154",":@computed_region_43wa_7qmu":"33",":@computed_region_rpca_8um6":"60",":@computed_region_8hcu_yrd4":"3"}},
{"type":"Feature","geometry":{"type":"Point","coordinates":[-87.6345,41.79076]},"properties":{"id":"1970688691992443350","station_name":"Shields Ave & 57th St","short_name":"CHI01936","total_docks":"15","docks_in_service":"15","status":"In Service","latitude":"41.79076","longitude":"-87.6345",":id":"row-q2bn.jwjg~zjrx",":version":"rv-bx8x~77x7_uurz",":created_at":"2026-01-08T12:00:18.555Z",":updated_at":"2026-01-08T12:00:22.540Z",":@computed_region_awaf_s7ux":"53",":@computed_region_6mkv_f3dw":"21559",":@computed_region_vrxf_vc4k":"66",":@computed_region_bdys_3d7i":"166",":@computed_region_43wa_7qmu":"4",":@computed_region_rpca_8um6":"11",":@computed_region_8hcu_yrd4":"20"}},
{"type":"Feature","geometry":{"type":"Point","coordinates":[-87.70411,41.81447]},"properties":{"id":"1945178760530424534","station_name":"Kedzie Ave & Archer Ave","short_name":"CHI01885","total_docks":"15","docks_in_service":"15","status":"In Service","latitude":"41.81447","longitude":"-87.70411",":id":"row-wuyh~s59t-hfaq",":version":"rv-d9qh~nzt2.upb7",":created_at":"2025-06-14T11:00:19.984Z",":updated_at":"2025-06-14T11:00:25.292Z",":@computed_region_awaf_s7ux":"49",":@computed_region_6mkv_f3dw":"22248",":@computed_region_vrxf_vc4k":"55",":@computed_region_bdys_3d7i":"156",":@computed_region_43wa_7qmu":"3",":@computed_region_rpca_8um6":"56",":@computed_region_8hcu_yrd4":"12"}},
{"type":"Feature","geometry":{"type":"Point","coordinates":[-87.6216,41.82168]},"properties":{"id":"a3a7aa0e-a135-11e9-9cda-0a87ae2ba916","station_name":"Indiana Ave & 40th St","short_name":"CHI00256","total_docks":"11","docks_in_service":"11","status":"In Service","latitude":"41.82168","longitude":"-87.6216",":id":"row-m9da~6cgp~dmpg",":version":"rv-w2s6-jknt_qb2i",":created_at":"2026-01-08T12:00:18.555Z",":updated_at":"2026-01-08T12:00:22.540Z",":@computed_region_awaf_s7ux":"12",":@computed_region_6mkv_f3dw":"4301",":@computed_region_vrxf_vc4k":"4",":@computed_region_bdys_3d7i":"163",":@computed_region_43wa_7qmu":"9",":@computed_region_rpca_8um6":"36",":@computed_region_8hcu_yrd4":"8"}},
{"type":"Feature","geometry":{"type":"Point","coordinates":[-87.578968405724,41.722290740953]},"properties":{"id":"3d1da4c7-23c9-4731-81f5-91db08f6c97f","station_name":"Constance Ave & 95th St","short_name":"CHI00880","total_docks":"15","docks_in_service":"15","status":"In Service","latitude":"41.722290741","longitude":"-87.5789684057",":id":"row-a9bn_u5dw~xe9u",":version":"rv-tmuj-qnht_9d6e",":created_at":"2025-06-14T11:00:19.984Z",":updated_at":"2025-06-14T11:00:25.292Z",":@computed_region_awaf_s7ux":"43",":@computed_region_6mkv_f3dw":"21202",":@computed_region_vrxf_vc4k":"48",":@computed_region_bdys_3d7i":"252",":@computed_region_43wa_7qmu":"37",":@computed_region_rpca_8um6":"25",":@computed_region_8hcu_yrd4":"5"}},
{"type":"Feature","geometry":{"type":"Point","coordinates":[-87.604836,41.743441]},"properties":{"id":"a3b2a9e7-a135-11e9-9cda-0a87ae2ba916","station_name":"Cottage Grove Ave & 83rd St","short_name":"CHI01254","total_docks":"11","docks_in_service":"11","status":"In Service","latitude":"41.743441","longitude":"-87.604836",":id":"row-ciqu-x5ax.j585",":version":"rv-c72i_7vba_86m2",":created_at":"2025-06-14T11:00:19.984Z",":updated_at":"2025-06-14T11:00:25.292Z",":@computed_region_awaf_s7ux":"9",":@computed_region_6mkv_f3dw":"21546",":@computed_region_vrxf_vc4k":"40",":@computed_region_bdys_3d7i":"141",":@computed_region_43wa_7qmu":"35",":@computed_region_rpca_8um6":"61",":@computed_region_8hcu_yrd4":"10"}},
{"type":"Feature","geometry":{"type":"Point","coordinates":[-87.71524,41.91749]},"properties":{"id":"2173356807749990394","station_name":"Drake Ave & Armitage Ave","short_name":"CHI02191","total_docks":"15","docks_in_service":"15","status":"In Service","latitude":"41.91749","longitude":"-87.71524",":id":"row-wj83.vifc.ufvm",":version":"rv-g36f.ti8g-f3va",":created_at":"2026-01-26T12:00:18.064Z",":updated_at":"2026-01-26T12:00:38.365Z",":@computed_region_awaf_s7ux":"10",":@computed_region_6mkv_f3dw":"22535",":@computed_region_vrxf_vc4k":"23",":@computed_region_bdys_3d7i":"550",":@computed_region_43wa_7qmu":"49",":@computed_region_rpca_8um6":"1",":@computed_region_8hcu_yrd4":"26"}},
{"type":"Feature","geometry":{"type":"Point","coordinates":[-87.70685,41.91759]},"properties":{"id":"2127670914437391286","station_name":"Kedzie Ave & Armitage Ave","short_name":"CHI02123","total_docks":"11","docks_in_service":"11","status":"In Service","latitude":"41.91759","longitude":"-87.70685",":id":"row-h8hp_buwb~5exe",":version":"rv-e8vu~rykh_p3ft",":created_at":"2026-02-01T12:02:27.698Z",":updated_at":"2026-02-01T12:02:33.986Z",":@computed_region_awaf_s7ux":"15",":@computed_region_6mkv_f3dw":"22535",":@computed_region_vrxf_vc4k":"23",":@computed_region_bdys_3d7i":"371",":@computed_region_43wa_7qmu":"40",":@computed_region_rpca_8um6":"1",":@computed_region_8hcu_yrd4":"1"}},
{"type":"Feature","geometry":{"type":"Point","coordinates":[-87.737112,41.939191]},"properties":{"id":"1885794833713023406","station_name":"Kostner Ave & Belmont Ave","short_name":"CHI01765","total_docks":"15","docks_in_service":"15","status":"In Service","latitude":"41.939191","longitude":"-87.737112",":id":"row-ti5b.ufwk_r6cx",":version":"rv-wb7x~a7zh_ayr6",":created_at":"2025-12-12T12:00:16.411Z",":updated_at":"2025-12-12T12:00:25.872Z",":@computed_region_awaf_s7ux":"7",":@computed_region_6mkv_f3dw":"22618",":@computed_region_vrxf_vc4k":"16",":@computed_region_bdys_3d7i":"328",":@computed_region_43wa_7qmu":"21",":@computed_region_rpca_8um6":"21",":@computed_region_8hcu_yrd4":"30"}},
{"type":"Feature","geometry":{"type":"Point","coordinates":[-87.687288,41.943034]},"properties":{"id":"a3afe1dc-a135-11e9-9cda-0a87ae2ba916","station_name":"Western Ave & Roscoe St","short_name":"CHI00614","total_docks":"11","docks_in_service":"11","status":"In Service","latitude":"41.943034","longitude":"-87.687288",":id":"row-zwth.drrg~yujk",":version":"rv-uuab-72e4_asrq",":created_at":"2026-02-14T12:00:19.867Z",":updated_at":"2026-02-14T12:00:21.639Z",":@computed_region_awaf_s7ux":"16",":@computed_region_6mkv_f3dw":"21538",":@computed_region_vrxf_vc4k":"46",":@computed_region_bdys_3d7i":"615",":@computed_region_43wa_7qmu":"40",":@computed_region_rpca_8um6":"39",":@computed_region_8hcu_yrd4":"32"}},
{"type":"Feature","geometry":{"type":"Point","coordinates":[-87.585337,41.751173]},"properties":{"id":"a3b2810e-a135-11e9-9cda-0a87ae2ba916","station_name":"Stony Island Ave & South Chicago Ave","short_name":"CHI01203","total_docks":"11","docks_in_service":"11","status":"In Service","latitude":"41.751173","longitude":"-87.585337",":id":"row-s2wz~axt3~mgv7",":version":"rv-qzkb-rb5h_iwm4",":created_at":"2026-01-26T12:00:18.064Z",":updated_at":"2026-01-26T12:00:38.365Z",":@computed_region_awaf_s7ux":"9",":@computed_region_6mkv_f3dw":"21202",":@computed_region_vrxf_vc4k":"41",":@computed_region_bdys_3d7i":"431",":@computed_region_43wa_7qmu":"35",":@computed_region_rpca_8um6":"25",":@computed_region_8hcu_yrd4":"10"}},
{"type":"Feature","geometry":{"type":"Point","coordinates":[-87.673055,41.746534]},"properties":{"id":"1863873159929715228","station_name":"Damen Ave & 81st St","short_name":"CHI01545","total_docks":"15","docks_in_service":"15","status":"In Service","latitude":"41.746534","longitude":"-87.673055",":id":"row-tayd~9rmy_ib9e",":version":"rv-wz7f.m3t4_if3w",":created_at":"2025-06-14T11:00:19.984Z",":updated_at":"2025-06-14T11:00:25.292Z",":@computed_region_awaf_s7ux":"6",":@computed_region_6mkv_f3dw":"21554",":@computed_region_vrxf_vc4k":"70",":@computed_region_bdys_3d7i":"574",":@computed_region_43wa_7qmu":"30",":@computed_region_rpca_8um6":"59",":@computed_region_8hcu_yrd4":"18"}},
{"type":"Feature","geometry":{"type":"Point","coordinates":[-87.612043,41.892278]},"properties":{"id":"a3a41526-a135-11e9-9cda-0a87ae2ba916","station_name":"Navy Pier","short_name":"CHI01747","total_docks":"71","docks_in_service":"71","status":"In Service","latitude":"41.892278","longitude":"-87.612043",":id":"row-5emy-h249_zw3a",":version":"rv-avqx.3q9a-x3rn",":created_at":"2026-01-26T12:00:18.064Z",":updated_at":"2026-01-26T12:00:38.365Z",":@computed_region_awaf_s7ux":"22",":@computed_region_6mkv_f3dw":"21182",":@computed_region_vrxf_vc4k":"37",":@computed_region_bdys_3d7i":"534",":@computed_region_43wa_7qmu":"36",":@computed_region_rpca_8um6":"6",":@computed_region_8hcu_yrd4":"42"}},
{"type":"Feature","geometry":{"type":"Point","coordinates":[-87.6158532619,41.79342945658]},"properties":{"id":"a3ad7636-a135-11e9-9cda-0a87ae2ba916","station_name":"MLK Jr Dr & 56th St","short_name":"CHI00567","total_docks":"11","docks_in_service":"11","status":"In Service","latitude":"41.7934294566","longitude":"-87.6158532619",":id":"row-39zw.pi3g_zjb8",":version":"rv-acr2.htu3~9udt",":created_at":"2026-01-13T12:00:19.268Z",":updated_at":"2026-01-13T12:00:23.190Z",":@computed_region_awaf_s7ux":"53",":@computed_region_6mkv_f3dw":"22260",":@computed_region_vrxf_vc4k":"7",":@computed_region_bdys_3d7i":"401",":@computed_region_43wa_7qmu":"4",":@computed_region_rpca_8um6":"60",":@computed_region_8hcu_yrd4":"20"}},
{"type":"Feature","geometry":{"type":"Point","coordinates":[-87.597298622131,41.728264268163]},"properties":{"id":"c4040b17-88bd-40ab-9aae-2655d6771580","station_name":"Greenwood Ave & 91st St","short_name":"CHI00845","total_docks":"15","docks_in_service":"15","status":"In Service","latitude":"41.7282642682","longitude":"-87.5972986221",":id":"row-ugkm-bti4.e3gz",":version":"rv-ze3c_dwzk_b79g",":created_at":"2026-01-13T12:00:19.268Z",":updated_at":"2026-01-13T12:00:23.190Z",":@computed_region_awaf_s7ux":"9",":@computed_region_6mkv_f3dw":"21546",":@computed_region_vrxf_vc4k":"43",":@computed_region_bdys_3d7i":"472",":@computed_region_43wa_7qmu":"35",":@computed_region_rpca_8um6":"61",":@computed_region_8hcu_yrd4":"10"}},
{"type":"Feature","geometry":{"type":"Point","coordinates":[-87.607267,41.866095]},"properties":{"id":"a3ab812d-a135-11e9-9cda-0a87ae2ba916","station_name":"Adler Planetarium","short_name":"CHI00360","total_docks":"39","docks_in_service":"39","status":"In Service","latitude":"41.866095","longitude":"-87.607267",":id":"row-mkc8~jnhy-rarp",":version":"rv-ii98_qbub_q9c9",":created_at":"2026-01-07T12:00:26.349Z",":updated_at":"2026-01-07T12:00:29.680Z",":@computed_region_awaf_s7ux":"48",":@computed_region_6mkv_f3dw":"14913",":@computed_region_vrxf_vc4k":"34",":@computed_region_bdys_3d7i":"374",":@computed_region_43wa_7qmu":"10",":@computed_region_rpca_8um6":"35",":@computed_region_8hcu_yrd4":"9"}},
{"type":"Feature","geometry":{"type":"Point","coordinates":[-87.74869,41.81311]},"properties":{"id":"1945194351261708978","station_name":"Lavergne Ave & 44th St","short_name":"CHI01944","total_docks":"15","docks_in_service":"15","status":"In Service","latitude":"41.81311","longitude":"-87.74869",":id":"row-3xum_5mnp.5fx5",":version":"rv-3wds~fw5y.dfp9",":created_at":"2026-01-30T12:02:27.964Z",":updated_at":"2026-01-30T12:02:29.655Z",":@computed_region_awaf_s7ux":"35",":@computed_region_6mkv_f3dw":"22268",":@computed_region_vrxf_vc4k":"53",":@computed_region_bdys_3d7i":"604",":@computed_region_43wa_7qmu":"28",":@computed_region_rpca_8um6":"7",":@computed_region_8hcu_yrd4":"22"}},
{"type":"Feature","geometry":{"type":"Point","coordinates":[-87.72785,41.92459]},"properties":{"id":"a3b35885-a135-11e9-9cda-0a87ae2ba916","station_name":"Keystone Ave & Fullerton Ave","short_name":"CHI00663","total_docks":"11","docks_in_service":"11","status":"In Service","latitude":"41.92459","longitude":"-87.72785",":id":"row-ceuf.9gsn.m4am",":version":"rv-a4qm-y5tp~96ke",":created_at":"2026-01-15T12:00:18.168Z",":updated_at":"2026-01-15T13:52:26.297Z",":@computed_region_awaf_s7ux":"7",":@computed_region_6mkv_f3dw":"22615",":@computed_region_vrxf_vc4k":"21",":@computed_region_bdys_3d7i":"439",":@computed_region_43wa_7qmu":"17",":@computed_region_rpca_8um6":"2",":@computed_region_8hcu_yrd4":"31"}},
{"type":"Feature","geometry":{"type":"Point","coordinates":[-87.704219368794,41.804758123768]},"properties":{"id":"1934290131858180982","station_name":"Kedzie Ave & 48th Pl","short_name":"CHI01767","total_docks":"15","docks_in_service":"15","status":"In Service","latitude":"41.8047581238","longitude":"-87.7042193688",":id":"row-x6vi.n87h~avpz",":version":"rv-ribw~6ji9-79mj",":created_at":"2026-02-07T12:00:25.760Z",":updated_at":"2026-02-07T12:00:30.878Z",":@computed_region_awaf_s7ux":"49",":@computed_region_6mkv_f3dw":"22248",":@computed_region_vrxf_vc4k":"55",":@computed_region_bdys_3d7i":"85",":@computed_region_43wa_7qmu":"8",":@computed_region_rpca_8um6":"56",":@computed_region_8hcu_yrd4":"14"}},
{"type":"Feature","geometry":{"type":"Point","coordinates":[-87.673935,41.903119]},"properties":{"id":"a3a3b731-a135-11e9-9cda-0a87ae2ba916","station_name":"Honore St & Division St","short_name":"CHI00269","total_docks":"23","docks_in_service":"23","status":"In Service","latitude":"41.903119","longitude":"-87.673935",":id":"row-mnsm-m4jh_dhs8",":version":"rv-5tqp-y3zw-5t8j",":created_at":"2026-01-19T12:00:22.200Z",":updated_at":"2026-01-19T12:00:31.876Z",":@computed_region_awaf_s7ux":"24",":@computed_region_6mkv_f3dw":"21560",":@computed_region_vrxf_vc4k":"25",":@computed_region_bdys_3d7i":"462",":@computed_region_43wa_7qmu":"41",":@computed_region_rpca_8um6":"4",":@computed_region_8hcu_yrd4":"1"}},
{"type":"Feature","geometry":{"type":"Point","coordinates":[-87.62286,41.8944]},"properties":{"id":"a3a7dc8c-a135-11e9-9cda-0a87ae2ba916","station_name":"St. Clair St & Erie St 1","short_name":"CHI01744","total_docks":"19","docks_in_service":"19","status":"In Service","latitude":"41.8944","longitude":"-87.62286",":id":"row-z38u_fyew-j9r5",":version":"rv-iykx.zzxd_gxsf",":created_at":"2026-01-26T12:00:18.064Z",":updated_at":"2026-01-26T12:00:38.365Z",":@computed_region_awaf_s7ux":"22",":@computed_region_6mkv_f3dw":"21182",":@computed_region_vrxf_vc4k":"37",":@computed_region_bdys_3d7i":"158",":@computed_region_43wa_7qmu":"36",":@computed_region_rpca_8um6":"6",":@computed_region_8hcu_yrd4":"42"}},
{"type":"Feature","geometry":{"type":"Point","coordinates":[-87.642424106598,41.705139788932]},"properties":{"id":"22afe78c-e8f7-4a80-969e-7ddeafdf49da","station_name":"Halsted St & 104th St","short_name":"CHI00829","total_docks":"15","docks_in_service":"15","status":"In Service","latitude":"41.7051397889","longitude":"-87.6424241066",":id":"row-atgc~8h6f~q4s7",":version":"rv-82qz~2492-nkmh",":created_at":"2025-06-14T11:00:19.984Z",":updated_at":"2025-06-14T11:00:25.292Z",":@computed_region_awaf_s7ux":"45",":@computed_region_6mkv_f3dw":"21861",":@computed_region_vrxf_vc4k":"45",":@computed_region_bdys_3d7i":"525",":@computed_region_43wa_7qmu":"22",":@computed_region_rpca_8um6":"19",":@computed_region_8hcu_yrd4":"21"}},
{"type":"Feature","geometry":{"type":"Point","coordinates":[-87.654418,41.947017]},"properties":{"id":"2093518273701847410","station_name":"Sheffield Ave & Addison St","short_name":"CHI02054","total_docks":"44","docks_in_service":"44","status":"In Service","latitude":"41.947017","longitude":"-87.654418",":id":"row-ay7z.7bcp_mg3v",":version":"rv-mws8_df29~7ah6",":created_at":"2026-01-15T12:00:18.168Z",":updated_at":"2026-01-15T13:52:26.297Z",":@computed_region_awaf_s7ux":"38",":@computed_region_6mkv_f3dw":"4449",":@computed_region_vrxf_vc4k":"57",":@computed_region_bdys_3d7i":"211",":@computed_region_43wa_7qmu":"25",":@computed_region_rpca_8um6":"22",":@computed_region_8hcu_yrd4":"44"}},
{"type":"Feature","geometry":{"type":"Point","coordinates":[-87.683825,41.902997]},"properties":{"id":"a3b486f2-a135-11e9-9cda-0a87ae2ba916","station_name":"Leavitt St & Division St","short_name":"CHI00787","total_docks":"15","docks_in_service":"15","status":"In Service","latitude":"41.902997","longitude":"-87.683825",":id":"row-udy5.4zpe.brix",":version":"rv-yn66~b9jp-frgz",":created_at":"2026-01-17T12:00:31.528Z",":updated_at":"2026-01-17T12:00:38.073Z",":@computed_region_awaf_s7ux":"16",":@computed_region_6mkv_f3dw":"21560",":@computed_region_vrxf_vc4k":"25",":@computed_region_bdys_3d7i":"541",":@computed_region_43wa_7qmu":"11",":@computed_region_rpca_8um6":"4",":@computed_region_8hcu_yrd4":"1"}},
{"type":"Feature","geometry":{"type":"Point","coordinates":[-87.621748,41.765286]},"properties":{"id":"61695579-2f75-4090-a071-c76079b5fb5d","station_name":"Michigan Ave & 71st St","short_name":"CHI00799","total_docks":"7","docks_in_service":"7","status":"In Service","latitude":"41.765286","longitude":"-87.621748",":id":"row-dw4q~7syn-kmyp",":version":"rv-xr4k_yzka-wf3s",":created_at":"2026-01-30T12:02:27.964Z",":updated_at":"2026-01-30T12:02:29.655Z",":@computed_region_awaf_s7ux":"31",":@computed_region_6mkv_f3dw":"21546",":@computed_region_vrxf_vc4k":"67",":@computed_region_bdys_3d7i":"474",":@computed_region_43wa_7qmu":"32",":@computed_region_rpca_8um6":"61",":@computed_region_8hcu_yrd4":"4"}},
{"type":"Feature","geometry":{"type":"Point","coordinates":[-87.76472,41.95607]},"properties":{"id":"2008158642964226604","station_name":"Portage Park","short_name":"CHI01952","total_docks":"16","docks_in_service":"16","status":"In Service","latitude":"41.95607","longitude":"-87.76472",":id":"row-ntxb~7yfr_4s6z",":version":"rv-2b7u~6u4d~8qb4",":created_at":"2026-01-19T12:00:22.200Z",":updated_at":"2026-01-19T12:00:31.876Z",":@computed_region_awaf_s7ux":"25",":@computed_region_6mkv_f3dw":"22618",":@computed_region_vrxf_vc4k":"15",":@computed_region_bdys_3d7i":"260",":@computed_region_43wa_7qmu":"19",":@computed_region_rpca_8um6":"21",":@computed_region_8hcu_yrd4":"38"}},
{"type":"Feature","geometry":{"type":"Point","coordinates":[-87.623981,41.872773]},"properties":{"id":"a3b36d8a-a135-11e9-9cda-0a87ae2ba916","station_name":"Michigan Ave & 8th St","short_name":"CHI01163","total_docks":"43","docks_in_service":"43","status":"In Service","latitude":"41.872773","longitude":"-87.623981",":id":"row-5neb.s9kq.c5pc",":version":"rv-ws5y.ehv8~knym",":created_at":"2026-02-07T12:00:25.760Z",":updated_at":"2026-02-07T12:00:30.878Z",":@computed_region_awaf_s7ux":"48",":@computed_region_6mkv_f3dw":"14913",":@computed_region_vrxf_vc4k":"38",":@computed_region_bdys_3d7i":"368",":@computed_region_43wa_7qmu":"10",":@computed_region_rpca_8um6":"35",":@computed_region_8hcu_yrd4":"9"}},
{"type":"Feature","geometry":{"type":"Point","coordinates":[-87.6416,41.92012]},"properties":{"id":"2121775389501413766","station_name":"Lincoln Ave & Dickens Ave","short_name":"CHI02112","total_docks":"15","docks_in_service":"15","status":"In Service","latitude":"41.92012","longitude":"-87.6416",":id":"row-5kms_cdpd.6tu8",":version":"rv-wgdj.j89z-q48i",":created_at":"2026-01-09T12:02:30.381Z",":updated_at":"2026-01-09T12:02:34.419Z",":@computed_region_awaf_s7ux":"51",":@computed_region_6mkv_f3dw":"21190",":@computed_region_vrxf_vc4k":"68",":@computed_region_bdys_3d7i":"745",":@computed_region_43wa_7qmu":"34",":@computed_region_rpca_8um6":"16",":@computed_region_8hcu_yrd4":"43"}},
{"type":"Feature","geometry":{"type":"Point","coordinates":[-87.627542,41.856594]},"properties":{"id":"a3a73ef1-a135-11e9-9cda-0a87ae2ba916","station_name":"State St & 19th St","short_name":"CHI00676","total_docks":"15","docks_in_service":"15","status":"In Service","latitude":"41.856594","longitude":"-87.627542",":id":"row-95zc-xkfr.uumc",":version":"rv-28y3~jrtn_mh76",":created_at":"2025-06-14T11:00:19.984Z",":updated_at":"2025-06-14T11:00:25.292Z",":@computed_region_awaf_s7ux":"12",":@computed_region_6mkv_f3dw":"21194",":@computed_region_vrxf_vc4k":"34",":@computed_region_bdys_3d7i":"330",":@computed_region_43wa_7qmu":"9",":@computed_region_rpca_8um6":"40",":@computed_region_8hcu_yrd4":"8"}},
{"type":"Feature","geometry":{"type":"Point","coordinates":[-87.652662098408,41.936253483141]},"properties":{"id":"a3a589b9-a135-11e9-9cda-0a87ae2ba916","station_name":"Sheffield Ave & Wellington Ave","short_name":"CHI00274","total_docks":"23","docks_in_service":"23","status":"In Service","latitude":"41.9362534831","longitude":"-87.6526620984",":id":"row-jkm9.2mrm-hkvf",":version":"rv-gasi-pj3m~aabi",":created_at":"2026-01-26T12:00:18.064Z",":updated_at":"2026-01-26T12:00:38.365Z",":@computed_region_awaf_s7ux":"38",":@computed_region_6mkv_f3dw":"4449",":@computed_region_vrxf_vc4k":"57",":@computed_region_bdys_3d7i":"681",":@computed_region_43wa_7qmu":"25",":@computed_region_rpca_8um6":"22",":@computed_region_8hcu_yrd4":"44"}},
{"type":"Feature","geometry":{"type":"Point","coordinates":[-87.65703,41.87464]},"properties":{"id":"a3a405a1-a135-11e9-9cda-0a87ae2ba916","station_name":"Racine Ave & Congress Pkwy","short_name":"CHI00265","total_docks":"19","docks_in_service":"19","status":"In Service","latitude":"41.87464","longitude":"-87.65703",":id":"row-s49t~q47x-c9hf",":version":"rv-qygh_6g9r_hpg6",":created_at":"2026-01-09T12:02:30.381Z",":updated_at":"2026-01-09T12:02:34.419Z",":@computed_region_awaf_s7ux":"48",":@computed_region_6mkv_f3dw":"14917",":@computed_region_vrxf_vc4k":"29",":@computed_region_bdys_3d7i":"88",":@computed_region_43wa_7qmu":"23",":@computed_region_rpca_8um6":"44",":@computed_region_8hcu_yrd4":"34"}},
{"type":"Feature","geometry":{"type":"Point","coordinates":[-87.66404,41.95155]},"properties":{"id":"2142873950873792982","station_name":"Southport Ave & Grace St","short_name":"CHI02157","total_docks":"15","docks_in_service":"15","status":"In Service","latitude":"41.95155","longitude":"-87.66404",":id":"row-q9fn-ixc7.6c6e",":version":"rv-ac5q.3git-a34u",":created_at":"2026-01-30T12:02:27.964Z",":updated_at":"2026-01-30T12:02:29.655Z",":@computed_region_awaf_s7ux":"38",":@computed_region_6mkv_f3dw":"21186",":@computed_region_vrxf_vc4k":"57",":@computed_region_bdys_3d7i":"725",":@computed_region_43wa_7qmu":"25",":@computed_region_rpca_8um6":"53",":@computed_region_8hcu_yrd4":"44"}},
{"type":"Feature","geometry":{"type":"Point","coordinates":[-87.668019,41.978017]},"properties":{"id":"a3af460f-a135-11e9-9cda-0a87ae2ba916","station_name":"Clark St & Berwyn Ave","short_name":"CHI00530","total_docks":"19","docks_in_service":"19","status":"In Service","latitude":"41.978017","longitude":"-87.668019",":id":"row-tcb3.8ntz_88wy",":version":"rv-8idj-8ur5_kv5c",":created_at":"2026-01-30T12:02:27.964Z",":updated_at":"2026-01-30T12:02:29.655Z",":@computed_region_awaf_s7ux":"40",":@computed_region_6mkv_f3dw":"22616",":@computed_region_vrxf_vc4k":"76",":@computed_region_bdys_3d7i":"540",":@computed_region_43wa_7qmu":"16",":@computed_region_rpca_8um6":"15",":@computed_region_8hcu_yrd4":"48"}},
{"type":"Feature","geometry":{"type":"Point","coordinates":[-87.713696,41.741346]},"properties":{"id":"1872723419889143870","station_name":"Columbus Ave & 83rd Pl","short_name":"CHI01752","total_docks":"15","docks_in_service":"15","status":"In Service","latitude":"41.741346","longitude":"-87.713696",":id":"row-e76h-x5z6_ui3j",":version":"rv-d4fk_tqu2-z8sp",":created_at":"2026-01-30T12:02:27.964Z",":updated_at":"2026-01-30T12:02:29.655Z",":@computed_region_awaf_s7ux":"6",":@computed_region_6mkv_f3dw":"4300",":@computed_region_vrxf_vc4k":"69",":@computed_region_bdys_3d7i":"198",":@computed_region_43wa_7qmu":"30",":@computed_region_rpca_8um6":"8",":@computed_region_8hcu_yrd4":"18"}},
{"type":"Feature","geometry":{"type":"Point","coordinates":[-87.618471980095,41.707170271178]},"properties":{"id":"10327d47-3c3a-433e-9e38-80638da64232","station_name":"Indiana Ave & 103rd St","short_name":"CHI00747","total_docks":"15","docks_in_service":"15","status":"In Service","latitude":"41.7071702712","longitude":"-87.6184719801",":id":"row-a9cm-s7s9~c2yb",":version":"rv-sb73~kbb3~ttgq",":created_at":"2025-06-14T11:00:19.984Z",":updated_at":"2025-06-14T11:00:25.292Z",":@computed_region_awaf_s7ux":"30",":@computed_region_6mkv_f3dw":"21861",":@computed_region_vrxf_vc4k":"45",":@computed_region_bdys_3d7i":"236",":@computed_region_43wa_7qmu":"43",":@computed_region_rpca_8um6":"19",":@computed_region_8hcu_yrd4":"11"}},
{"type":"Feature","geometry":{"type":"Point","coordinates":[-87.640981078148,41.878316611831]},"properties":{"id":"a3b41f78-a135-11e9-9cda-0a87ae2ba916","station_name":"Clinton St & Jackson Blvd","short_name":"CHI01091","total_docks":"31","docks_in_service":"31","status":"In Service","latitude":"41.8783166118","longitude":"-87.6409810781",":id":"row-jwuq-5inr.frep",":version":"rv-m4ut.k954-b87y",":created_at":"2025-12-29T12:00:18.345Z",":updated_at":"2025-12-29T12:00:22.637Z",":@computed_region_awaf_s7ux":"48",":@computed_region_6mkv_f3dw":"14914",":@computed_region_vrxf_vc4k":"29",":@computed_region_bdys_3d7i":"786",":@computed_region_43wa_7qmu":"36",":@computed_region_rpca_8um6":"45",":@computed_region_8hcu_yrd4":"34"}},
{"type":"Feature","geometry":{"type":"Point","coordinates":[-87.7609189,41.9092147]},"properties":{"id":"1927677528601722888","station_name":"Long Ave & North Ave","short_name":"CHI01886","total_docks":"15","docks_in_service":"15","status":"In Service","latitude":"41.9092147","longitude":"-87.7609189",":id":"row-6nc8.76et-53d3",":version":"rv-wzpu_xsfw~di32",":created_at":"2026-02-19T12:00:22.909Z",":updated_at":"2026-02-19T12:00:26.161Z",":@computed_region_awaf_s7ux":"4",":@computed_region_6mkv_f3dw":"22615",":@computed_region_vrxf_vc4k":"26",":@computed_region_bdys_3d7i":"599",":@computed_region_43wa_7qmu":"45",":@computed_region_rpca_8um6":"5",":@computed_region_8hcu_yrd4":"37"}},
{"type":"Feature","geometry":{"type":"Point","coordinates":[-87.69673,41.80849]},"properties":{"id":"1943243743326460398","station_name":"Francisco Ave & 47th St","short_name":"CHI01784","total_docks":"15","docks_in_service":"15","status":"In Service","latitude":"41.80849","longitude":"-87.69673",":id":"row-hquc-hs3b-ebpv",":version":"rv-6vqb.85sw~62p5",":created_at":"2026-02-19T12:00:22.909Z",":updated_at":"2026-02-19T12:00:26.161Z",":@computed_region_awaf_s7ux":"49",":@computed_region_6mkv_f3dw":"22248",":@computed_region_vrxf_vc4k":"55",":@computed_region_bdys_3d7i":"85",":@computed_region_43wa_7qmu":"3",":@computed_region_rpca_8um6":"56",":@computed_region_8hcu_yrd4":"12"}},
{"type":"Feature","geometry":{"type":"Point","coordinates":[-87.71428,41.93301]},"properties":{"id":"2170720668030248368","station_name":"Milwaukee Ave & Wolfram St","short_name":"CHI02189","total_docks":"11","docks_in_service":"11","status":"In Service","latitude":"41.93301","longitude":"-87.71428",":id":"row-d3d5-bz46.xcgu",":version":"rv-2xf3.cj2u~r6tr",":created_at":"2026-02-14T12:00:19.867Z",":updated_at":"2026-02-14T12:00:21.639Z",":@computed_region_awaf_s7ux":"15",":@computed_region_6mkv_f3dw":"21538",":@computed_region_vrxf_vc4k":"22",":@computed_region_bdys_3d7i":"55",":@computed_region_43wa_7qmu":"12",":@computed_region_rpca_8um6":"39",":@computed_region_8hcu_yrd4":"35"}},
{"type":"Feature","geometry":{"type":"Point","coordinates":[-87.74569,41.80781]},"properties":{"id":"1951050538021341810","station_name":"Lamon Ave & 47th St","short_name":"CHI01917","total_docks":"11","docks_in_service":"11","status":"In Service","latitude":"41.80781","longitude":"-87.74569",":id":"row-amwb~jvu4~jkfa",":version":"rv-varr.vstr~24bs",":created_at":"2026-01-30T12:02:27.964Z",":updated_at":"2026-01-30T12:02:29.655Z",":@computed_region_awaf_s7ux":"35",":@computed_region_6mkv_f3dw":"22268",":@computed_region_vrxf_vc4k":"53",":@computed_region_bdys_3d7i":"604",":@computed_region_43wa_7qmu":"28",":@computed_region_rpca_8um6":"7",":@computed_region_8hcu_yrd4":"22"}},
{"type":"Feature","geometry":{"type":"Point","coordinates":[-87.53564,41.70266]},"properties":{"id":"1975534535703495210","station_name":"Ewing Ave & 106th St","short_name":"CHI01948","total_docks":"16","docks_in_service":"16","status":"In Service","latitude":"41.70266","longitude":"-87.53564",":id":"row-vnfr_xtqm.6fjq",":version":"rv-p8wx_tkhq.4eut",":created_at":"2026-01-30T12:02:27.964Z",":updated_at":"2026-01-30T12:02:29.655Z",":@computed_region_awaf_s7ux":"47",":@computed_region_6mkv_f3dw":"21202",":@computed_region_vrxf_vc4k":"49",":@computed_region_bdys_3d7i":"602",":@computed_region_43wa_7qmu":"47",":@computed_region_rpca_8um6":"25",":@computed_region_8hcu_yrd4":"6"}},
{"type":"Feature","geometry":{"type":"Point","coordinates":[-87.626804,41.911722]},"properties":{"id":"a3a9892f-a135-11e9-9cda-0a87ae2ba916","station_name":"DuSable Lake Shore Dr & North Blvd","short_name":"CHI00525","total_docks":"39","docks_in_service":"39","status":"In Service","latitude":"41.911722","longitude":"-87.626804",":id":"row-85bp_qe66_72jg",":version":"rv-hgiw_f54b~q29j",":created_at":"2026-02-19T12:00:22.909Z",":updated_at":"2026-02-19T12:00:26.161Z",":@computed_region_awaf_s7ux":"51",":@computed_region_6mkv_f3dw":"21190",":@computed_region_vrxf_vc4k":"68",":@computed_region_bdys_3d7i":"271",":@computed_region_43wa_7qmu":"34",":@computed_region_rpca_8um6":"16",":@computed_region_8hcu_yrd4":"43"}},
{"type":"Feature","geometry":{"type":"Point","coordinates":[-87.728952,41.91748]},"properties":{"id":"1867616662773391950","station_name":"Karlov Ave & Armitage Ave","short_name":"CHI01825","total_docks":"15","docks_in_service":"15","status":"In Service","latitude":"41.91748","longitude":"-87.728952",":id":"row-hgmp~3asw-5uyu",":version":"rv-ugy5.8t9s~p95w",":created_at":"2026-02-14T12:00:19.867Z",":updated_at":"2026-02-14T12:00:21.639Z",":@computed_region_awaf_s7ux":"27",":@computed_region_6mkv_f3dw":"22615",":@computed_region_vrxf_vc4k":"21",":@computed_region_bdys_3d7i":"76",":@computed_region_43wa_7qmu":"49",":@computed_region_rpca_8um6":"2",":@computed_region_8hcu_yrd4":"26"}},
{"type":"Feature","geometry":{"type":"Point","coordinates":[-87.68743,41.78633]},"properties":{"id":"2184824365297877962","station_name":"Maplewood Ave & 59th St","short_name":"CHI02201","total_docks":"8","docks_in_service":"8","status":"In Service","latitude":"41.78633","longitude":"-87.68743",":id":"row-2wss_r9p9_3cfk",":version":"rv-bx86_er98~rpd6",":created_at":"2026-02-14T12:00:19.867Z",":updated_at":"2026-02-14T12:00:21.639Z",":@computed_region_awaf_s7ux":"19",":@computed_region_6mkv_f3dw":"21867",":@computed_region_vrxf_vc4k":"64",":@computed_region_bdys_3d7i":"111",":@computed_region_43wa_7qmu":"2",":@computed_region_rpca_8um6":"58",":@computed_region_8hcu_yrd4":"16"}},
{"type":"Feature","geometry":{"type":"Point","coordinates":[-87.671387,41.961507]},"properties":{"id":"a3aa1b5b-a135-11e9-9cda-0a87ae2ba916","station_name":"Paulina St & Montrose Ave","short_name":"CHI00463","total_docks":"15","docks_in_service":"15","status":"In Service","latitude":"41.961507","longitude":"-87.671387",":id":"row-rsng~7c8q_sdih",":version":"rv-h9hv~dbwt-xxst",":created_at":"2026-02-01T12:02:27.698Z",":updated_at":"2026-02-01T12:02:33.986Z",":@computed_region_awaf_s7ux":"13",":@computed_region_6mkv_f3dw":"21186",":@computed_region_vrxf_vc4k":"57",":@computed_region_bdys_3d7i":"651",":@computed_region_43wa_7qmu":"18",":@computed_region_rpca_8um6":"53",":@computed_region_8hcu_yrd4":"47"}},
{"type":"Feature","geometry":{"type":"Point","coordinates":[-87.6540612729,41.896362458]},"properties":{"id":"a3a478c9-a135-11e9-9cda-0a87ae2ba916","station_name":"Ogden Ave & Chicago Ave","short_name":"CHI00275","total_docks":"19","docks_in_service":"19","status":"In Service","latitude":"41.896362458","longitude":"-87.6540612729",":id":"row-93xk-6hwt_paq6",":version":"rv-czx3-mij5-hai6",":created_at":"2026-01-23T12:00:20.731Z",":updated_at":"2026-01-23T12:00:23.885Z",":@computed_region_awaf_s7ux":"41",":@computed_region_6mkv_f3dw":"22620",":@computed_region_vrxf_vc4k":"25",":@computed_region_bdys_3d7i":"109",":@computed_region_43wa_7qmu":"46",":@computed_region_rpca_8um6":"49",":@computed_region_8hcu_yrd4":"27"}},
{"type":"Feature","geometry":{"type":"Point","coordinates":[-87.7584143,41.9175941]},"properties":{"id":"1929883678185797908","station_name":"Lockwood Ave & Grand Ave","short_name":"CHI01758","total_docks":"15","docks_in_service":"15","status":"In Service","latitude":"41.9175941","longitude":"-87.7584143",":id":"row-5zys~pc9t_3sqa",":version":"rv-un6y.r4ih-txds",":created_at":"2025-06-14T11:00:19.984Z",":updated_at":"2025-06-14T11:00:25.292Z",":@computed_region_awaf_s7ux":"4",":@computed_region_6mkv_f3dw":"22615",":@computed_region_vrxf_vc4k":"19",":@computed_region_bdys_3d7i":"307",":@computed_region_43wa_7qmu":"44",":@computed_region_rpca_8um6":"2",":@computed_region_8hcu_yrd4":"36"}},
{"type":"Feature","geometry":{"type":"Point","coordinates":[-87.622,41.66388]},"properties":{"id":"2038315274961340692","station_name":"State St & 127th St","short_name":"CHI01946","total_docks":"16","docks_in_service":"16","status":"In Service","latitude":"41.66388","longitude":"-87.622",":id":"row-8yv2_knv6~5gvi",":version":"rv-jr3n-u5i2-vmfa",":created_at":"2026-01-17T12:00:31.528Z",":updated_at":"2026-01-17T12:00:38.073Z",":@computed_region_awaf_s7ux":"30",":@computed_region_6mkv_f3dw":"21861",":@computed_region_vrxf_vc4k":"50",":@computed_region_bdys_3d7i":"504",":@computed_region_43wa_7qmu":"43",":@computed_region_rpca_8um6":"19",":@computed_region_8hcu_yrd4":"11"}},
{"type":"Feature","geometry":{"type":"Point","coordinates":[-87.6932272,41.813617]},"properties":{"id":"1934289944388426278","station_name":"Fairfield Ave & 44th St","short_name":"CHI01790","total_docks":"15","docks_in_service":"15","status":"In Service","latitude":"41.813617","longitude":"-87.6932272",":id":"row-tw92_yzgg-3esz",":version":"rv-xbi5~ekxm_ns6j",":created_at":"2026-01-17T12:00:31.528Z",":updated_at":"2026-01-17T12:00:38.073Z",":@computed_region_awaf_s7ux":"29",":@computed_region_6mkv_f3dw":"22248",":@computed_region_vrxf_vc4k":"55",":@computed_region_bdys_3d7i":"641",":@computed_region_43wa_7qmu":"3",":@computed_region_rpca_8um6":"56",":@computed_region_8hcu_yrd4":"12"}},
{"type":"Feature","geometry":{"type":"Point","coordinates":[-87.621757686138,41.896944626371]},"properties":{"id":"a3a7258b-a135-11e9-9cda-0a87ae2ba916","station_name":"Mies van der Rohe Way & Chicago Ave","short_name":"CHI00470","total_docks":"15","docks_in_service":"15","status":"In Service","latitude":"41.8969446264","longitude":"-87.6217576861",":id":"row-nvtg-biaa~unyc",":version":"rv-2a6i~kxm9-b6en",":created_at":"2026-02-14T12:00:19.867Z",":updated_at":"2026-02-14T12:00:21.639Z",":@computed_region_awaf_s7ux":"22",":@computed_region_6mkv_f3dw":"21182",":@computed_region_vrxf_vc4k":"37",":@computed_region_bdys_3d7i":"233",":@computed_region_43wa_7qmu":"11",":@computed_region_rpca_8um6":"6",":@computed_region_8hcu_yrd4":"2"}},
{"type":"Feature","geometry":{"type":"Point","coordinates":[-87.78436,41.93473]},"properties":{"id":"1942118282074374350","station_name":"Wellington Ave & Mulligan Ave","short_name":"CHI01899","total_docks":"15","docks_in_service":"15","status":"In Service","latitude":"41.93473","longitude":"-87.78436",":id":"row-gnr4~a8i2-53m8",":version":"rv-5j3y_3cw6-f7g9",":created_at":"2026-02-23T12:02:30.864Z",":updated_at":"2026-02-23T12:02:32.839Z",":@computed_region_awaf_s7ux":"39",":@computed_region_6mkv_f3dw":"22254",":@computed_region_vrxf_vc4k":"19",":@computed_region_bdys_3d7i":"81",":@computed_region_43wa_7qmu":"44",":@computed_region_rpca_8um6":"52",":@computed_region_8hcu_yrd4":"30"}},
{"type":"Feature","geometry":{"type":"Point","coordinates":[-87.64174,41.67764]},"properties":{"id":"2049399156721566146","station_name":"Halsted St & 119th St","short_name":"CHI02005","total_docks":"12","docks_in_service":"12","status":"In Service","latitude":"41.67764","longitude":"-87.64174",":id":"row-zc4q_m3r5~tpid",":version":"rv-9jfx~b46k~svc6",":created_at":"2026-01-17T12:00:31.528Z",":updated_at":"2026-01-17T12:00:38.073Z",":@computed_region_awaf_s7ux":"45",":@computed_region_6mkv_f3dw":"21861",":@computed_region_vrxf_vc4k":"50",":@computed_region_bdys_3d7i":"60",":@computed_region_43wa_7qmu":"22",":@computed_region_rpca_8um6":"19",":@computed_region_8hcu_yrd4":"21"}},
{"type":"Feature","geometry":{"type":"Point","coordinates":[-87.7344,41.80231]},"properties":{"id":"2184825100143886810","station_name":"Kenneth Ave & 50th St","short_name":"CHI02202","total_docks":"4","docks_in_service":"4","status":"In Service","latitude":"41.80231","longitude":"-87.7344",":id":"row-2krs_hj7e~2fdp",":version":"rv-94ik~8a3d.hdw9",":created_at":"2026-02-14T12:00:19.867Z",":updated_at":"2026-02-14T12:00:21.639Z",":@computed_region_awaf_s7ux":"35",":@computed_region_6mkv_f3dw":"22248",":@computed_region_vrxf_vc4k":"54",":@computed_region_bdys_3d7i":"697",":@computed_region_43wa_7qmu":"8",":@computed_region_rpca_8um6":"56",":@computed_region_8hcu_yrd4":"14"}},
{"type":"Feature","geometry":{"type":"Point","coordinates":[-87.612259984016,41.700121379239]},"properties":{"id":"87c01e57-8a00-430d-9eb3-2abe51e535dd","station_name":"Vernon Ave & 107th St","short_name":"CHI00772","total_docks":"15","docks_in_service":"15","status":"In Service","latitude":"41.7001213792","longitude":"-87.612259984",":id":"row-mnue.5nr4.yvde",":version":"rv-kcwz-s87f~qxrm",":created_at":"2025-06-14T11:00:19.984Z",":updated_at":"2025-06-14T11:00:25.292Z",":@computed_region_awaf_s7ux":"30",":@computed_region_6mkv_f3dw":"21861",":@computed_region_vrxf_vc4k":"45",":@computed_region_bdys_3d7i":"236",":@computed_region_43wa_7qmu":"43",":@computed_region_rpca_8um6":"19",":@computed_region_8hcu_yrd4":"11"}},
{"type":"Feature","geometry":{"type":"Point","coordinates":[-87.643902157488,41.75248701249]},"properties":{"id":"c3f1be96-07c2-4c65-8a1d-f2203de88495","station_name":"Halsted St & 78th St","short_name":"CHI00857","total_docks":"15","docks_in_service":"15","status":"In Service","latitude":"41.7524870125","longitude":"-87.6439021575",":id":"row-ypu5-hney~tajb",":version":"rv-kkic-qhvc_ajpv",":created_at":"2025-06-14T11:00:19.984Z",":updated_at":"2025-06-14T11:00:25.292Z",":@computed_region_awaf_s7ux":"17",":@computed_region_6mkv_f3dw":"21554",":@computed_region_vrxf_vc4k":"70",":@computed_region_bdys_3d7i":"556",":@computed_region_43wa_7qmu":"31",":@computed_region_rpca_8um6":"59",":@computed_region_8hcu_yrd4":"17"}},
{"type":"Feature","geometry":{"type":"Point","coordinates":[-87.713949,41.949923]},"properties":{"id":"a3b42a3e-a135-11e9-9cda-0a87ae2ba916","station_name":"Bernard St & Elston Ave","short_name":"CHI00698","total_docks":"11","docks_in_service":"11","status":"In Service","latitude":"41.949923","longitude":"-87.713949",":id":"row-5tx6-3tdn.xtmt",":version":"rv-3y78-ihuj_vp2g",":created_at":"2026-02-01T12:02:27.698Z",":updated_at":"2026-02-01T12:02:33.986Z",":@computed_region_awaf_s7ux":"15",":@computed_region_6mkv_f3dw":"21538",":@computed_region_vrxf_vc4k":"16",":@computed_region_bdys_3d7i":"325",":@computed_region_43wa_7qmu":"12",":@computed_region_rpca_8um6":"39",":@computed_region_8hcu_yrd4":"35"}},
{"type":"Feature","geometry":{"type":"Point","coordinates":[-87.68864,41.91771]},"properties":{"id":"2130026180535114202","station_name":"Milwaukee Ave & Armitage Ave","short_name":"CHI02131","total_docks":"11","docks_in_service":"11","status":"In Service","latitude":"41.91771","longitude":"-87.68864",":id":"row-n4jm_bpyz_nre8",":version":"rv-qd5b_vr76.3vv3",":created_at":"2026-02-19T12:00:22.909Z",":updated_at":"2026-02-19T12:00:26.161Z",":@computed_region_awaf_s7ux":"24",":@computed_region_6mkv_f3dw":"22535",":@computed_region_vrxf_vc4k":"23",":@computed_region_bdys_3d7i":"323",":@computed_region_43wa_7qmu":"41",":@computed_region_rpca_8um6":"1",":@computed_region_8hcu_yrd4":"1"}},
{"type":"Feature","geometry":{"type":"Point","coordinates":[-87.678435,41.903266]},"properties":{"id":"a3a5d8db-a135-11e9-9cda-0a87ae2ba916","station_name":"Damen Ave & Division St","short_name":"CHI00318","total_docks":"19","docks_in_service":"19","status":"In Service","latitude":"41.903266","longitude":"-87.678435",":id":"row-wakc_5gc9-guux",":version":"rv-6sfc.rcnj_25dp",":created_at":"2026-02-19T12:00:22.909Z",":updated_at":"2026-02-19T12:00:26.161Z",":@computed_region_awaf_s7ux":"24",":@computed_region_6mkv_f3dw":"21560",":@computed_region_vrxf_vc4k":"25",":@computed_region_bdys_3d7i":"481",":@computed_region_43wa_7qmu":"41",":@computed_region_rpca_8um6":"4",":@computed_region_8hcu_yrd4":"1"}},
{"type":"Feature","geometry":{"type":"Point","coordinates":[-87.65427,41.94236]},"properties":{"id":"2186726165999504510","station_name":"Sheffield Ave & School St","short_name":"CHI02207","total_docks":"15","docks_in_service":"15","status":"In Service","latitude":"41.94236","longitude":"-87.65427",":id":"row-hjzt_9xsw_v4ax",":version":"rv-rfxc~ndiq_rau7",":created_at":"2026-02-19T12:00:22.909Z",":updated_at":"2026-02-19T12:00:26.161Z",":@computed_region_awaf_s7ux":"38",":@computed_region_6mkv_f3dw":"4449",":@computed_region_vrxf_vc4k":"57",":@computed_region_bdys_3d7i":"710",":@computed_region_43wa_7qmu":"25",":@computed_region_rpca_8um6":"22",":@computed_region_8hcu_yrd4":"44"}},
{"type":"Feature","geometry":{"type":"Point","coordinates":[-87.677855,41.920082]},"properties":{"id":"a3aa5ed1-a135-11e9-9cda-0a87ae2ba916","station_name":"Damen Ave & Charleston St","short_name":"CHI00403","total_docks":"11","docks_in_service":"11","status":"In Service","latitude":"41.920082","longitude":"-87.677855",":id":"row-i6av-k8fe.t3n9",":version":"rv-wqz2-9zpf.e7vp",":created_at":"2026-01-28T12:00:17.414Z",":updated_at":"2026-01-28T12:00:33.700Z",":@computed_region_awaf_s7ux":"16",":@computed_region_6mkv_f3dw":"22535",":@computed_region_vrxf_vc4k":"23",":@computed_region_bdys_3d7i":"178",":@computed_region_43wa_7qmu":"40",":@computed_region_rpca_8um6":"1",":@computed_region_8hcu_yrd4":"32"}},
{"type":"Feature","geometry":{"type":"Point","coordinates":[-87.7334818,41.8954357]},"properties":{"id":"1928795714838393816","station_name":"Kildare Ave & Chicago Ave","short_name":"CHI01887","total_docks":"15","docks_in_service":"15","status":"In Service","latitude":"41.8954357","longitude":"-87.7334818",":id":"row-u69w.znwg.aaap",":version":"rv-xpwe_q3c2.rvb4",":created_at":"2025-06-14T11:00:19.984Z",":updated_at":"2025-06-14T11:00:25.292Z",":@computed_region_awaf_s7ux":"4",":@computed_region_6mkv_f3dw":"4299",":@computed_region_vrxf_vc4k":"24",":@computed_region_bdys_3d7i":"99",":@computed_region_43wa_7qmu":"45",":@computed_region_rpca_8um6":"5",":@computed_region_8hcu_yrd4":"37"}},
{"type":"Feature","geometry":{"type":"Point","coordinates":[-87.646452784538,41.949472740883]},"properties":{"id":"a3a845b0-a135-11e9-9cda-0a87ae2ba916","station_name":"Pine Grove Ave & Waveland Ave","short_name":"CHI00354","total_docks":"23","docks_in_service":"23","status":"In Service","latitude":"41.9494727409","longitude":"-87.6464527845",":id":"row-79ek-p9pu~kd3h",":version":"rv-9ntu.mfxk.ik34",":created_at":"2026-01-19T12:00:22.200Z",":updated_at":"2026-01-19T12:00:31.876Z",":@computed_region_awaf_s7ux":"37",":@computed_region_6mkv_f3dw":"21186",":@computed_region_vrxf_vc4k":"57",":@computed_region_bdys_3d7i":"726",":@computed_region_43wa_7qmu":"39",":@computed_region_rpca_8um6":"53",":@computed_region_8hcu_yrd4":"46"}},
{"type":"Feature","geometry":{"type":"Point","coordinates":[-87.6624120948,42.01058656284]},"properties":{"id":"a3ac4024-a135-11e9-9cda-0a87ae2ba916","station_name":"Sheridan Rd & Greenleaf Ave","short_name":"CHI00371","total_docks":"15","docks_in_service":"15","status":"In Service","latitude":"42.0105865628","longitude":"-87.6624120948",":id":"row-pwvd_qz52~hfkq",":version":"rv-fc2m.27h8-wsr7",":created_at":"2025-12-31T12:02:29.304Z",":updated_at":"2025-12-31T12:02:30.232Z",":@computed_region_awaf_s7ux":"3",":@computed_region_6mkv_f3dw":"21853",":@computed_region_vrxf_vc4k":"10",":@computed_region_bdys_3d7i":"267",":@computed_region_43wa_7qmu":"5",":@computed_region_rpca_8um6":"9",":@computed_region_8hcu_yrd4":"49"}},
{"type":"Feature","geometry":{"type":"Point","coordinates":[-87.585743665695,41.731394943302]},"properties":{"id":"7e435d2a-617e-4c3f-bed0-a8801c20f265","station_name":"Stony Island Ave & 90th St","short_name":"CHI00850","total_docks":"15","docks_in_service":"15","status":"In Service","latitude":"41.7313949433","longitude":"-87.5857436657",":id":"row-r8nv.yxss_6vhy",":version":"rv-mt27_jjkb-w83t",":created_at":"2025-12-29T12:00:18.345Z",":updated_at":"2025-12-29T12:00:22.637Z",":@computed_region_awaf_s7ux":"9",":@computed_region_6mkv_f3dw":"21202",":@computed_region_vrxf_vc4k":"44",":@computed_region_bdys_3d7i":"491",":@computed_region_43wa_7qmu":"35",":@computed_region_rpca_8um6":"61",":@computed_region_8hcu_yrd4":"10"}},
{"type":"Feature","geometry":{"type":"Point","coordinates":[-87.597035765648,41.718703154757]},"properties":{"id":"95185a0d-da45-406a-a892-6b37b0d29fa8","station_name":"Greenwood Ave & 97th St","short_name":"CHI00879","total_docks":"15","docks_in_service":"15","status":"In Service","latitude":"41.7187031548","longitude":"-87.5970357656",":id":"row-rbqm~ab5i.8g6h",":version":"rv-mufi.r86p.mz4a",":created_at":"2025-07-20T11:00:26.431Z",":updated_at":"2025-07-20T11:00:28.849Z",":@computed_region_awaf_s7ux":"9",":@computed_region_6mkv_f3dw":"21861",":@computed_region_vrxf_vc4k":"47",":@computed_region_bdys_3d7i":"643",":@computed_region_43wa_7qmu":"35",":@computed_region_rpca_8um6":"19",":@computed_region_8hcu_yrd4":"10"}},
{"type":"Feature","geometry":{"type":"Point","coordinates":[-87.688273,41.95774]},"properties":{"id":"2136953562065386088","station_name":"Western Ave & Berteau Ave","short_name":"CHI02147","total_docks":"11","docks_in_service":"11","status":"In Service","latitude":"41.95774","longitude":"-87.688273",":id":"row-7bm4-zazu-y96b",":version":"rv-rrt2-wdzj-nxvs",":created_at":"2025-12-31T12:02:29.304Z",":updated_at":"2025-12-31T12:02:30.232Z",":@computed_region_awaf_s7ux":"13",":@computed_region_6mkv_f3dw":"21538",":@computed_region_vrxf_vc4k":"46",":@computed_region_bdys_3d7i":"623",":@computed_region_43wa_7qmu":"18",":@computed_region_rpca_8um6":"39",":@computed_region_8hcu_yrd4":"47"}},
{"type":"Feature","geometry":{"type":"Point","coordinates":[-87.649263739586,41.881859328038]},"properties":{"id":"a3a79adb-a135-11e9-9cda-0a87ae2ba916","station_name":"Green St & Madison St","short_name":"CHI00347","total_docks":"27","docks_in_service":"27","status":"In Service","latitude":"41.881859328","longitude":"-87.6492637396",":id":"row-jru7~njd4~d3dq",":version":"rv-6zq3-mmcj.hs2f",":created_at":"2026-01-28T12:00:17.414Z",":updated_at":"2026-01-28T12:00:33.700Z",":@computed_region_awaf_s7ux":"41",":@computed_region_6mkv_f3dw":"14917",":@computed_region_vrxf_vc4k":"29",":@computed_region_bdys_3d7i":"63",":@computed_region_43wa_7qmu":"46",":@computed_region_rpca_8um6":"44",":@computed_region_8hcu_yrd4":"27"}},
{"type":"Feature","geometry":{"type":"Point","coordinates":[-87.673895,41.877618]},"properties":{"id":"a3b3915a-a135-11e9-9cda-0a87ae2ba916","station_name":"Malcolm X College","short_name":"CHI00746","total_docks":"19","docks_in_service":"19","status":"In Service","latitude":"41.877618","longitude":"-87.673895",":id":"row-4qrr-rtfn~4kwd",":version":"rv-838g.pdnb.x8j8",":created_at":"2025-09-09T11:00:29.231Z",":updated_at":"2025-09-09T11:00:30.883Z",":@computed_region_awaf_s7ux":"48",":@computed_region_6mkv_f3dw":"21184",":@computed_region_vrxf_vc4k":"29",":@computed_region_bdys_3d7i":"90",":@computed_region_43wa_7qmu":"46",":@computed_region_rpca_8um6":"28",":@computed_region_8hcu_yrd4":"27"}},
{"type":"Feature","geometry":{"type":"Point","coordinates":[-87.69733,41.78649]},"properties":{"id":"1936560098166245516","station_name":"Richmond St & 59th St","short_name":"CHI01824","total_docks":"15","docks_in_service":"15","status":"In Service","latitude":"41.78649","longitude":"-87.69733",":id":"row-njw9.9fs5_tvdm",":version":"rv-mszj~rmsq-ptsc",":created_at":"2026-01-21T12:00:27.028Z",":updated_at":"2026-01-21T12:00:32.257Z",":@computed_region_awaf_s7ux":"49",":@computed_region_6mkv_f3dw":"21867",":@computed_region_vrxf_vc4k":"61",":@computed_region_bdys_3d7i":"764",":@computed_region_43wa_7qmu":"2",":@computed_region_rpca_8um6":"58",":@computed_region_8hcu_yrd4":"15"}},
{"type":"Feature","geometry":{"type":"Point","coordinates":[-87.677296,41.952372]},"properties":{"id":"1799277526470631980","station_name":"Lincoln Ave & Byron St","short_name":"CHI01879","total_docks":"15","docks_in_service":"15","status":"In Service","latitude":"41.952372","longitude":"-87.677296",":id":"row-z3eh_k6n3.969h",":version":"rv-h4je~tyc3-nxk3",":created_at":"2026-02-07T12:00:25.760Z",":updated_at":"2026-02-07T12:00:30.878Z",":@computed_region_awaf_s7ux":"13",":@computed_region_6mkv_f3dw":"21186",":@computed_region_vrxf_vc4k":"46",":@computed_region_bdys_3d7i":"644",":@computed_region_43wa_7qmu":"18",":@computed_region_rpca_8um6":"53",":@computed_region_8hcu_yrd4":"47"}},
{"type":"Feature","geometry":{"type":"Point","coordinates":[-87.68232,41.91016]},"properties":{"id":"a3a7e69e-a135-11e9-9cda-0a87ae2ba916","station_name":"Leavitt St & North Ave","short_name":"CHI00428","total_docks":"23","docks_in_service":"23","status":"In Service","latitude":"41.91016","longitude":"-87.68232",":id":"row-k8mh~fuei.met7",":version":"rv-j4rr.zjht.u967",":created_at":"2026-02-07T12:00:25.760Z",":updated_at":"2026-02-07T12:00:30.878Z",":@computed_region_awaf_s7ux":"16",":@computed_region_6mkv_f3dw":"21560",":@computed_region_vrxf_vc4k":"25",":@computed_region_bdys_3d7i":"517",":@computed_region_43wa_7qmu":"11",":@computed_region_rpca_8um6":"4",":@computed_region_8hcu_yrd4":"1"}},
{"type":"Feature","geometry":{"type":"Point","coordinates":[-87.646795,41.847203]},"properties":{"id":"a3a7c341-a135-11e9-9cda-0a87ae2ba916","station_name":"Halsted St & Archer Ave","short_name":"CHI00426","total_docks":"15","docks_in_service":"15","status":"In Service","latitude":"41.847203","longitude":"-87.646795",":id":"row-6zr4~xxgf_7vd4",":version":"rv-q7gm_vnyw~wzm6",":created_at":"2026-02-01T12:02:27.698Z",":updated_at":"2026-02-01T12:02:33.986Z",":@computed_region_awaf_s7ux":"26",":@computed_region_6mkv_f3dw":"14920",":@computed_region_vrxf_vc4k":"58",":@computed_region_bdys_3d7i":"59",":@computed_region_43wa_7qmu":"48",":@computed_region_rpca_8um6":"43",":@computed_region_8hcu_yrd4":"7"}},
{"type":"Feature","geometry":{"type":"Point","coordinates":[-87.582801282406,41.736815214407]},"properties":{"id":"a5a5cb39-a6ee-45bc-96a0-6455ae111bad","station_name":"East End Ave & 87th St","short_name":"CHI00870","total_docks":"15","docks_in_service":"15","status":"In Service","latitude":"41.7368152144","longitude":"-87.5828012824",":id":"row-zdam.x58y.352y",":version":"rv-eu23-bc73_qdda",":created_at":"2026-02-01T12:02:27.698Z",":updated_at":"2026-02-01T12:02:33.986Z",":@computed_region_awaf_s7ux":"9",":@computed_region_6mkv_f3dw":"21202",":@computed_region_vrxf_vc4k":"44",":@computed_region_bdys_3d7i":"473",":@computed_region_43wa_7qmu":"35",":@computed_region_rpca_8um6":"25",":@computed_region_8hcu_yrd4":"10"}},
{"type":"Feature","geometry":{"type":"Point","coordinates":[-87.653818,41.92154]},"properties":{"id":"a3aabad8-a135-11e9-9cda-0a87ae2ba916","station_name":"Sheffield Ave & Webster Ave","short_name":"CHI00507","total_docks":"19","docks_in_service":"19","status":"In Service","latitude":"41.92154","longitude":"-87.653818",":id":"row-j3if-tjdv.yx7v",":version":"rv-h4cv~9wy4.t8dq",":created_at":"2026-02-07T12:00:25.760Z",":updated_at":"2026-02-07T12:00:30.878Z",":@computed_region_awaf_s7ux":"16",":@computed_region_6mkv_f3dw":"21190",":@computed_region_vrxf_vc4k":"68",":@computed_region_bdys_3d7i":"797",":@computed_region_43wa_7qmu":"34",":@computed_region_rpca_8um6":"16",":@computed_region_8hcu_yrd4":"43"}},
{"type":"Feature","geometry":{"type":"Point","coordinates":[-87.673447,42.052939]},"properties":{"id":"a3b310ac-a135-11e9-9cda-0a87ae2ba916","station_name":"University Library (NU)","short_name":"CHI01208","total_docks":"15","docks_in_service":"15","status":"In Service","latitude":"42.052939","longitude":"-87.673447",":id":"row-nwut_tup7~q5jd",":version":"rv-rg4m-6i4d~8zu5",":created_at":"2025-12-31T12:02:29.304Z",":updated_at":"2025-12-31T12:02:30.232Z",":@computed_region_awaf_s7ux":null,":@computed_region_6mkv_f3dw":"26293",":@computed_region_vrxf_vc4k":null,":@computed_region_bdys_3d7i":null,":@computed_region_43wa_7qmu":null,":@computed_region_rpca_8um6":null,":@computed_region_8hcu_yrd4":null}},
{"type":"Feature","geometry":{"type":"Point","coordinates":[-87.642002,41.900381]},"properties":{"id":"a3ac6f28-a135-11e9-9cda-0a87ae2ba916","station_name":"Larrabee St & Oak St","short_name":"CHI00701","total_docks":"19","docks_in_service":"19","status":"In Service","latitude":"41.900381","longitude":"-87.642002",":id":"row-stuu.h88j.kb3z",":version":"rv-s3ge.2gyt-s9x6",":created_at":"2026-02-01T12:02:27.698Z",":updated_at":"2026-02-01T12:02:33.986Z",":@computed_region_awaf_s7ux":"41",":@computed_region_6mkv_f3dw":"14926",":@computed_region_vrxf_vc4k":"37",":@computed_region_bdys_3d7i":"617",":@computed_region_43wa_7qmu":"46",":@computed_region_rpca_8um6":"54",":@computed_region_8hcu_yrd4":"27"}},
{"type":"Feature","geometry":{"type":"Point","coordinates":[-87.6778387,41.8320245]},"properties":{"id":"1934289130932983934","station_name":"Hoyne Ave & 34th St","short_name":"CHI01898","total_docks":"15","docks_in_service":"15","status":"In Service","latitude":"41.8320245","longitude":"-87.6778387",":id":"row-ca4j_dmr7_jsyk",":version":"rv-8s8c~6f62_rckc",":created_at":"2026-02-01T12:02:27.698Z",":updated_at":"2026-02-01T12:02:33.986Z",":@computed_region_awaf_s7ux":"26",":@computed_region_6mkv_f3dw":"14920",":@computed_region_vrxf_vc4k":"56",":@computed_region_bdys_3d7i":"2",":@computed_region_43wa_7qmu":"1",":@computed_region_rpca_8um6":"43",":@computed_region_8hcu_yrd4":"12"}},
{"type":"Feature","geometry":{"type":"Point","coordinates":[-87.71547,41.875679]},"properties":{"id":"a3b123c5-a135-11e9-9cda-0a87ae2ba916","station_name":"Central Park Blvd & 5th Ave","short_name":"CHI00542","total_docks":"11","docks_in_service":"11","status":"In Service","latitude":"41.875679","longitude":"-87.71547",":id":"row-gx4m.t3p9-ktv4",":version":"rv-njzt_f8qq_imhd",":created_at":"2026-02-01T12:02:27.698Z",":updated_at":"2026-02-01T12:02:33.986Z",":@computed_region_awaf_s7ux":"11",":@computed_region_6mkv_f3dw":"21572",":@computed_region_vrxf_vc4k":"28",":@computed_region_bdys_3d7i":"783",":@computed_region_43wa_7qmu":"23",":@computed_region_rpca_8um6":"30",":@computed_region_8hcu_yrd4":"28"}},
{"type":"Feature","geometry":{"type":"Point","coordinates":[-87.7467295,41.9279057]},"properties":{"id":"1890605196211329420","station_name":"Cicero Ave & Wrightwood Ave","short_name":"CHI01763","total_docks":"15","docks_in_service":"15","status":"In Service","latitude":"41.9279057","longitude":"-87.7467295",":id":"row-f4pi_dred_k2rh",":version":"rv-vc4s-ux4v-iyua",":created_at":"2025-09-09T11:00:29.231Z",":updated_at":"2025-09-09T11:00:30.883Z",":@computed_region_awaf_s7ux":"7",":@computed_region_6mkv_f3dw":"22615",":@computed_region_vrxf_vc4k":"19",":@computed_region_bdys_3d7i":"304",":@computed_region_43wa_7qmu":"17",":@computed_region_rpca_8um6":"2",":@computed_region_8hcu_yrd4":"31"}},
{"type":"Feature","geometry":{"type":"Point","coordinates":[-87.645451,41.940106]},"properties":{"id":"a3aa1623-a135-11e9-9cda-0a87ae2ba916","station_name":"Broadway & Belmont Ave","short_name":"CHI00239","total_docks":"19","docks_in_service":"19","status":"In Service","latitude":"41.940106","longitude":"-87.645451",":id":"row-xphp~gcwy_g7ew",":version":"rv-gpd2_xwa9~xzxx",":created_at":"2026-02-01T12:02:27.698Z",":updated_at":"2026-02-01T12:02:33.986Z",":@computed_region_awaf_s7ux":"38",":@computed_region_6mkv_f3dw":"4449",":@computed_region_vrxf_vc4k":"57",":@computed_region_bdys_3d7i":"730",":@computed_region_43wa_7qmu":"25",":@computed_region_rpca_8um6":"22",":@computed_region_8hcu_yrd4":"44"}},
{"type":"Feature","geometry":{"type":"Point","coordinates":[-87.6409491327,41.87146651779]},"properties":{"id":"a3a555e8-a135-11e9-9cda-0a87ae2ba916","station_name":"Clinton St & Polk St","short_name":"CHI00458","total_docks":"15","docks_in_service":"15","status":"In Service","latitude":"41.8714665178","longitude":"-87.6409491327",":id":"row-2g39~hfmr-hy68",":version":"rv-xy8s-vfwq-xx86",":created_at":"2026-02-01T12:02:27.698Z",":updated_at":"2026-02-01T12:02:33.986Z",":@computed_region_awaf_s7ux":"48",":@computed_region_6mkv_f3dw":"14917",":@computed_region_vrxf_vc4k":"29",":@computed_region_bdys_3d7i":"97",":@computed_region_43wa_7qmu":"26",":@computed_region_rpca_8um6":"44",":@computed_region_8hcu_yrd4":"28"}},
{"type":"Feature","geometry":{"type":"Point","coordinates":[-87.639904,41.879255]},"properties":{"id":"a3a77c8d-a135-11e9-9cda-0a87ae2ba916","station_name":"Canal St & Adams St","short_name":"CHI01743","total_docks":"47","docks_in_service":"47","status":"In Service","latitude":"41.879255","longitude":"-87.639904",":id":"row-527z.eytd.nxbk",":version":"rv-ehjd_3h76-499n",":created_at":"2026-01-28T12:00:17.414Z",":updated_at":"2026-01-28T12:00:33.700Z",":@computed_region_awaf_s7ux":"48",":@computed_region_6mkv_f3dw":"14914",":@computed_region_vrxf_vc4k":"29",":@computed_region_bdys_3d7i":"786",":@computed_region_43wa_7qmu":"36",":@computed_region_rpca_8um6":"45",":@computed_region_8hcu_yrd4":"34"}},
{"type":"Feature","geometry":{"type":"Point","coordinates":[-87.643019556999,41.719712183619]},"properties":{"id":"a21de1a5-f5bc-4b50-8a13-aa28b7dcfa95","station_name":"Halsted St & 96th St","short_name":"CHI02029","total_docks":"15","docks_in_service":"15","status":"In Service","latitude":"41.7197121836","longitude":"-87.643019557",":id":"row-kjmi~anm4-kn4w",":version":"rv-fqvx-i2ai-nhc3",":created_at":"2025-11-26T12:02:28.408Z",":updated_at":"2025-11-26T12:02:33.928Z",":@computed_region_awaf_s7ux":"18",":@computed_region_6mkv_f3dw":"21861",":@computed_region_vrxf_vc4k":"72",":@computed_region_bdys_3d7i":"593",":@computed_region_43wa_7qmu":"13",":@computed_region_rpca_8um6":"19",":@computed_region_8hcu_yrd4":"21"}},
{"type":"Feature","geometry":{"type":"Point","coordinates":[-87.723347,41.844218]},"properties":{"id":"1932441844638063332","station_name":"Harding Ave & 26th St","short_name":"CHI01822","total_docks":"15","docks_in_service":"15","status":"In Service","latitude":"41.844218","longitude":"-87.723347",":id":"row-9fjg~553u-z78m",":version":"rv-bwbs.yf8y_etrs",":created_at":"2025-12-15T12:00:18.959Z",":updated_at":"2025-12-15T12:00:30.830Z",":@computed_region_awaf_s7ux":"14",":@computed_region_6mkv_f3dw":"21569",":@computed_region_vrxf_vc4k":"32",":@computed_region_bdys_3d7i":"227",":@computed_region_43wa_7qmu":"28",":@computed_region_rpca_8um6":"57",":@computed_region_8hcu_yrd4":"22"}},
{"type":"Feature","geometry":{"type":"Point","coordinates":[-87.69873,42.063598]},"properties":{"id":"a3b2fbb6-a135-11e9-9cda-0a87ae2ba916","station_name":"Central St Metra","short_name":"CHI02041","total_docks":"15","docks_in_service":"15","status":"In Service","latitude":"42.063598","longitude":"-87.69873",":id":"row-jbpi-jevk_9ask",":version":"rv-4f8y~g6vz-ejmv",":created_at":"2026-01-17T12:00:31.528Z",":updated_at":"2026-01-17T12:00:38.073Z",":@computed_region_awaf_s7ux":null,":@computed_region_6mkv_f3dw":"26293",":@computed_region_vrxf_vc4k":null,":@computed_region_bdys_3d7i":null,":@computed_region_43wa_7qmu":null,":@computed_region_rpca_8um6":null,":@computed_region_8hcu_yrd4":null}},
{"type":"Feature","geometry":{"type":"Point","coordinates":[-87.673408,41.753966]},"properties":{"id":"1943240055911940522","station_name":"Damen Ave & 77th St","short_name":"CHI01807","total_docks":"15","docks_in_service":"15","status":"In Service","latitude":"41.753966","longitude":"-87.673408",":id":"row-v999.4bin~e2ag",":version":"rv-w3zx.fmbg_mq65",":created_at":"2026-01-17T12:00:31.528Z",":updated_at":"2026-01-17T12:00:38.073Z",":@computed_region_awaf_s7ux":"6",":@computed_region_6mkv_f3dw":"21554",":@computed_region_vrxf_vc4k":"70",":@computed_region_bdys_3d7i":"573",":@computed_region_43wa_7qmu":"30",":@computed_region_rpca_8um6":"59",":@computed_region_8hcu_yrd4":"18"}},
{"type":"Feature","geometry":{"type":"Point","coordinates":[-87.658751,41.891795]},"properties":{"id":"a3a767b1-a135-11e9-9cda-0a87ae2ba916","station_name":"Ogden Ave & Race Ave","short_name":"CHI00229","total_docks":"15","docks_in_service":"15","status":"In Service","latitude":"41.891795","longitude":"-87.658751",":id":"row-h79n-53in~usad",":version":"rv-tvt5~x5p7.ifs7",":created_at":"2026-02-01T12:02:27.698Z",":updated_at":"2026-02-01T12:02:33.986Z",":@computed_region_awaf_s7ux":"41",":@computed_region_6mkv_f3dw":"22620",":@computed_region_vrxf_vc4k":"25",":@computed_region_bdys_3d7i":"521",":@computed_region_43wa_7qmu":"41",":@computed_region_rpca_8um6":"49",":@computed_region_8hcu_yrd4":"1"}},
{"type":"Feature","geometry":{"type":"Point","coordinates":[-87.7694171,41.9196511]},"properties":{"id":"2104492737880785548","station_name":"Mango Ave & Grand Ave","short_name":null,"total_docks":"18","docks_in_service":"18","status":"In Service","latitude":"41.9196511","longitude":"-87.7694171",":id":"row-mgdb.vfdb-abuq",":version":"rv-226h~6kb3~a2vp",":created_at":"2025-07-12T11:00:25.917Z",":updated_at":"2025-07-12T11:00:40.072Z",":@computed_region_awaf_s7ux":"52",":@computed_region_6mkv_f3dw":"22615",":@computed_region_vrxf_vc4k":"19",":@computed_region_bdys_3d7i":"57",":@computed_region_43wa_7qmu":"44",":@computed_region_rpca_8um6":"2",":@computed_region_8hcu_yrd4":"36"}},
{"type":"Feature","geometry":{"type":"Point","coordinates":[-87.573823928833,41.685877055623]},"properties":{"id":"8759a858-d7eb-4382-b38f-2223c3f9e25d","station_name":"Big Marsh Park","short_name":"CHI00858","total_docks":"15","docks_in_service":"15","status":"In Service","latitude":"41.6858770556","longitude":"-87.5738239288",":id":"row-kags~ycmu_svr3",":version":"rv-z9y3-q6w5.m24e",":created_at":"2025-07-12T11:00:25.917Z",":updated_at":"2025-07-12T11:00:40.072Z",":@computed_region_awaf_s7ux":"47",":@computed_region_6mkv_f3dw":"22250",":@computed_region_vrxf_vc4k":"48",":@computed_region_bdys_3d7i":"174",":@computed_region_43wa_7qmu":"47",":@computed_region_rpca_8um6":"25",":@computed_region_8hcu_yrd4":"6"}},
{"type":"Feature","geometry":{"type":"Point","coordinates":[-87.683282,41.939354]},"properties":{"id":"a3b4a579-a135-11e9-9cda-0a87ae2ba916","station_name":"Leavitt St & Belmont Ave","short_name":"CHI00615","total_docks":"15","docks_in_service":"15","status":"In Service","latitude":"41.939354","longitude":"-87.683282",":id":"row-p7g6-enpf_h4mr",":version":"rv-59p5~vjuc_4twk",":created_at":"2025-12-24T12:00:25.771Z",":updated_at":"2025-12-24T12:00:30.211Z",":@computed_region_awaf_s7ux":"16",":@computed_region_6mkv_f3dw":"21538",":@computed_region_vrxf_vc4k":"46",":@computed_region_bdys_3d7i":"110",":@computed_region_43wa_7qmu":"40",":@computed_region_rpca_8um6":"39",":@computed_region_8hcu_yrd4":"32"}},
{"type":"Feature","geometry":{"type":"Point","coordinates":[-87.65957,41.88672]},"properties":{"id":"a3a7faf7-a135-11e9-9cda-0a87ae2ba916","station_name":"Elizabeth St & Fulton St","short_name":"CHI00280","total_docks":"15","docks_in_service":"15","status":"In Service","latitude":"41.88672","longitude":"-87.65957",":id":"row-sg9f_4px7_mpx6",":version":"rv-t6ts_6mpy_yw8n",":created_at":"2025-08-13T11:06:56.238Z",":updated_at":"2025-08-13T11:07:01.365Z",":@computed_region_awaf_s7ux":"41",":@computed_region_6mkv_f3dw":"14917",":@computed_region_vrxf_vc4k":"29",":@computed_region_bdys_3d7i":"63",":@computed_region_43wa_7qmu":"46",":@computed_region_rpca_8um6":"44",":@computed_region_8hcu_yrd4":"27"}},
{"type":"Feature","geometry":{"type":"Point","coordinates":[-87.79932,41.9448]},"properties":{"id":"1955904736576827886","station_name":"Shabbona Park","short_name":"CHI01914","total_docks":"15","docks_in_service":"15","status":"In Service","latitude":"41.9448","longitude":"-87.79932",":id":"row-s2x6~sq4h-zv3j",":version":"rv-apbq~skmr_djp8",":created_at":"2026-01-19T12:00:22.200Z",":updated_at":"2026-01-19T12:00:31.876Z",":@computed_region_awaf_s7ux":"39",":@computed_region_6mkv_f3dw":"22254",":@computed_region_vrxf_vc4k":"17",":@computed_region_bdys_3d7i":"396",":@computed_region_43wa_7qmu":"19",":@computed_region_rpca_8um6":"52",":@computed_region_8hcu_yrd4":"38"}},
{"type":"Feature","geometry":{"type":"Point","coordinates":[-87.6308531,41.8546868]},"properties":{"id":"2047210456672276856","station_name":"Archer Ave & Wentworth Ave","short_name":"CHI02006","total_docks":"11","docks_in_service":"11","status":"In Service","latitude":"41.8546868","longitude":"-87.6308531",":id":"row-mp7t.68bm-z6mw",":version":"rv-jp3a_rap2-q6fn",":created_at":"2026-01-02T12:02:37.889Z",":updated_at":"2026-01-02T12:02:39.813Z",":@computed_region_awaf_s7ux":"8",":@computed_region_6mkv_f3dw":"21194",":@computed_region_vrxf_vc4k":"35",":@computed_region_bdys_3d7i":"3",":@computed_region_43wa_7qmu":"26",":@computed_region_rpca_8um6":"40",":@computed_region_8hcu_yrd4":"7"}},
{"type":"Feature","geometry":{"type":"Point","coordinates":[-87.663815,41.774074]},"properties":{"id":"a3b241df-a135-11e9-9cda-0a87ae2ba916","station_name":"Ashland Ave & 66th St","short_name":"CHI00683","total_docks":"7","docks_in_service":"7","status":"In Service","latitude":"41.774074","longitude":"-87.663815",":id":"row-m92u.s5nq_695p",":version":"rv-fbkf-7ixr-987w",":created_at":"2025-08-18T11:06:52.358Z",":updated_at":"2025-08-18T11:06:57.762Z",":@computed_region_awaf_s7ux":"17",":@computed_region_6mkv_f3dw":"22257",":@computed_region_vrxf_vc4k":"65",":@computed_region_bdys_3d7i":"279",":@computed_region_43wa_7qmu":"2",":@computed_region_rpca_8um6":"23",":@computed_region_8hcu_yrd4":"16"}},
{"type":"Feature","geometry":{"type":"Point","coordinates":[-87.65459,41.88819]},"properties":{"id":"2096535401636666136","station_name":"Aberdeen St & Carroll Ave","short_name":"CHI02056","total_docks":"16","docks_in_service":"16","status":"In Service","latitude":"41.88819","longitude":"-87.65459",":id":"row-mhfx~ttp4~igp4",":version":"rv-6tqt~45hm~qqs5",":created_at":"2026-01-05T12:00:26.047Z",":updated_at":"2026-01-05T12:00:33.662Z",":@computed_region_awaf_s7ux":"41",":@computed_region_6mkv_f3dw":"14917",":@computed_region_vrxf_vc4k":"29",":@computed_region_bdys_3d7i":"63",":@computed_region_43wa_7qmu":"46",":@computed_region_rpca_8um6":"44",":@computed_region_8hcu_yrd4":"27"}},
{"type":"Feature","geometry":{"type":"Point","coordinates":[-87.69441,41.81867]},"properties":{"id":"1943244520961310788","station_name":"California Ave & 41st St","short_name":"CHI01841","total_docks":"15","docks_in_service":"15","status":"In Service","latitude":"41.81867","longitude":"-87.69441",":id":"row-e4pq.xez3_qd2u",":version":"rv-v8d5~nwgx_rd8f",":created_at":"2025-08-28T11:00:26.189Z",":updated_at":"2025-08-28T11:00:27.955Z",":@computed_region_awaf_s7ux":"29",":@computed_region_6mkv_f3dw":"22248",":@computed_region_vrxf_vc4k":"55",":@computed_region_bdys_3d7i":"641",":@computed_region_43wa_7qmu":"1",":@computed_region_rpca_8um6":"56",":@computed_region_8hcu_yrd4":"12"}},
{"type":"Feature","geometry":{"type":"Point","coordinates":[-87.675699591637,41.854966518754]},"properties":{"id":"a3a5b9d3-a135-11e9-9cda-0a87ae2ba916","station_name":"Damen Ave & Cullerton St","short_name":"CHI00267","total_docks":"15","docks_in_service":"15","status":"In Service","latitude":"41.8549665188","longitude":"-87.6756995916",":id":"row-rzxd-dqx5-yk27",":version":"rv-sktp~9xsi.nk7y",":created_at":"2026-01-19T12:00:22.200Z",":updated_at":"2026-01-19T12:00:31.876Z",":@computed_region_awaf_s7ux":"8",":@computed_region_6mkv_f3dw":"14920",":@computed_region_vrxf_vc4k":"33",":@computed_region_bdys_3d7i":"366",":@computed_region_43wa_7qmu":"26",":@computed_region_rpca_8um6":"43",":@computed_region_8hcu_yrd4":"25"}},
{"type":"Feature","geometry":{"type":"Point","coordinates":[-87.625813,41.860384]},"properties":{"id":"a3a4c0df-a135-11e9-9cda-0a87ae2ba916","station_name":"Wabash Ave & 16th St","short_name":"CHI00604","total_docks":"39","docks_in_service":"39","status":"In Service","latitude":"41.860384","longitude":"-87.625813",":id":"row-qp4i-i8sq~kyq6",":version":"rv-s7xy.km2w~8hwp",":created_at":"2026-02-07T12:00:25.760Z",":updated_at":"2026-02-07T12:00:30.878Z",":@computed_region_awaf_s7ux":"12",":@computed_region_6mkv_f3dw":"14913",":@computed_region_vrxf_vc4k":"34",":@computed_region_bdys_3d7i":"374",":@computed_region_43wa_7qmu":"9",":@computed_region_rpca_8um6":"35",":@computed_region_8hcu_yrd4":"8"}},
{"type":"Feature","geometry":{"type":"Point","coordinates":[-87.77331,41.98139]},"properties":{"id":"2020809814916515864","station_name":"Menard Ave & Milwaukee Ave","short_name":"CHI02003","total_docks":"16","docks_in_service":"16","status":"In Service","latitude":"41.98139","longitude":"-87.77331",":id":"row-znqf_m5s7.5mrg",":version":"rv-v3qq_sdeg-af62",":created_at":"2026-01-19T12:00:22.200Z",":updated_at":"2026-01-19T12:00:31.876Z",":@computed_region_awaf_s7ux":"20",":@computed_region_6mkv_f3dw":"21869",":@computed_region_vrxf_vc4k":"11",":@computed_region_bdys_3d7i":"693",":@computed_region_43wa_7qmu":"50",":@computed_region_rpca_8um6":"48",":@computed_region_8hcu_yrd4":"45"}},
{"type":"Feature","geometry":{"type":"Point","coordinates":[-87.687275,41.902893]},"properties":{"id":"a3aa453c-a135-11e9-9cda-0a87ae2ba916","station_name":"Western Ave & Division St","short_name":"CHI00375","total_docks":"23","docks_in_service":"23","status":"In Service","latitude":"41.902893","longitude":"-87.687275",":id":"row-guqp~srha-979x",":version":"rv-e7ke-4vbt_a8ng",":created_at":"2026-02-19T12:00:22.909Z",":updated_at":"2026-02-19T12:00:26.161Z",":@computed_region_awaf_s7ux":"10",":@computed_region_6mkv_f3dw":"21560",":@computed_region_vrxf_vc4k":"25",":@computed_region_bdys_3d7i":"542",":@computed_region_43wa_7qmu":"41",":@computed_region_rpca_8um6":"4",":@computed_region_8hcu_yrd4":"26"}},
{"type":"Feature","geometry":{"type":"Point","coordinates":[-87.63309404254,41.875023628033]},"properties":{"id":"a3a50991-a135-11e9-9cda-0a87ae2ba916","station_name":"Financial Pl & Ida B Wells Dr","short_name":"CHI00781","total_docks":"31","docks_in_service":"31","status":"In Service","latitude":"41.875023628","longitude":"-87.6330940425",":id":"row-zjkx_pajj_yjip",":version":"rv-tn63-344j_kh93",":created_at":"2026-02-19T12:00:22.909Z",":updated_at":"2026-02-19T12:00:26.161Z",":@computed_region_awaf_s7ux":"48",":@computed_region_6mkv_f3dw":"14913",":@computed_region_vrxf_vc4k":"38",":@computed_region_bdys_3d7i":"92",":@computed_region_43wa_7qmu":"26",":@computed_region_rpca_8um6":"35",":@computed_region_8hcu_yrd4":"34"}},
{"type":"Feature","geometry":{"type":"Point","coordinates":[-87.683359,41.946655]},"properties":{"id":"a3afdcbf-a135-11e9-9cda-0a87ae2ba916","station_name":"Leavitt St & Addison St","short_name":"CHI00529","total_docks":"15","docks_in_service":"15","status":"In Service","latitude":"41.946655","longitude":"-87.683359",":id":"row-6s63.hxta~w9sd",":version":"rv-7xqc.gq4n~j7ud",":created_at":"2026-02-01T12:02:27.698Z",":updated_at":"2026-02-01T12:02:33.986Z",":@computed_region_awaf_s7ux":"13",":@computed_region_6mkv_f3dw":"21538",":@computed_region_vrxf_vc4k":"46",":@computed_region_bdys_3d7i":"614",":@computed_region_43wa_7qmu":"18",":@computed_region_rpca_8um6":"39",":@computed_region_8hcu_yrd4":"32"}},
{"type":"Feature","geometry":{"type":"Point","coordinates":[-87.636829018593,41.9366884495]},"properties":{"id":"a3a6d371-a135-11e9-9cda-0a87ae2ba916","station_name":"DuSable Lake Shore Dr & Wellington Ave","short_name":"CHI00255","total_docks":"15","docks_in_service":"15","status":"In Service","latitude":"41.9366884495","longitude":"-87.6368290186",":id":"row-2wtj-7y7t~c4pn",":version":"rv-qrn8~b4nb~yvmv",":created_at":"2025-12-30T12:02:29.516Z",":updated_at":"2025-12-30T12:02:30.489Z",":@computed_region_awaf_s7ux":"38",":@computed_region_6mkv_f3dw":"4449",":@computed_region_vrxf_vc4k":"57",":@computed_region_bdys_3d7i":"683",":@computed_region_43wa_7qmu":"25",":@computed_region_rpca_8um6":"22",":@computed_region_8hcu_yrd4":"44"}},
{"type":"Feature","geometry":{"type":"Point","coordinates":[-87.632140517235,41.850083693476]},"properties":{"id":"a3a5e353-a135-11e9-9cda-0a87ae2ba916","station_name":"Wentworth Ave & 24th St","short_name":"CHI00409","total_docks":"15","docks_in_service":"15","status":"In Service","latitude":"41.8500836935","longitude":"-87.6321405172",":id":"row-avhh.erca-n7ev",":version":"rv-qbsf-zdrb-b8ri",":created_at":"2026-01-11T12:00:27.588Z",":updated_at":"2026-01-11T12:00:31.874Z",":@computed_region_awaf_s7ux":"8",":@computed_region_6mkv_f3dw":"21194",":@computed_region_vrxf_vc4k":"35",":@computed_region_bdys_3d7i":"3",":@computed_region_43wa_7qmu":"26",":@computed_region_rpca_8um6":"40",":@computed_region_8hcu_yrd4":"7"}},
{"type":"Feature","geometry":{"type":"Point","coordinates":[-87.62991,41.9043]},"properties":{"id":"2129148164045400658","station_name":"Dearborn St & Division St","short_name":"CHI02125","total_docks":"15","docks_in_service":"15","status":"In Service","latitude":"41.9043","longitude":"-87.62991",":id":"row-jc5y~taku~44pk",":version":"rv-u4uh~i7i6~uq68",":created_at":"2026-02-01T12:02:27.698Z",":updated_at":"2026-02-01T12:02:33.986Z",":@computed_region_awaf_s7ux":"22",":@computed_region_6mkv_f3dw":"14926",":@computed_region_vrxf_vc4k":"37",":@computed_region_bdys_3d7i":"17",":@computed_region_43wa_7qmu":"11",":@computed_region_rpca_8um6":"54",":@computed_region_8hcu_yrd4":"2"}},
{"type":"Feature","geometry":{"type":"Point","coordinates":[-87.5883151702,41.78794281287]},"properties":{"id":"a3ad8aa3-a135-11e9-9cda-0a87ae2ba916","station_name":"Harper Ave & 59th St","short_name":"CHI00584","total_docks":"15","docks_in_service":"15","status":"In Service","latitude":"41.7879428129","longitude":"-87.5883151702",":id":"row-6ndt_g4jk.ks6m",":version":"rv-n5vw~ngc3~72pg",":created_at":"2026-01-19T12:00:22.200Z",":updated_at":"2026-01-19T12:00:31.876Z",":@computed_region_awaf_s7ux":"32",":@computed_region_6mkv_f3dw":"22260",":@computed_region_vrxf_vc4k":"8",":@computed_region_bdys_3d7i":"502",":@computed_region_43wa_7qmu":"33",":@computed_region_rpca_8um6":"60",":@computed_region_8hcu_yrd4":"3"}},
{"type":"Feature","geometry":{"type":"Point","coordinates":[-87.656210660934,41.830688564721]},"properties":{"id":"a3ac7e9a-a135-11e9-9cda-0a87ae2ba916","station_name":"Racine Ave & 35th St","short_name":"CHI00456","total_docks":"15","docks_in_service":"15","status":"In Service","latitude":"41.8306885647","longitude":"-87.6562106609",":id":"row-cm7h-cwzf-e9uz",":version":"rv-yksr-sfhc_zk73",":created_at":"2026-02-01T12:02:27.698Z",":updated_at":"2026-02-01T12:02:33.986Z",":@computed_region_awaf_s7ux":"26",":@computed_region_6mkv_f3dw":"14924",":@computed_region_vrxf_vc4k":"58",":@computed_region_bdys_3d7i":"171",":@computed_region_43wa_7qmu":"48",":@computed_region_rpca_8um6":"43",":@computed_region_8hcu_yrd4":"7"}},
{"type":"Feature","geometry":{"type":"Point","coordinates":[-87.6148,41.743116]},"properties":{"id":"a3b2af02-a135-11e9-9cda-0a87ae2ba916","station_name":"MLK Jr Dr & 83rd St","short_name":"CHI01241","total_docks":"11","docks_in_service":"11","status":"In Service","latitude":"41.743116","longitude":"-87.6148",":id":"row-t69u.ftnr~6um5",":version":"rv-en5q-6wuz~pz96",":created_at":"2025-12-06T12:04:38.347Z",":updated_at":"2025-12-06T12:04:39.251Z",":@computed_region_awaf_s7ux":"31",":@computed_region_6mkv_f3dw":"21546",":@computed_region_vrxf_vc4k":"40",":@computed_region_bdys_3d7i":"406",":@computed_region_43wa_7qmu":"32",":@computed_region_rpca_8um6":"61",":@computed_region_8hcu_yrd4":"4"}},
{"type":"Feature","geometry":{"type":"Point","coordinates":[-87.656959,41.865054]},"properties":{"id":"a3a5fb0d-a135-11e9-9cda-0a87ae2ba916","station_name":"Racine Ave & 13th St","short_name":"CHI00228","total_docks":"15","docks_in_service":"15","status":"In Service","latitude":"41.865054","longitude":"-87.656959",":id":"row-tf4m~5p9z-emcu",":version":"rv-w6fb.bs5c~c9xa",":created_at":"2025-10-15T11:00:17.246Z",":updated_at":"2025-10-15T11:00:20.493Z",":@computed_region_awaf_s7ux":"48",":@computed_region_6mkv_f3dw":"14920",":@computed_region_vrxf_vc4k":"29",":@computed_region_bdys_3d7i":"96",":@computed_region_43wa_7qmu":"26",":@computed_region_rpca_8um6":"43",":@computed_region_8hcu_yrd4":"28"}},
{"type":"Feature","geometry":{"type":"Point","coordinates":[-87.699754130038,41.822377268101]},"properties":{"id":"1934289552037596050","station_name":"Pershing Rd & Sacramento Ave","short_name":"CHI00912","total_docks":"15","docks_in_service":"15","status":"In Service","latitude":"41.8223772681","longitude":"-87.69975413",":id":"row-xskh-fdim~2dt7",":version":"rv-cm94.jxnn~g5hj",":created_at":"2025-10-15T11:00:17.246Z",":updated_at":"2025-10-15T11:00:20.493Z",":@computed_region_awaf_s7ux":"49",":@computed_region_6mkv_f3dw":"22248",":@computed_region_vrxf_vc4k":"55",":@computed_region_bdys_3d7i":"196",":@computed_region_43wa_7qmu":"1",":@computed_region_rpca_8um6":"56",":@computed_region_8hcu_yrd4":"12"}},
{"type":"Feature","geometry":{"type":"Point","coordinates":[-87.6087991946,41.83127423549]},"properties":{"id":"a3ad2843-a135-11e9-9cda-0a87ae2ba916","station_name":"Lake Park Ave & 35th St","short_name":"CHI02032","total_docks":"19","docks_in_service":"19","status":"In Service","latitude":"41.8312742355","longitude":"-87.6087991946",":id":"row-xkya-gjt3-6ndn",":version":"rv-d492.m96u.jzru",":created_at":"2026-02-01T12:02:27.698Z",":updated_at":"2026-02-01T12:02:33.986Z",":@computed_region_awaf_s7ux":"1",":@computed_region_6mkv_f3dw":"21194",":@computed_region_vrxf_vc4k":"1",":@computed_region_bdys_3d7i":"581",":@computed_region_43wa_7qmu":"10",":@computed_region_rpca_8um6":"40",":@computed_region_8hcu_yrd4":"9"}},
{"type":"Feature","geometry":{"type":"Point","coordinates":[-87.685109,41.84847]},"properties":{"id":"a3a9c5f7-a135-11e9-9cda-0a87ae2ba916","station_name":"Western Ave & 24th St","short_name":"CHI00325","total_docks":"7","docks_in_service":"7","status":"In Service","latitude":"41.84847","longitude":"-87.685109",":id":"row-zja3.hzpi-98s7",":version":"rv-c2hx-kz7y~q68g",":created_at":"2026-02-01T12:02:27.698Z",":updated_at":"2026-02-01T12:02:33.986Z",":@computed_region_awaf_s7ux":"8",":@computed_region_6mkv_f3dw":"14920",":@computed_region_vrxf_vc4k":"33",":@computed_region_bdys_3d7i":"204",":@computed_region_43wa_7qmu":"26",":@computed_region_rpca_8um6":"43",":@computed_region_8hcu_yrd4":"25"}},
{"type":"Feature","geometry":{"type":"Point","coordinates":[-87.716755,41.914166]},"properties":{"id":"a3b42f5f-a135-11e9-9cda-0a87ae2ba916","station_name":"Central Park Ave & Bloomingdale Ave","short_name":"CHI00702","total_docks":"11","docks_in_service":"11","status":"In Service","latitude":"41.914166","longitude":"-87.716755",":id":"row-uzmu.78y6.g8j2",":version":"rv-n5b7~hknq.44dk",":created_at":"2025-06-27T11:02:35.299Z",":updated_at":"2025-06-27T11:02:46.789Z",":@computed_region_awaf_s7ux":"10",":@computed_region_6mkv_f3dw":"22535",":@computed_region_vrxf_vc4k":"23",":@computed_region_bdys_3d7i":"388",":@computed_region_43wa_7qmu":"41",":@computed_region_rpca_8um6":"1",":@computed_region_8hcu_yrd4":"26"}},
{"type":"Feature","geometry":{"type":"Point","coordinates":[-87.654127,41.855136]},"properties":{"id":"a3a71b0a-a135-11e9-9cda-0a87ae2ba916","station_name":"May St & Cullerton St","short_name":"CHI00284","total_docks":"11","docks_in_service":"11","status":"In Service","latitude":"41.855136","longitude":"-87.654127",":id":"row-wyht~yz4b_mncs",":version":"rv-pb4d-idnv.bkcj",":created_at":"2026-01-05T12:00:26.047Z",":updated_at":"2026-01-05T12:00:33.662Z",":@computed_region_awaf_s7ux":"8",":@computed_region_6mkv_f3dw":"14920",":@computed_region_vrxf_vc4k":"33",":@computed_region_bdys_3d7i":"251",":@computed_region_43wa_7qmu":"26",":@computed_region_rpca_8um6":"43",":@computed_region_8hcu_yrd4":"25"}},
{"type":"Feature","geometry":{"type":"Point","coordinates":[-87.669134885073,41.873061087898]},"properties":{"id":"a3acc133-a135-11e9-9cda-0a87ae2ba916","station_name":"Paulina St & Flournoy St","short_name":"CHI00627","total_docks":"31","docks_in_service":"31","status":"In Service","latitude":"41.8730610879","longitude":"-87.6691348851",":id":"row-wcnt~vw75.tjtb",":version":"rv-fhvu.mvj8.chvw",":created_at":"2026-02-01T12:02:27.698Z",":updated_at":"2026-02-01T12:02:33.986Z",":@computed_region_awaf_s7ux":"48",":@computed_region_6mkv_f3dw":"21184",":@computed_region_vrxf_vc4k":"29",":@computed_region_bdys_3d7i":"5",":@computed_region_43wa_7qmu":"46",":@computed_region_rpca_8um6":"28",":@computed_region_8hcu_yrd4":"27"}},
{"type":"Feature","geometry":{"type":"Point","coordinates":[-87.705412,41.848193]},"properties":{"id":"a3addda0-a135-11e9-9cda-0a87ae2ba916","station_name":"Kedzie Ave & 24th St","short_name":"CHI00534","total_docks":"11","docks_in_service":"11","status":"In Service","latitude":"41.848193","longitude":"-87.705412",":id":"row-v5yr~xxcw-3vhz",":version":"rv-qv53-gcs9-qs34",":created_at":"2025-07-21T11:02:29.434Z",":updated_at":"2025-07-21T11:02:30.552Z",":@computed_region_awaf_s7ux":"36",":@computed_region_6mkv_f3dw":"21569",":@computed_region_vrxf_vc4k":"32",":@computed_region_bdys_3d7i":"291",":@computed_region_43wa_7qmu":"1",":@computed_region_rpca_8um6":"57",":@computed_region_8hcu_yrd4":"25"}},
{"type":"Feature","geometry":{"type":"Point","coordinates":[-87.7031754,41.9881174]},"properties":{"id":"1879438378503419960","station_name":"Richmond St & Lincoln Ave","short_name":"CHI01865","total_docks":"11","docks_in_service":"11","status":"In Service","latitude":"41.9881174","longitude":"-87.7031754",":id":"row-d78y~m8bw.7fjh",":version":"rv-uup3~6wbu~kk7j",":created_at":"2025-06-27T11:02:35.299Z",":updated_at":"2025-06-27T11:02:46.789Z",":@computed_region_awaf_s7ux":"46",":@computed_region_6mkv_f3dw":"4450",":@computed_region_vrxf_vc4k":"20",":@computed_region_bdys_3d7i":"65",":@computed_region_43wa_7qmu":"24",":@computed_region_rpca_8um6":"50",":@computed_region_8hcu_yrd4":"50"}},
{"type":"Feature","geometry":{"type":"Point","coordinates":[-87.6010727606,41.78509714636]},"properties":{"id":"a3ad8fd9-a135-11e9-9cda-0a87ae2ba916","station_name":"Ellis Ave & 60th St","short_name":"CHI00765","total_docks":"19","docks_in_service":"19","status":"In Service","latitude":"41.7850971464","longitude":"-87.6010727606",":id":"row-hbs2-msrk.jsv7",":version":"rv-9a45_v4m3.zt3n",":created_at":"2025-12-27T12:00:17.491Z",":updated_at":"2025-12-27T12:00:25.633Z",":@computed_region_awaf_s7ux":"53",":@computed_region_6mkv_f3dw":"22260",":@computed_region_vrxf_vc4k":"9",":@computed_region_bdys_3d7i":"427",":@computed_region_43wa_7qmu":"4",":@computed_region_rpca_8um6":"60",":@computed_region_8hcu_yrd4":"3"}},
{"type":"Feature","geometry":{"type":"Point","coordinates":[-87.6386,41.89677]},"properties":{"id":"2136568776043912090","station_name":"Sedgwick St & Chicago Ave","short_name":"CHI02145","total_docks":"11","docks_in_service":"11","status":"In Service","latitude":"41.89677","longitude":"-87.6386",":id":"row-7r2b~xvbd_uh9r",":version":"rv-6grb.eyv6_qb6c",":created_at":"2025-10-23T11:00:26.542Z",":updated_at":"2025-10-23T11:00:34.300Z",":@computed_region_awaf_s7ux":"41",":@computed_region_6mkv_f3dw":"14926",":@computed_region_vrxf_vc4k":"37",":@computed_region_bdys_3d7i":"652",":@computed_region_43wa_7qmu":"46",":@computed_region_rpca_8um6":"54",":@computed_region_8hcu_yrd4":"27"}},
{"type":"Feature","geometry":{"type":"Point","coordinates":[-87.662715,41.905533]},"properties":{"id":"2145477699306070924","station_name":"Noble St & Potomac Ave","short_name":"CHI02165","total_docks":"15","docks_in_service":"15","status":"In Service","latitude":"41.905533","longitude":"-87.662715",":id":"row-sf3k-pevm.bw5u",":version":"rv-itri.ris7.bezh",":created_at":"2025-11-14T12:00:39.151Z",":updated_at":"2025-11-14T12:00:42.788Z",":@computed_region_awaf_s7ux":"16",":@computed_region_6mkv_f3dw":"22620",":@computed_region_vrxf_vc4k":"25",":@computed_region_bdys_3d7i":"483",":@computed_region_43wa_7qmu":"11",":@computed_region_rpca_8um6":"49",":@computed_region_8hcu_yrd4":"1"}},
{"type":"Feature","geometry":{"type":"Point","coordinates":[-87.656069,41.963419]},"properties":{"id":"2113983149663334938","station_name":"Broadway & Sunnyside Ave","short_name":"CHI02089","total_docks":"11","docks_in_service":"11","status":"In Service","latitude":"41.963419","longitude":"-87.656069",":id":"row-sid8.exvv~wd4v",":version":"rv-927c_6cur-3cfd",":created_at":"2025-10-04T11:00:18.067Z",":updated_at":"2025-10-04T11:00:23.502Z",":@computed_region_awaf_s7ux":"37",":@computed_region_6mkv_f3dw":"22616",":@computed_region_vrxf_vc4k":"31",":@computed_region_bdys_3d7i":"241",":@computed_region_43wa_7qmu":"39",":@computed_region_rpca_8um6":"15",":@computed_region_8hcu_yrd4":"46"}},
{"type":"Feature","geometry":{"type":"Point","coordinates":[-87.646439,41.945529]},"properties":{"id":"a3aa3adf-a135-11e9-9cda-0a87ae2ba916","station_name":"Broadway & Cornelia Ave","short_name":"CHI00430","total_docks":"24","docks_in_service":"24","status":"In Service","latitude":"41.945529","longitude":"-87.646439",":id":"row-m45q-a4pa~c4sd",":version":"rv-84vd~6cbe-cjq3",":created_at":"2025-07-21T11:02:29.434Z",":updated_at":"2025-07-21T11:02:30.552Z",":@computed_region_awaf_s7ux":"37",":@computed_region_6mkv_f3dw":"4449",":@computed_region_vrxf_vc4k":"57",":@computed_region_bdys_3d7i":"692",":@computed_region_43wa_7qmu":"39",":@computed_region_rpca_8um6":"22",":@computed_region_8hcu_yrd4":"46"}},
{"type":"Feature","geometry":{"type":"Point","coordinates":[-87.6446135779,41.76906172032]},"properties":{"id":"a3acdff9-a135-11e9-9cda-0a87ae2ba916","station_name":"Halsted St & 69th St","short_name":"CHI00218","total_docks":"11","docks_in_service":"11","status":"In Service","latitude":"41.7690617203","longitude":"-87.6446135779",":id":"row-jztq~7qjr_bw9k",":version":"rv-cjsn_kqdv.nmvs",":created_at":"2026-01-02T12:02:37.889Z",":updated_at":"2026-01-02T12:02:39.813Z",":@computed_region_awaf_s7ux":"31",":@computed_region_6mkv_f3dw":"21559",":@computed_region_vrxf_vc4k":"66",":@computed_region_bdys_3d7i":"410",":@computed_region_43wa_7qmu":"32",":@computed_region_rpca_8um6":"11",":@computed_region_8hcu_yrd4":"16"}},
{"type":"Feature","geometry":{"type":"Point","coordinates":[-87.592464,41.805772]},"properties":{"id":"a3ad5c90-a135-11e9-9cda-0a87ae2ba916","station_name":"Dorchester Ave & 49th St","short_name":"CHI00527","total_docks":"15","docks_in_service":"15","status":"In Service","latitude":"41.805772","longitude":"-87.592464",":id":"row-6c8r.hv9e.phfr",":version":"rv-u37c~jrim-e24z",":created_at":"2026-01-11T12:00:27.588Z",":updated_at":"2026-01-11T12:00:31.874Z",":@computed_region_awaf_s7ux":"1",":@computed_region_6mkv_f3dw":"21192",":@computed_region_vrxf_vc4k":"5",":@computed_region_bdys_3d7i":"356",":@computed_region_43wa_7qmu":"10",":@computed_region_rpca_8um6":"10",":@computed_region_8hcu_yrd4":"9"}},
{"type":"Feature","geometry":{"type":"Point","coordinates":[-87.63374,41.69254]},"properties":{"id":"2061236431280065434","station_name":"Eggleston Ave & 111th St","short_name":"CHI01957","total_docks":"12","docks_in_service":"12","status":"In Service","latitude":"41.69254","longitude":"-87.63374",":id":"row-v95y~96jq.bfp9",":version":"rv-ks52~du8m~zeai",":created_at":"2025-09-17T11:00:18.429Z",":updated_at":"2025-09-17T11:00:25.720Z",":@computed_region_awaf_s7ux":"45",":@computed_region_6mkv_f3dw":"21861",":@computed_region_vrxf_vc4k":"45",":@computed_region_bdys_3d7i":"525",":@computed_region_43wa_7qmu":"22",":@computed_region_rpca_8um6":"19",":@computed_region_8hcu_yrd4":"21"}},
{"type":"Feature","geometry":{"type":"Point","coordinates":[-87.606643,41.806273]},"properties":{"id":"a3aae870-a135-11e9-9cda-0a87ae2ba916","station_name":"Cottage Grove Ave & 49th St","short_name":"CHI00488","total_docks":"15","docks_in_service":"15","status":"In Service","latitude":"41.806273","longitude":"-87.606643",":id":"row-7feb~5yq7.38vc",":version":"rv-nmey~fhnq-qb27",":created_at":"2025-09-17T11:00:18.429Z",":updated_at":"2025-09-17T11:00:25.720Z",":@computed_region_awaf_s7ux":"1",":@computed_region_6mkv_f3dw":"21192",":@computed_region_vrxf_vc4k":"4",":@computed_region_bdys_3d7i":"165",":@computed_region_43wa_7qmu":"10",":@computed_region_rpca_8um6":"10",":@computed_region_8hcu_yrd4":"9"}},
{"type":"Feature","geometry":{"type":"Point","coordinates":[-87.7079884,41.9297142]},"properties":{"id":"a3a9607f-a135-11e9-9cda-0a87ae2ba916","station_name":"Kedzie Ave & Milwaukee Ave","short_name":"CHI00378","total_docks":"31","docks_in_service":"31","status":"In Service","latitude":"41.9297142","longitude":"-87.7079884",":id":"row-gi49-qyfu-36wm",":version":"rv-ynuw.wj5s~y8s4",":created_at":"2026-01-17T12:00:31.528Z",":updated_at":"2026-01-17T12:00:38.073Z",":@computed_region_awaf_s7ux":"15",":@computed_region_6mkv_f3dw":"22535",":@computed_region_vrxf_vc4k":"23",":@computed_region_bdys_3d7i":"72",":@computed_region_43wa_7qmu":"12",":@computed_region_rpca_8um6":"1",":@computed_region_8hcu_yrd4":"35"}},
{"type":"Feature","geometry":{"type":"Point","coordinates":[-87.6435,41.91021]},"properties":{"id":"a3a3eb9a-a135-11e9-9cda-0a87ae2ba916","station_name":"Larrabee St & North Ave","short_name":"CHI00297","total_docks":"19","docks_in_service":"19","status":"In Service","latitude":"41.91021","longitude":"-87.6435",":id":"row-5d2u_ytt8.fekd",":version":"rv-nabs~zmwm_9iqc",":created_at":"2025-12-12T12:00:16.411Z",":updated_at":"2025-12-12T12:00:25.872Z",":@computed_region_awaf_s7ux":"41",":@computed_region_6mkv_f3dw":"14926",":@computed_region_vrxf_vc4k":"37",":@computed_region_bdys_3d7i":"108",":@computed_region_43wa_7qmu":"46",":@computed_region_rpca_8um6":"54",":@computed_region_8hcu_yrd4":"27"}},
{"type":"Feature","geometry":{"type":"Point","coordinates":[-87.702279,41.742523]},"properties":{"id":"1872721938125427506","station_name":"Kedzie Ave & 83rd St","short_name":"CHI01544","total_docks":"15","docks_in_service":"15","status":"In Service","latitude":"41.742523","longitude":"-87.702279",":id":"row-yjuv~u34e-mkfd",":version":"rv-s9in.dxpr~4k58",":created_at":"2026-01-11T12:00:27.588Z",":updated_at":"2026-01-11T12:00:31.874Z",":@computed_region_awaf_s7ux":"6",":@computed_region_6mkv_f3dw":"4300",":@computed_region_vrxf_vc4k":"69",":@computed_region_bdys_3d7i":"199",":@computed_region_43wa_7qmu":"30",":@computed_region_rpca_8um6":"8",":@computed_region_8hcu_yrd4":"18"}},
{"type":"Feature","geometry":{"type":"Point","coordinates":[-87.645991444588,41.857505680317]},"properties":{"id":"a3a7af11-a135-11e9-9cda-0a87ae2ba916","station_name":"Halsted St & 18th St","short_name":"CHI00424","total_docks":"15","docks_in_service":"15","status":"In Service","latitude":"41.8575056803","longitude":"-87.6459914446",":id":"row-xt9n.9wzr-v2mp",":version":"rv-gk63-jwv3-n9c2",":created_at":"2026-01-11T12:00:27.588Z",":updated_at":"2026-01-11T12:00:31.874Z",":@computed_region_awaf_s7ux":"8",":@computed_region_6mkv_f3dw":"21194",":@computed_region_vrxf_vc4k":"33",":@computed_region_bdys_3d7i":"249",":@computed_region_43wa_7qmu":"48",":@computed_region_rpca_8um6":"40",":@computed_region_8hcu_yrd4":"25"}},
{"type":"Feature","geometry":{"type":"Point","coordinates":[-87.6566721,41.9461279]},"properties":{"id":"2101023507274653740","station_name":"Eddy/Seminary Corral","short_name":null,"total_docks":"120","docks_in_service":"120","status":"In Service","latitude":"41.9461279","longitude":"-87.6566721",":id":"row-gffr-a252_cjfz",":version":"rv-u4c7.ikiq~98cg",":created_at":"2025-07-03T11:00:26.505Z",":updated_at":"2025-07-03T11:00:31.638Z",":@computed_region_awaf_s7ux":"38",":@computed_region_6mkv_f3dw":"4449",":@computed_region_vrxf_vc4k":"57",":@computed_region_bdys_3d7i":"211",":@computed_region_43wa_7qmu":"25",":@computed_region_rpca_8um6":"22",":@computed_region_8hcu_yrd4":"44"}},
{"type":"Feature","geometry":{"type":"Point","coordinates":[-87.6593535,41.9470683]},"properties":{"id":"2101023507744358676","station_name":"Addison/Racine Corral","short_name":null,"total_docks":"120","docks_in_service":"120","status":"In Service","latitude":"41.9470683","longitude":"-87.6593535",":id":"row-imyw_g54b.evqy",":version":"rv-gif9~kmq8-4chu",":created_at":"2025-07-03T11:00:26.505Z",":updated_at":"2025-07-03T11:00:31.638Z",":@computed_region_awaf_s7ux":"38",":@computed_region_6mkv_f3dw":"21186",":@computed_region_vrxf_vc4k":"57",":@computed_region_bdys_3d7i":"729",":@computed_region_43wa_7qmu":"25",":@computed_region_rpca_8um6":"22",":@computed_region_8hcu_yrd4":"44"}},
{"type":"Feature","geometry":{"type":"Point","coordinates":[-87.654252,41.9470281]},"properties":{"id":"2101023507744358674","station_name":"Addison/Sheffield SE Corral","short_name":null,"total_docks":"120","docks_in_service":"120","status":"In Service","latitude":"41.9470281","longitude":"-87.654252",":id":"row-uq7s~cm9k.r4iz",":version":"rv-4yx7.npf5_fzn7",":created_at":"2025-07-03T11:00:26.505Z",":updated_at":"2025-07-03T11:00:31.638Z",":@computed_region_awaf_s7ux":"38",":@computed_region_6mkv_f3dw":"4449",":@computed_region_vrxf_vc4k":"57",":@computed_region_bdys_3d7i":"211",":@computed_region_43wa_7qmu":"25",":@computed_region_rpca_8um6":"22",":@computed_region_8hcu_yrd4":"44"}},
{"type":"Feature","geometry":{"type":"Point","coordinates":[-87.786928,41.959978]},"properties":{"id":"1978529864027224986","station_name":"Narragansett Ave & Montrose Ave","short_name":"CHI01977","total_docks":"16","docks_in_service":"16","status":"In Service","latitude":"41.959978","longitude":"-87.786928",":id":"row-jfia.yws6_stzt",":version":"rv-pwza-w59y~b4tx",":created_at":"2025-07-18T11:00:23.407Z",":updated_at":"2025-07-18T11:00:29.602Z",":@computed_region_awaf_s7ux":"25",":@computed_region_6mkv_f3dw":"22254",":@computed_region_vrxf_vc4k":"17",":@computed_region_bdys_3d7i":"442",":@computed_region_43wa_7qmu":"19",":@computed_region_rpca_8um6":"52",":@computed_region_8hcu_yrd4":"38"}},
{"type":"Feature","geometry":{"type":"Point","coordinates":[-87.634656,41.912133]},"properties":{"id":"a3a9f256-a135-11e9-9cda-0a87ae2ba916","station_name":"Wells St & Concord Ln","short_name":"CHI00396","total_docks":"19","docks_in_service":"19","status":"In Service","latitude":"41.912133","longitude":"-87.634656",":id":"row-h3dc-fugk_byug",":version":"rv-czgb~rg7i.w7hh",":created_at":"2026-01-05T12:00:26.047Z",":updated_at":"2026-01-05T12:00:33.662Z",":@computed_region_awaf_s7ux":"51",":@computed_region_6mkv_f3dw":"21190",":@computed_region_vrxf_vc4k":"68",":@computed_region_bdys_3d7i":"271",":@computed_region_43wa_7qmu":"11",":@computed_region_rpca_8um6":"16",":@computed_region_8hcu_yrd4":"2"}},
{"type":"Feature","geometry":{"type":"Point","coordinates":[-87.656936,41.918216]},"properties":{"id":"a3a817dc-a135-11e9-9cda-0a87ae2ba916","station_name":"Clifton Ave & Armitage Ave","short_name":"CHI00421","total_docks":"15","docks_in_service":"15","status":"In Service","latitude":"41.918216","longitude":"-87.656936",":id":"row-c9hx_n3av.w72z",":version":"rv-s779.vikq.3sh5",":created_at":"2026-01-28T12:00:17.414Z",":updated_at":"2026-01-28T12:00:33.700Z",":@computed_region_awaf_s7ux":"51",":@computed_region_6mkv_f3dw":"21190",":@computed_region_vrxf_vc4k":"68",":@computed_region_bdys_3d7i":"797",":@computed_region_43wa_7qmu":"34",":@computed_region_rpca_8um6":"16",":@computed_region_8hcu_yrd4":"43"}},
{"type":"Feature","geometry":{"type":"Point","coordinates":[-87.63564,41.89679]},"properties":{"id":"a3a40088-a135-11e9-9cda-0a87ae2ba916","station_name":"Franklin St & Chicago Ave","short_name":"CHI01745","total_docks":"24","docks_in_service":"24","status":"In Service","latitude":"41.89679","longitude":"-87.63564",":id":"row-3c57_p4j9~nsck",":version":"rv-wk37~zjch_a7e8",":created_at":"2025-09-10T11:02:36.229Z",":updated_at":"2025-09-10T11:02:41.300Z",":@computed_region_awaf_s7ux":"41",":@computed_region_6mkv_f3dw":"14926",":@computed_region_vrxf_vc4k":"37",":@computed_region_bdys_3d7i":"652",":@computed_region_43wa_7qmu":"46",":@computed_region_rpca_8um6":"54",":@computed_region_8hcu_yrd4":"27"}},
{"type":"Feature","geometry":{"type":"Point","coordinates":[-87.668745,41.857901]},"properties":{"id":"a3a7be40-a135-11e9-9cda-0a87ae2ba916","station_name":"Paulina St & 18th St","short_name":"CHI00312","total_docks":"15","docks_in_service":"15","status":"In Service","latitude":"41.857901","longitude":"-87.668745",":id":"row-xmtv_6yqb_mr2j",":version":"rv-afqm_vqr4.3rfq",":created_at":"2025-12-12T12:00:16.411Z",":updated_at":"2025-12-12T12:00:25.872Z",":@computed_region_awaf_s7ux":"8",":@computed_region_6mkv_f3dw":"14920",":@computed_region_vrxf_vc4k":"33",":@computed_region_bdys_3d7i":"343",":@computed_region_43wa_7qmu":"26",":@computed_region_rpca_8um6":"43",":@computed_region_8hcu_yrd4":"25"}},
{"type":"Feature","geometry":{"type":"Point","coordinates":[-87.638525,41.910983]},"properties":{"id":"a3a59915-a135-11e9-9cda-0a87ae2ba916","station_name":"Sedgwick St & North Ave","short_name":"CHI00257","total_docks":"16","docks_in_service":"16","status":"In Service","latitude":"41.910983","longitude":"-87.638525",":id":"row-rafu.7dfw-ah3a",":version":"rv-ddn6~ypec~hef5",":created_at":"2025-08-07T11:04:47.338Z",":updated_at":"2025-08-07T11:05:03.663Z",":@computed_region_awaf_s7ux":"41",":@computed_region_6mkv_f3dw":"14926",":@computed_region_vrxf_vc4k":"37",":@computed_region_bdys_3d7i":"290",":@computed_region_43wa_7qmu":"46",":@computed_region_rpca_8um6":"54",":@computed_region_8hcu_yrd4":"27"}},
{"type":"Feature","geometry":{"type":"Point","coordinates":[-87.6479285,41.9543646]},"properties":{"id":"2075366191969569494","station_name":"Pine Grove Ave & Irving Park Rd","short_name":"CHI00482","total_docks":"16","docks_in_service":"16","status":"In Service","latitude":"41.9543646","longitude":"-87.6479285",":id":"row-5wex_c8uh-yead",":version":"rv-txs2~ws3g-d6xf",":created_at":"2025-11-23T12:04:36.515Z",":updated_at":"2025-11-23T12:04:39.232Z",":@computed_region_awaf_s7ux":"37",":@computed_region_6mkv_f3dw":"21186",":@computed_region_vrxf_vc4k":"57",":@computed_region_bdys_3d7i":"690",":@computed_region_43wa_7qmu":"39",":@computed_region_rpca_8um6":"53",":@computed_region_8hcu_yrd4":"46"}},
{"type":"Feature","geometry":{"type":"Point","coordinates":[-87.64895,41.94367]},"properties":{"id":"2057127898206728832","station_name":"Halsted St & Roscoe St","short_name":"CHI00473","total_docks":"12","docks_in_service":"12","status":"In Service","latitude":"41.94367","longitude":"-87.64895",":id":"row-6epn-tk9i.te7m",":version":"rv-k56g_d2nc_p2jw",":created_at":"2025-10-04T11:00:18.067Z",":updated_at":"2025-10-04T11:00:23.502Z",":@computed_region_awaf_s7ux":"38",":@computed_region_6mkv_f3dw":"4449",":@computed_region_vrxf_vc4k":"57",":@computed_region_bdys_3d7i":"730",":@computed_region_43wa_7qmu":"25",":@computed_region_rpca_8um6":"22",":@computed_region_8hcu_yrd4":"44"}},
{"type":"Feature","geometry":{"type":"Point","coordinates":[-87.6546115,41.9511586]},"properties":{"id":"2101023507744358678","station_name":"Grace/Sheffield Corral","short_name":null,"total_docks":"120","docks_in_service":"120","status":"In Service","latitude":"41.9511586","longitude":"-87.6546115",":id":"row-ddws-mt3y_hq25",":version":"rv-72mi_2fut~y4dx",":created_at":"2025-07-03T11:00:26.505Z",":updated_at":"2025-07-03T11:00:31.638Z",":@computed_region_awaf_s7ux":"38",":@computed_region_6mkv_f3dw":"21186",":@computed_region_vrxf_vc4k":"57",":@computed_region_bdys_3d7i":"83",":@computed_region_43wa_7qmu":"39",":@computed_region_rpca_8um6":"53",":@computed_region_8hcu_yrd4":"46"}},
{"type":"Feature","geometry":{"type":"Point","coordinates":[-87.654611,41.9449411]},"properties":{"id":"2101023507274653736","station_name":"Clark/Newport Corral","short_name":null,"total_docks":"120","docks_in_service":"120","status":"In Service","latitude":"41.9449411","longitude":"-87.654611",":id":"row-b8tx.gqdb-xegf",":version":"rv-xvkf-q7yd.pcfv",":created_at":"2025-07-03T11:00:26.505Z",":updated_at":"2025-07-03T11:00:31.638Z",":@computed_region_awaf_s7ux":"38",":@computed_region_6mkv_f3dw":"4449",":@computed_region_vrxf_vc4k":"57",":@computed_region_bdys_3d7i":"211",":@computed_region_43wa_7qmu":"25",":@computed_region_rpca_8um6":"22",":@computed_region_8hcu_yrd4":"44"}},
{"type":"Feature","geometry":{"type":"Point","coordinates":[-87.6593212,41.950436]},"properties":{"id":"2101023507274653734","station_name":"Clark/Racine Corral","short_name":null,"total_docks":"120","docks_in_service":"120","status":"In Service","latitude":"41.950436","longitude":"-87.6593212",":id":"row-g6wz_628f~3tyf",":version":"rv-y84b-gbp4.qjzd",":created_at":"2025-07-03T11:00:26.505Z",":updated_at":"2025-07-03T11:00:31.638Z",":@computed_region_awaf_s7ux":"38",":@computed_region_6mkv_f3dw":"21186",":@computed_region_vrxf_vc4k":"57",":@computed_region_bdys_3d7i":"728",":@computed_region_43wa_7qmu":"25",":@computed_region_rpca_8um6":"53",":@computed_region_8hcu_yrd4":"44"}},
{"type":"Feature","geometry":{"type":"Point","coordinates":[-87.6531716,41.9473827]},"properties":{"id":"2101023507274653738","station_name":"Addison/Wilton Corral","short_name":null,"total_docks":"120","docks_in_service":"120","status":"In Service","latitude":"41.9473827","longitude":"-87.6531716",":id":"row-j826_kak8.z765",":version":"rv-sxn7-wxk7~h7ah",":created_at":"2025-07-03T11:00:26.505Z",":updated_at":"2025-07-03T11:00:31.638Z",":@computed_region_awaf_s7ux":"38",":@computed_region_6mkv_f3dw":"21186",":@computed_region_vrxf_vc4k":"57",":@computed_region_bdys_3d7i":"727",":@computed_region_43wa_7qmu":"25",":@computed_region_rpca_8um6":"53",":@computed_region_8hcu_yrd4":"44"}},
{"type":"Feature","geometry":{"type":"Point","coordinates":[-87.6591024,41.9463404]},"properties":{"id":"2101023512039325980","station_name":"Racine/Eddy Corral","short_name":null,"total_docks":"120","docks_in_service":"120","status":"In Service","latitude":"41.9463404","longitude":"-87.6591024",":id":"row-smv4_3hie~x8bg",":version":"rv-mesf.w8ai~xq7y",":created_at":"2025-07-03T11:00:26.505Z",":updated_at":"2025-07-03T11:00:31.638Z",":@computed_region_awaf_s7ux":"38",":@computed_region_6mkv_f3dw":"4449",":@computed_region_vrxf_vc4k":"57",":@computed_region_bdys_3d7i":"211",":@computed_region_43wa_7qmu":"25",":@computed_region_rpca_8um6":"22",":@computed_region_8hcu_yrd4":"44"}},
{"type":"Feature","geometry":{"type":"Point","coordinates":[-87.6592823,41.9488214]},"properties":{"id":"2101023511569621042","station_name":"Waveland/Racine Corral","short_name":null,"total_docks":"120","docks_in_service":"120","status":"In Service","latitude":"41.9488214","longitude":"-87.6592823",":id":"row-dyng_t8uh_k8m3",":version":"rv-v87k~xeth~hthy",":created_at":"2025-07-03T11:00:26.505Z",":updated_at":"2025-07-03T11:00:31.638Z",":@computed_region_awaf_s7ux":"38",":@computed_region_6mkv_f3dw":"21186",":@computed_region_vrxf_vc4k":"57",":@computed_region_bdys_3d7i":"728",":@computed_region_43wa_7qmu":"25",":@computed_region_rpca_8um6":"53",":@computed_region_8hcu_yrd4":"44"}},
{"type":"Feature","geometry":{"type":"Point","coordinates":[-87.6542225,41.9452875]},"properties":{"id":"2101023511569621038","station_name":"Sheffield/Cornelia Corral","short_name":null,"total_docks":"120","docks_in_service":"120","status":"In Service","latitude":"41.9452875","longitude":"-87.6542225",":id":"row-qvnf-ecw3.8v68",":version":"rv-wibv~uuxy.hq44",":created_at":"2025-07-03T11:00:26.505Z",":updated_at":"2025-07-03T11:00:31.638Z",":@computed_region_awaf_s7ux":"38",":@computed_region_6mkv_f3dw":"4449",":@computed_region_vrxf_vc4k":"57",":@computed_region_bdys_3d7i":"731",":@computed_region_43wa_7qmu":"25",":@computed_region_rpca_8um6":"22",":@computed_region_8hcu_yrd4":"44"}},
{"type":"Feature","geometry":{"type":"Point","coordinates":[-87.69317,41.954212]},"properties":{"id":"2114129634899669242","station_name":"Rockwell/Irving Park Hub","short_name":null,"total_docks":"120","docks_in_service":"120","status":"In Service","latitude":"41.954212","longitude":"-87.69317",":id":"row-czfm~25uk-8769",":version":"rv-utp4_wfq3-gf4i",":created_at":"2025-08-07T11:04:47.338Z",":updated_at":"2025-08-07T11:05:03.663Z",":@computed_region_awaf_s7ux":"13",":@computed_region_6mkv_f3dw":"21538",":@computed_region_vrxf_vc4k":"46",":@computed_region_bdys_3d7i":"624",":@computed_region_43wa_7qmu":"18",":@computed_region_rpca_8um6":"39",":@computed_region_8hcu_yrd4":"47"}},
{"type":"Feature","geometry":{"type":"Point","coordinates":[-87.76389,41.9019]},"properties":{"id":"1932088872431302840","station_name":"Pine Ave & Division St","short_name":"CHI01926","total_docks":"15","docks_in_service":"15","status":"In Service","latitude":"41.9019","longitude":"-87.76389",":id":"row-bjcr-94rf_99tf",":version":"rv-8xzm.yhrq.qbfj",":created_at":"2025-09-17T11:00:18.429Z",":updated_at":"2025-09-17T11:00:25.720Z",":@computed_region_awaf_s7ux":"4",":@computed_region_6mkv_f3dw":"4299",":@computed_region_vrxf_vc4k":"26",":@computed_region_bdys_3d7i":"562",":@computed_region_43wa_7qmu":"45",":@computed_region_rpca_8um6":"5",":@computed_region_8hcu_yrd4":"37"}},
{"type":"Feature","geometry":{"type":"Point","coordinates":[-87.6542018,41.9446132]},"properties":{"id":"2101023507744358682","station_name":"Sheffield/Newport Corral","short_name":null,"total_docks":"120","docks_in_service":"120","status":"In Service","latitude":"41.9446132","longitude":"-87.6542018",":id":"row-k4r2.hfa7~nj2u",":version":"rv-6mz4~zhyq~hc8r",":created_at":"2025-07-03T11:00:26.505Z",":updated_at":"2025-07-03T11:00:31.638Z",":@computed_region_awaf_s7ux":"38",":@computed_region_6mkv_f3dw":"4449",":@computed_region_vrxf_vc4k":"57",":@computed_region_bdys_3d7i":"731",":@computed_region_43wa_7qmu":"25",":@computed_region_rpca_8um6":"22",":@computed_region_8hcu_yrd4":"44"}},
{"type":"Feature","geometry":{"type":"Point","coordinates":[-87.58237,41.79945]},"properties":{"id":"2150675229819632068","station_name":"Shore Dr & 53rd St","short_name":"CHI02172","total_docks":"15","docks_in_service":"15","status":"In Service","latitude":"41.79945","longitude":"-87.58237",":id":"row-78dz_uukb.9sys",":version":"rv-767y~x9mp~yip8",":created_at":"2025-11-14T12:00:39.151Z",":updated_at":"2025-11-14T12:00:42.788Z",":@computed_region_awaf_s7ux":"32",":@computed_region_6mkv_f3dw":"21192",":@computed_region_vrxf_vc4k":"8",":@computed_region_bdys_3d7i":"501",":@computed_region_43wa_7qmu":"33",":@computed_region_rpca_8um6":"10",":@computed_region_8hcu_yrd4":"3"}},
{"type":"Feature","geometry":{"type":"Point","coordinates":[-87.6544123,41.9469539]},"properties":{"id":"2101023511569621040","station_name":"Addison/Sheffield SW Corral","short_name":null,"total_docks":"120","docks_in_service":"120","status":"In Service","latitude":"41.9469539","longitude":"-87.6544123",":id":"row-utwe-5iwh~wzz4",":version":"rv-4gwj.x4g8.gnb4",":created_at":"2025-07-03T11:00:26.505Z",":updated_at":"2025-07-03T11:00:31.638Z",":@computed_region_awaf_s7ux":"38",":@computed_region_6mkv_f3dw":"4449",":@computed_region_vrxf_vc4k":"57",":@computed_region_bdys_3d7i":"211",":@computed_region_43wa_7qmu":"25",":@computed_region_rpca_8um6":"22",":@computed_region_8hcu_yrd4":"44"}},
{"type":"Feature","geometry":{"type":"Point","coordinates":[-87.73934,41.93179]},"properties":{"id":"1955858510671552648","station_name":"Kilbourn Ave & Diversey Ave","short_name":"CHI01993","total_docks":"15","docks_in_service":"15","status":"In Service","latitude":"41.93179","longitude":"-87.73934",":id":"row-mjgv-3smi-qru3",":version":"rv-hkir~w3ti-2an4",":created_at":"2026-01-05T12:00:26.047Z",":updated_at":"2026-01-05T12:00:33.662Z",":@computed_region_awaf_s7ux":"7",":@computed_region_6mkv_f3dw":"22615",":@computed_region_vrxf_vc4k":"21",":@computed_region_bdys_3d7i":"411",":@computed_region_43wa_7qmu":"17",":@computed_region_rpca_8um6":"21",":@computed_region_8hcu_yrd4":"31"}},
{"type":"Feature","geometry":{"type":"Point","coordinates":[-87.650154,41.9716]},"properties":{"id":"a3af52bc-a135-11e9-9cda-0a87ae2ba916","station_name":"Marine Dr & Ainslie St","short_name":"CHI00617","total_docks":"23","docks_in_service":"23","status":"In Service","latitude":"41.9716","longitude":"-87.650154",":id":"row-v47n.yfc9-svw5",":version":"rv-8t2j.k7h3~x828",":created_at":"2026-01-17T12:00:31.528Z",":updated_at":"2026-01-17T12:00:38.073Z",":@computed_region_awaf_s7ux":"40",":@computed_region_6mkv_f3dw":"22616",":@computed_region_vrxf_vc4k":"31",":@computed_region_bdys_3d7i":"635",":@computed_region_43wa_7qmu":"16",":@computed_region_rpca_8um6":"15",":@computed_region_8hcu_yrd4":"48"}},
{"type":"Feature","geometry":{"type":"Point","coordinates":[-87.653141,41.9489031]},"properties":{"id":"2101023507744358680","station_name":"Waveland/Wilton Corral","short_name":null,"total_docks":"120","docks_in_service":"120","status":"In Service","latitude":"41.9489031","longitude":"-87.653141",":id":"row-gasz_evrq-75pi",":version":"rv-dpcg~z8fi_zzxm",":created_at":"2025-07-03T11:00:26.505Z",":updated_at":"2025-07-03T11:00:31.638Z",":@computed_region_awaf_s7ux":"38",":@computed_region_6mkv_f3dw":"21186",":@computed_region_vrxf_vc4k":"57",":@computed_region_bdys_3d7i":"727",":@computed_region_43wa_7qmu":"25",":@computed_region_rpca_8um6":"53",":@computed_region_8hcu_yrd4":"44"}},
{"type":"Feature","geometry":{"type":"Point","coordinates":[-87.636618,41.890028]},"properties":{"id":"a3b3a0c8-a135-11e9-9cda-0a87ae2ba916","station_name":"Orleans St & Hubbard St","short_name":"CHI00750","total_docks":"11","docks_in_service":"11","status":"In Service","latitude":"41.890028","longitude":"-87.636618",":id":"row-9dgk-465c_jed7",":version":"rv-6pg8-wdp3~r3a4",":created_at":"2026-01-02T12:02:37.889Z",":updated_at":"2026-01-02T12:02:39.813Z",":@computed_region_awaf_s7ux":"22",":@computed_region_6mkv_f3dw":"4446",":@computed_region_vrxf_vc4k":"37",":@computed_region_bdys_3d7i":"652",":@computed_region_43wa_7qmu":"36",":@computed_region_rpca_8um6":"55",":@computed_region_8hcu_yrd4":"42"}},
{"type":"Feature","geometry":{"type":"Point","coordinates":[-87.5864498959,41.79949429373]},"properties":{"id":"a3ad6c01-a135-11e9-9cda-0a87ae2ba916","station_name":"Lake Park Ave & 53rd St","short_name":"CHI00559","total_docks":"15","docks_in_service":"15","status":"In Service","latitude":"41.7994942937","longitude":"-87.5864498959",":id":"row-hqgj~xiga-xr5c",":version":"rv-ahrc-fdz6-a8sa",":created_at":"2026-01-20T12:00:21.639Z",":updated_at":"2026-01-20T12:00:25.244Z",":@computed_region_awaf_s7ux":"32",":@computed_region_6mkv_f3dw":"21192",":@computed_region_vrxf_vc4k":"8",":@computed_region_bdys_3d7i":"501",":@computed_region_43wa_7qmu":"33",":@computed_region_rpca_8um6":"10",":@computed_region_8hcu_yrd4":"3"}},
{"type":"Feature","geometry":{"type":"Point","coordinates":[-87.614138,41.758361]},"properties":{"id":"a3b26084-a135-11e9-9cda-0a87ae2ba916","station_name":"Vernon Ave & 75th St","short_name":"CHI00712","total_docks":"11","docks_in_service":"11","status":"In Service","latitude":"41.758361","longitude":"-87.614138",":id":"row-8uv7_w7tj~g8sg",":version":"rv-uddf.ewbu_gjyy",":created_at":"2026-01-20T12:00:21.639Z",":updated_at":"2026-01-20T12:00:25.244Z",":@computed_region_awaf_s7ux":"31",":@computed_region_6mkv_f3dw":"21546",":@computed_region_vrxf_vc4k":"67",":@computed_region_bdys_3d7i":"496",":@computed_region_43wa_7qmu":"32",":@computed_region_rpca_8um6":"61",":@computed_region_8hcu_yrd4":"4"}},
{"type":"Feature","geometry":{"type":"Point","coordinates":[-87.625734,41.870769]},"properties":{"id":"a3aa9c65-a135-11e9-9cda-0a87ae2ba916","station_name":"Wabash Ave & 9th St","short_name":"CHI00448","total_docks":"19","docks_in_service":"19","status":"In Service","latitude":"41.870769","longitude":"-87.625734",":id":"row-zm3c_mm6u.2wct",":version":"rv-4duz.ukdh-adsq",":created_at":"2025-10-11T11:00:26.358Z",":updated_at":"2025-10-11T11:00:32.441Z",":@computed_region_awaf_s7ux":"48",":@computed_region_6mkv_f3dw":"14913",":@computed_region_vrxf_vc4k":"38",":@computed_region_bdys_3d7i":"368",":@computed_region_43wa_7qmu":"10",":@computed_region_rpca_8um6":"35",":@computed_region_8hcu_yrd4":"9"}},
{"type":"Feature","geometry":{"type":"Point","coordinates":[-87.691177,41.961524]},"properties":{"id":"a3afa9dc-a135-11e9-9cda-0a87ae2ba916","station_name":"Campbell Ave & Montrose Ave","short_name":"CHI00214","total_docks":"15","docks_in_service":"15","status":"In Service","latitude":"41.961524","longitude":"-87.691177",":id":"row-kd7j.s9jv~smii",":version":"rv-gs9r~y4zh.uryz",":created_at":"2025-11-28T12:02:34.520Z",":updated_at":"2025-11-28T12:02:35.321Z",":@computed_region_awaf_s7ux":"13",":@computed_region_6mkv_f3dw":"21849",":@computed_region_vrxf_vc4k":"6",":@computed_region_bdys_3d7i":"621",":@computed_region_43wa_7qmu":"18",":@computed_region_rpca_8um6":"20",":@computed_region_8hcu_yrd4":"47"}},
{"type":"Feature","geometry":{"type":"Point","coordinates":[-87.699595,42.023463]},"properties":{"id":"a3b49b4c-a135-11e9-9cda-0a87ae2ba916","station_name":"Dodge Ave & Mulford St","short_name":"CHI00798","total_docks":"15","docks_in_service":"15","status":"In Service","latitude":"42.023463","longitude":"-87.699595",":id":"row-7n9i.3ika-uf6t",":version":"rv-e2df~mbmt~pj7t",":created_at":"2025-12-12T12:00:16.411Z",":updated_at":"2025-12-12T12:00:25.872Z",":@computed_region_awaf_s7ux":null,":@computed_region_6mkv_f3dw":"26609",":@computed_region_vrxf_vc4k":null,":@computed_region_bdys_3d7i":null,":@computed_region_43wa_7qmu":null,":@computed_region_rpca_8um6":null,":@computed_region_8hcu_yrd4":null}},
{"type":"Feature","geometry":{"type":"Point","coordinates":[-87.6343743,41.8947953]},"properties":{"id":"2074213565581244760","station_name":"Wells St & Huron St","short_name":"CHI00294","total_docks":"28","docks_in_service":"28","status":"In Service","latitude":"41.8947953","longitude":"-87.6343743",":id":"row-dsnf.hjbq.ufga",":version":"rv-t86x-zrqf~yfv4",":created_at":"2025-09-26T11:00:24.273Z",":updated_at":"2025-09-26T11:00:25.857Z",":@computed_region_awaf_s7ux":"22",":@computed_region_6mkv_f3dw":"4446",":@computed_region_vrxf_vc4k":"37",":@computed_region_bdys_3d7i":"652",":@computed_region_43wa_7qmu":"36",":@computed_region_rpca_8um6":"55",":@computed_region_8hcu_yrd4":"42"}},
{"type":"Feature","geometry":{"type":"Point","coordinates":[-87.77176,41.86569]},"properties":{"id":"1936582699682930930","station_name":"Mayfield Ave & Roosevelt Rd","short_name":"CHI01904","total_docks":"15","docks_in_service":"15","status":"In Service","latitude":"41.86569","longitude":"-87.77176",":id":"row-fj3i_ende~ttt6",":version":"rv-cfps-vspa.njfc",":created_at":"2025-07-28T11:00:26.880Z",":updated_at":"2025-07-28T11:00:32.911Z",":@computed_region_awaf_s7ux":"52",":@computed_region_6mkv_f3dw":"22216",":@computed_region_vrxf_vc4k":"26",":@computed_region_bdys_3d7i":"61",":@computed_region_43wa_7qmu":"7",":@computed_region_rpca_8um6":"32",":@computed_region_8hcu_yrd4":"29"}},
{"type":"Feature","geometry":{"type":"Point","coordinates":[-87.630834,41.926277]},"properties":{"id":"a3a739e4-a135-11e9-9cda-0a87ae2ba916","station_name":"Theater on the Lake","short_name":"CHI00420","total_docks":"31","docks_in_service":"31","status":"In Service","latitude":"41.926277","longitude":"-87.630834",":id":"row-4x3q~kzcm_6rud",":version":"rv-b2p8~i2ck.dqdt",":created_at":"2026-01-05T12:00:26.047Z",":updated_at":"2026-01-05T12:00:33.662Z",":@computed_region_awaf_s7ux":"51",":@computed_region_6mkv_f3dw":"4449",":@computed_region_vrxf_vc4k":"68",":@computed_region_bdys_3d7i":"101",":@computed_region_43wa_7qmu":"34",":@computed_region_rpca_8um6":"16",":@computed_region_8hcu_yrd4":"43"}},
{"type":"Feature","geometry":{"type":"Point","coordinates":[-87.66913,41.87862]},"properties":{"id":"2132491172992070588","station_name":"Paulina St & Adams St","short_name":"CHI02136","total_docks":"11","docks_in_service":"11","status":"In Service","latitude":"41.87862","longitude":"-87.66913",":id":"row-fahr_dn3e~8c78",":version":"rv-3af5.e9sn~cgzh",":created_at":"2025-09-26T11:00:24.273Z",":updated_at":"2025-09-26T11:00:25.857Z",":@computed_region_awaf_s7ux":"48",":@computed_region_6mkv_f3dw":"21184",":@computed_region_vrxf_vc4k":"29",":@computed_region_bdys_3d7i":"90",":@computed_region_43wa_7qmu":"46",":@computed_region_rpca_8um6":"28",":@computed_region_8hcu_yrd4":"34"}},
{"type":"Feature","geometry":{"type":"Point","coordinates":[-87.656625,41.861267]},"properties":{"id":"a3a9a24f-a135-11e9-9cda-0a87ae2ba916","station_name":"Racine Ave & 15th St","short_name":"CHI00434","total_docks":"15","docks_in_service":"15","status":"In Service","latitude":"41.861267","longitude":"-87.656625",":id":"row-npw8~4ww2_a7yh",":version":"rv-gmu7.cipk.sh3f",":created_at":"2026-01-21T12:00:27.028Z",":updated_at":"2026-01-21T12:00:32.257Z",":@computed_region_awaf_s7ux":"8",":@computed_region_6mkv_f3dw":"14920",":@computed_region_vrxf_vc4k":"29",":@computed_region_bdys_3d7i":"96",":@computed_region_43wa_7qmu":"26",":@computed_region_rpca_8um6":"43",":@computed_region_8hcu_yrd4":"25"}},
{"type":"Feature","geometry":{"type":"Point","coordinates":[-87.61719,41.6538]},"properties":{"id":"1978857650118994914","station_name":"Indiana Ave & 133rd St","short_name":"CHI01933","total_docks":"16","docks_in_service":"16","status":"In Service","latitude":"41.6538","longitude":"-87.61719",":id":"row-6gj5-8vfn~eekc",":version":"rv-gpcn-dqa6~nxf8",":created_at":"2025-12-31T12:02:29.304Z",":updated_at":"2025-12-31T12:02:30.232Z",":@computed_region_awaf_s7ux":"30",":@computed_region_6mkv_f3dw":"4460",":@computed_region_vrxf_vc4k":"51",":@computed_region_bdys_3d7i":"10",":@computed_region_43wa_7qmu":"43",":@computed_region_rpca_8um6":"47",":@computed_region_8hcu_yrd4":"11"}},
{"type":"Feature","geometry":{"type":"Point","coordinates":[-87.698653,41.895745]},"properties":{"id":"2108022405953321550","station_name":"Francisco Ave & Chicago Ave","short_name":"CHI02080","total_docks":"15","docks_in_service":"15","status":"In Service","latitude":"41.895745","longitude":"-87.698653",":id":"row-tpne_q3kk.9xm9",":version":"rv-zxnz.qsap_uv8h",":created_at":"2025-07-22T11:00:25.155Z",":updated_at":"2025-07-22T11:00:26.301Z",":@computed_region_awaf_s7ux":"10",":@computed_region_6mkv_f3dw":"21560",":@computed_region_vrxf_vc4k":"25",":@computed_region_bdys_3d7i":"544",":@computed_region_43wa_7qmu":"49",":@computed_region_rpca_8um6":"4",":@computed_region_8hcu_yrd4":"36"}},
{"type":"Feature","geometry":{"type":"Point","coordinates":[-87.82423,41.94485]},"properties":{"id":"1970337111172100194","station_name":"Orange Ave & Addison St","short_name":"CHI00810","total_docks":"15","docks_in_service":"15","status":"In Service","latitude":"41.94485","longitude":"-87.82423",":id":"row-mm5t~fzzt_feab",":version":"rv-4ab2_djgz~z4yj",":created_at":"2026-01-25T12:00:16.489Z",":updated_at":"2026-01-25T12:00:22.319Z",":@computed_region_awaf_s7ux":"39",":@computed_region_6mkv_f3dw":"22254",":@computed_region_vrxf_vc4k":"17",":@computed_region_bdys_3d7i":"457",":@computed_region_43wa_7qmu":"19",":@computed_region_rpca_8um6":"52",":@computed_region_8hcu_yrd4":"38"}},
{"type":"Feature","geometry":{"type":"Point","coordinates":[-87.659172,41.95078]},"properties":{"id":"a3a6fcac-a135-11e9-9cda-0a87ae2ba916","station_name":"Clark St & Grace St","short_name":"CHI00301","total_docks":"23","docks_in_service":"23","status":"In Service","latitude":"41.95078","longitude":"-87.659172",":id":"row-8v3f_bcgh_fh4v",":version":"rv-gudt~i268.8qrh",":created_at":"2025-09-03T11:00:17.945Z",":updated_at":"2025-09-03T11:00:23.401Z",":@computed_region_awaf_s7ux":"38",":@computed_region_6mkv_f3dw":"21186",":@computed_region_vrxf_vc4k":"57",":@computed_region_bdys_3d7i":"691",":@computed_region_43wa_7qmu":"25",":@computed_region_rpca_8um6":"53",":@computed_region_8hcu_yrd4":"44"}},
{"type":"Feature","geometry":{"type":"Point","coordinates":[-87.78377,41.99282]},"properties":{"id":"2056421762206241370","station_name":"Hyacinth Ave & Milwaukee Ave","short_name":"CHI02014","total_docks":"12","docks_in_service":"12","status":"In Service","latitude":"41.99282","longitude":"-87.78377",":id":"row-6unb-igxi_rvrc",":version":"rv-2wph~uaxa-i6ps",":created_at":"2026-01-21T12:00:27.028Z",":updated_at":"2026-01-21T12:00:32.257Z",":@computed_region_awaf_s7ux":"20",":@computed_region_6mkv_f3dw":"22532",":@computed_region_vrxf_vc4k":"36",":@computed_region_bdys_3d7i":"656",":@computed_region_43wa_7qmu":"38",":@computed_region_rpca_8um6":"18",":@computed_region_8hcu_yrd4":"39"}},
{"type":"Feature","geometry":{"type":"Point","coordinates":[-87.69299,41.93885]},"properties":{"id":"2108374001471259348","station_name":"Rockwell St & Fletcher St","short_name":"CHI02082","total_docks":"11","docks_in_service":"11","status":"In Service","latitude":"41.93885","longitude":"-87.69299",":id":"row-bjpm-wktp~jszp",":version":"rv-cvpe_jkhn.hrgj",":created_at":"2025-07-28T11:00:26.880Z",":updated_at":"2025-07-28T11:00:32.911Z",":@computed_region_awaf_s7ux":"24",":@computed_region_6mkv_f3dw":"21538",":@computed_region_vrxf_vc4k":"22",":@computed_region_bdys_3d7i":"467",":@computed_region_43wa_7qmu":"20",":@computed_region_rpca_8um6":"39",":@computed_region_8hcu_yrd4":"35"}},
{"type":"Feature","geometry":{"type":"Point","coordinates":[-87.666611,41.891072]},"properties":{"id":"a3a9b1d7-a135-11e9-9cda-0a87ae2ba916","station_name":"Ashland Ave & Grand Ave","short_name":"CHI00362","total_docks":"15","docks_in_service":"15","status":"In Service","latitude":"41.891072","longitude":"-87.666611",":id":"row-cuig.9iyv_kux4",":version":"rv-s8md.avid-vf68",":created_at":"2026-01-05T12:00:26.047Z",":updated_at":"2026-01-05T12:00:33.662Z",":@computed_region_awaf_s7ux":"10",":@computed_region_6mkv_f3dw":"22620",":@computed_region_vrxf_vc4k":"25",":@computed_region_bdys_3d7i":"485",":@computed_region_43wa_7qmu":"41",":@computed_region_rpca_8um6":"49",":@computed_region_8hcu_yrd4":"1"}},
{"type":"Feature","geometry":{"type":"Point","coordinates":[-87.6344287848,41.9267559875]},"properties":{"id":"a3a41004-a135-11e9-9cda-0a87ae2ba916","station_name":"Cannon Dr & Fullerton Ave","short_name":"CHI00314","total_docks":"15","docks_in_service":"15","status":"In Service","latitude":"41.9267559875","longitude":"-87.6344287848",":id":"row-nkyq-p9ku~ub9m",":version":"rv-wnis-x4i8_3kkc",":created_at":"2025-09-03T11:00:17.945Z",":updated_at":"2025-09-03T11:00:23.401Z",":@computed_region_awaf_s7ux":"51",":@computed_region_6mkv_f3dw":"21190",":@computed_region_vrxf_vc4k":"68",":@computed_region_bdys_3d7i":"101",":@computed_region_43wa_7qmu":"34",":@computed_region_rpca_8um6":"16",":@computed_region_8hcu_yrd4":"43"}},
{"type":"Feature","geometry":{"type":"Point","coordinates":[-87.586005,41.746559]},"properties":{"id":"a3b29fae-a135-11e9-9cda-0a87ae2ba916","station_name":"Stony Island Ave & 82nd St","short_name":"CHI00724","total_docks":"11","docks_in_service":"11","status":"In Service","latitude":"41.746559","longitude":"-87.586005",":id":"row-amei-x5kp~6qji",":version":"rv-gq2v~6fjv_dar8",":created_at":"2025-07-28T11:00:26.880Z",":updated_at":"2025-07-28T11:00:32.911Z",":@computed_region_awaf_s7ux":"9",":@computed_region_6mkv_f3dw":"21202",":@computed_region_vrxf_vc4k":"41",":@computed_region_bdys_3d7i":"133",":@computed_region_43wa_7qmu":"35",":@computed_region_rpca_8um6":"61",":@computed_region_8hcu_yrd4":"10"}},
{"type":"Feature","geometry":{"type":"Point","coordinates":[-87.6636913,41.9207449]},"properties":{"id":"a3aa4f80-a135-11e9-9cda-0a87ae2ba916","station_name":"Southport Ave & Clybourn Ave","short_name":"CHI00466","total_docks":"15","docks_in_service":"15","status":"In Service","latitude":"41.9207449","longitude":"-87.6636913",":id":"row-uiv7~vi5u.rb3b",":version":"rv-8x4h~atsv_ud9p",":created_at":"2025-09-03T11:00:17.945Z",":updated_at":"2025-09-03T11:00:23.401Z",":@computed_region_awaf_s7ux":"16",":@computed_region_6mkv_f3dw":"21190",":@computed_region_vrxf_vc4k":"68",":@computed_region_bdys_3d7i":"210",":@computed_region_43wa_7qmu":"11",":@computed_region_rpca_8um6":"16",":@computed_region_8hcu_yrd4":"32"}},
{"type":"Feature","geometry":{"type":"Point","coordinates":[-87.583945009,41.79172820953]},"properties":{"id":"a3ad8587-a135-11e9-9cda-0a87ae2ba916","station_name":"Griffin Museum of Science and Industry","short_name":"CHI00574","total_docks":"27","docks_in_service":"27","status":"In Service","latitude":"41.7917282095","longitude":"-87.583945009",":id":"row-hyu3.xvri~64i5",":version":"rv-ikxg-d7kn~kzzy",":created_at":"2026-01-05T12:00:26.047Z",":updated_at":"2026-01-05T12:00:33.662Z",":@computed_region_awaf_s7ux":"32",":@computed_region_6mkv_f3dw":"22260",":@computed_region_vrxf_vc4k":"8",":@computed_region_bdys_3d7i":"502",":@computed_region_43wa_7qmu":"33",":@computed_region_rpca_8um6":"60",":@computed_region_8hcu_yrd4":"3"}},
{"type":"Feature","geometry":{"type":"Point","coordinates":[-87.690621,41.851644]},"properties":{"id":"2136953134578149618","station_name":"Rockwell St & Cermak Rd","short_name":"CHI02146","total_docks":"11","docks_in_service":"11","status":"In Service","latitude":"41.851644","longitude":"-87.690621",":id":"row-tw53_2jmq_ctjg",":version":"rv-73in_2gvd_rxsr",":created_at":"2025-10-09T11:02:35.925Z",":updated_at":"2025-10-09T11:02:38.566Z",":@computed_region_awaf_s7ux":"11",":@computed_region_6mkv_f3dw":"14920",":@computed_region_vrxf_vc4k":"32",":@computed_region_bdys_3d7i":"263",":@computed_region_43wa_7qmu":"14",":@computed_region_rpca_8um6":"43",":@computed_region_8hcu_yrd4":"25"}},
{"type":"Feature","geometry":{"type":"Point","coordinates":[-87.618034,41.831379]},"properties":{"id":"a3aae35a-a135-11e9-9cda-0a87ae2ba916","station_name":"Calumet Ave & 35th St","short_name":"CHI00355","total_docks":"15","docks_in_service":"15","status":"In Service","latitude":"41.831379","longitude":"-87.618034",":id":"row-4f8w_fimg.q3rp",":version":"rv-d3af-nguv_8th2",":created_at":"2026-01-02T12:02:37.889Z",":updated_at":"2026-01-02T12:02:39.813Z",":@computed_region_awaf_s7ux":"48",":@computed_region_6mkv_f3dw":"21194",":@computed_region_vrxf_vc4k":"1",":@computed_region_bdys_3d7i":"190",":@computed_region_43wa_7qmu":"10",":@computed_region_rpca_8um6":"40",":@computed_region_8hcu_yrd4":"9"}},
{"type":"Feature","geometry":{"type":"Point","coordinates":[-87.649617791176,41.877641596275]},"properties":{"id":"a3a5f0b8-a135-11e9-9cda-0a87ae2ba916","station_name":"Peoria St & Jackson Blvd","short_name":"CHI00402","total_docks":"19","docks_in_service":"19","status":"In Service","latitude":"41.8776415963","longitude":"-87.6496177912",":id":"row-x2ti_jvah-vre4",":version":"rv-5pqp-9e2e.6raz",":created_at":"2025-11-10T12:02:32.231Z",":updated_at":"2025-11-10T12:02:35.793Z",":@computed_region_awaf_s7ux":"48",":@computed_region_6mkv_f3dw":"14917",":@computed_region_vrxf_vc4k":"29",":@computed_region_bdys_3d7i":"91",":@computed_region_43wa_7qmu":"26",":@computed_region_rpca_8um6":"44",":@computed_region_8hcu_yrd4":"34"}},
{"type":"Feature","geometry":{"type":"Point","coordinates":[-87.645213904,41.80183164049]},"properties":{"id":"a3acc649-a135-11e9-9cda-0a87ae2ba916","station_name":"Halsted St & 51st St","short_name":"CHI00756","total_docks":"11","docks_in_service":"11","status":"In Service","latitude":"41.8018316405","longitude":"-87.645213904",":id":"row-w44x.zgvj.g4e2",":version":"rv-fz36-cz6j.6w56",":created_at":"2025-11-10T12:02:32.231Z",":updated_at":"2025-11-10T12:02:35.793Z",":@computed_region_awaf_s7ux":"12",":@computed_region_6mkv_f3dw":"14924",":@computed_region_vrxf_vc4k":"59",":@computed_region_bdys_3d7i":"84",":@computed_region_43wa_7qmu":"4",":@computed_region_rpca_8um6":"37",":@computed_region_8hcu_yrd4":"20"}},
{"type":"Feature","geometry":{"type":"Point","coordinates":[-87.598906,41.787878]},"properties":{"id":"1850868044363584392","station_name":"University Ave & 59th St","short_name":"CHI01913","total_docks":"15","docks_in_service":"15","status":"In Service","latitude":"41.787878","longitude":"-87.598906",":id":"row-4mtp~9dyi_7zt7",":version":"rv-cmir.us4i-yzsr",":created_at":"2026-01-11T12:00:27.588Z",":updated_at":"2026-01-11T12:00:31.874Z",":@computed_region_awaf_s7ux":"32",":@computed_region_6mkv_f3dw":"22260",":@computed_region_vrxf_vc4k":"8",":@computed_region_bdys_3d7i":"154",":@computed_region_43wa_7qmu":"33",":@computed_region_rpca_8um6":"60",":@computed_region_8hcu_yrd4":"3"}},
{"type":"Feature","geometry":{"type":"Point","coordinates":[-87.749458,41.91676]},"properties":{"id":"1871990322214447924","station_name":"Lamon Ave & Armitage Ave","short_name":"CHI01897","total_docks":"15","docks_in_service":"15","status":"In Service","latitude":"41.91676","longitude":"-87.749458",":id":"row-ccpi~ki55_wqcu",":version":"rv-jmcr.cxn8_rjt8",":created_at":"2026-01-02T12:02:37.889Z",":updated_at":"2026-01-02T12:02:39.813Z",":@computed_region_awaf_s7ux":"7",":@computed_region_6mkv_f3dw":"22615",":@computed_region_vrxf_vc4k":"19",":@computed_region_bdys_3d7i":"306",":@computed_region_43wa_7qmu":"44",":@computed_region_rpca_8um6":"2",":@computed_region_8hcu_yrd4":"36"}},
{"type":"Feature","geometry":{"type":"Point","coordinates":[-87.6658,41.92533]},"properties":{"id":"a3a76cb6-a135-11e9-9cda-0a87ae2ba916","station_name":"Greenview Ave & Fullerton Ave","short_name":"CHI00232","total_docks":"15","docks_in_service":"15","status":"In Service","latitude":"41.92533","longitude":"-87.6658",":id":"row-rsrj.djav.fyuy",":version":"rv-znjt-u5za.fr7e",":created_at":"2025-12-17T12:00:18.456Z",":updated_at":"2025-12-17T12:00:22.797Z",":@computed_region_awaf_s7ux":"16",":@computed_region_6mkv_f3dw":"21190",":@computed_region_vrxf_vc4k":"68",":@computed_region_bdys_3d7i":"770",":@computed_region_43wa_7qmu":"40",":@computed_region_rpca_8um6":"16",":@computed_region_8hcu_yrd4":"32"}},
{"type":"Feature","geometry":{"type":"Point","coordinates":[-87.644160976661,41.761605438044]},"properties":{"id":"a60781db-2bec-4a15-a4a2-363297aefcec","station_name":"Halsted St & 73rd St","short_name":"CHI00846","total_docks":"15","docks_in_service":"15","status":"In Service","latitude":"41.761605438","longitude":"-87.6441609767",":id":"row-v6yx-5idf.cabp",":version":"rv-2zqs-5ch7~4r9i",":created_at":"2026-01-28T12:00:17.414Z",":updated_at":"2026-01-28T12:00:33.700Z",":@computed_region_awaf_s7ux":"17",":@computed_region_6mkv_f3dw":"21559",":@computed_region_vrxf_vc4k":"66",":@computed_region_bdys_3d7i":"511",":@computed_region_43wa_7qmu":"32",":@computed_region_rpca_8um6":"11",":@computed_region_8hcu_yrd4":"4"}},
{"type":"Feature","geometry":{"type":"Point","coordinates":[-87.644238,41.883703]},"properties":{"id":"a3a52df5-a135-11e9-9cda-0a87ae2ba916","station_name":"Desplaines St & Randolph St","short_name":"CHI00370","total_docks":"23","docks_in_service":"23","status":"In Service","latitude":"41.883703","longitude":"-87.644238",":id":"row-yhfk~et8m.qgkf",":version":"rv-ynuj-c2i8_gbhj",":created_at":"2025-12-17T12:00:18.456Z",":updated_at":"2025-12-17T12:00:22.797Z",":@computed_region_awaf_s7ux":"41",":@computed_region_6mkv_f3dw":"4452",":@computed_region_vrxf_vc4k":"29",":@computed_region_bdys_3d7i":"784",":@computed_region_43wa_7qmu":"36",":@computed_region_rpca_8um6":"45",":@computed_region_8hcu_yrd4":"34"}},
{"type":"Feature","geometry":{"type":"Point","coordinates":[-87.683392,41.805661]},"properties":{"id":"a3b2d7d9-a135-11e9-9cda-0a87ae2ba916","station_name":"Western Blvd & 48th Pl","short_name":"CHI00735","total_docks":"11","docks_in_service":"11","status":"In Service","latitude":"41.805661","longitude":"-87.683392",":id":"row-96fp~ya8z_bnak",":version":"rv-xs8i-g547_cr2n",":created_at":"2025-10-23T11:00:26.542Z",":updated_at":"2025-10-23T11:00:34.300Z",":@computed_region_awaf_s7ux":"29",":@computed_region_6mkv_f3dw":"14924",":@computed_region_vrxf_vc4k":"59",":@computed_region_bdys_3d7i":"788",":@computed_region_43wa_7qmu":"3",":@computed_region_rpca_8um6":"37",":@computed_region_8hcu_yrd4":"15"}},
{"type":"Feature","geometry":{"type":"Point","coordinates":[-87.669723629951,41.990860448126]},"properties":{"id":"a3af2737-a135-11e9-9cda-0a87ae2ba916","station_name":"Clark St & Elmdale Ave","short_name":"CHI00631","total_docks":"15","docks_in_service":"15","status":"In Service","latitude":"41.9908604481","longitude":"-87.66972363",":id":"row-aba3~65m8~9kpc",":version":"rv-uuzb.knkj_8w8h",":created_at":"2026-01-28T12:00:17.414Z",":updated_at":"2026-01-28T12:00:33.700Z",":@computed_region_awaf_s7ux":"40",":@computed_region_6mkv_f3dw":"4451",":@computed_region_vrxf_vc4k":"76",":@computed_region_bdys_3d7i":"536",":@computed_region_43wa_7qmu":"16",":@computed_region_rpca_8um6":"14",":@computed_region_8hcu_yrd4":"48"}},
{"type":"Feature","geometry":{"type":"Point","coordinates":[-87.637242078781,41.88314336439]},"properties":{"id":"a3a3bc53-a135-11e9-9cda-0a87ae2ba916","station_name":"Wacker Dr & Washington St","short_name":"CHI01787","total_docks":"19","docks_in_service":"19","status":"In Service","latitude":"41.8831433644","longitude":"-87.6372420788",":id":"row-zdqw~4cxu~d6hu",":version":"rv-6khd~s9hp.xwjh",":created_at":"2026-01-28T12:00:17.414Z",":updated_at":"2026-01-28T12:00:33.700Z",":@computed_region_awaf_s7ux":"22",":@computed_region_6mkv_f3dw":"14914",":@computed_region_vrxf_vc4k":"38",":@computed_region_bdys_3d7i":"92",":@computed_region_43wa_7qmu":"36",":@computed_region_rpca_8um6":"46",":@computed_region_8hcu_yrd4":"42"}},
{"type":"Feature","geometry":{"type":"Point","coordinates":[-87.639573,41.874255]},"properties":{"id":"a3a710c5-a135-11e9-9cda-0a87ae2ba916","station_name":"Canal St & Harrison St","short_name":"CHI00489","total_docks":"15","docks_in_service":"15","status":"In Service","latitude":"41.874255","longitude":"-87.639573",":id":"row-nhcy~meyd~yr2v",":version":"rv-aw2z~vzcg-kyv6",":created_at":"2026-01-28T12:00:17.414Z",":updated_at":"2026-01-28T12:00:33.700Z",":@computed_region_awaf_s7ux":"48",":@computed_region_6mkv_f3dw":"14917",":@computed_region_vrxf_vc4k":"29",":@computed_region_bdys_3d7i":"97",":@computed_region_43wa_7qmu":"26",":@computed_region_rpca_8um6":"44",":@computed_region_8hcu_yrd4":"28"}},
{"type":"Feature","geometry":{"type":"Point","coordinates":[-87.626217,41.906866]},"properties":{"id":"a3a74947-a135-11e9-9cda-0a87ae2ba916","station_name":"Ritchie Ct & Banks St","short_name":"CHI00544","total_docks":"15","docks_in_service":"15","status":"In Service","latitude":"41.906866","longitude":"-87.626217",":id":"row-z89d-ww75~4cae",":version":"rv-s7vj-ipwb.kdre",":created_at":"2026-01-28T12:00:17.414Z",":updated_at":"2026-01-28T12:00:33.700Z",":@computed_region_awaf_s7ux":"51",":@computed_region_6mkv_f3dw":"14926",":@computed_region_vrxf_vc4k":"37",":@computed_region_bdys_3d7i":"308",":@computed_region_43wa_7qmu":"34",":@computed_region_rpca_8um6":"54",":@computed_region_8hcu_yrd4":"43"}},
{"type":"Feature","geometry":{"type":"Point","coordinates":[-87.596479,41.789381]},"properties":{"id":"1850867138125484782","station_name":"Woodlawn Ave & 58th St","short_name":"CHI01996","total_docks":"11","docks_in_service":"11","status":"In Service","latitude":"41.789381","longitude":"-87.596479",":id":"row-fj97-prth~6tvq",":version":"rv-frhx~zh5b~mnnw",":created_at":"2026-01-28T12:00:17.414Z",":updated_at":"2026-01-28T12:00:33.700Z",":@computed_region_awaf_s7ux":"32",":@computed_region_6mkv_f3dw":"22260",":@computed_region_vrxf_vc4k":"8",":@computed_region_bdys_3d7i":"154",":@computed_region_43wa_7qmu":"33",":@computed_region_rpca_8um6":"60",":@computed_region_8hcu_yrd4":"3"}},
{"type":"Feature","geometry":{"type":"Point","coordinates":[-87.62964,41.88206]},"properties":{"id":"a3a45e3b-a135-11e9-9cda-0a87ae2ba916","station_name":"Dearborn St & Madison St","short_name":"CHI00405","total_docks":"19","docks_in_service":"19","status":"In Service","latitude":"41.88206","longitude":"-87.62964",":id":"row-5b5m.3bg4-zue9",":version":"rv-hu2h~i6td-unjk",":created_at":"2026-01-28T12:00:17.414Z",":updated_at":"2026-01-28T12:00:33.700Z",":@computed_region_awaf_s7ux":"22",":@computed_region_6mkv_f3dw":"14310",":@computed_region_vrxf_vc4k":"38",":@computed_region_bdys_3d7i":"92",":@computed_region_43wa_7qmu":"36",":@computed_region_rpca_8um6":"41",":@computed_region_8hcu_yrd4":"34"}},
{"type":"Feature","geometry":{"type":"Point","coordinates":[-87.6777585,41.9093581]},"properties":{"id":"2100635943484261050","station_name":"Damen Ave & Pierce Ave","short_name":"CHI02057","total_docks":"24","docks_in_service":"24","status":"In Service","latitude":"41.9093581","longitude":"-87.6777585",":id":"row-6efs~xvax-sqhd",":version":"rv-e3gw_q5n3.s3mc",":created_at":"2025-10-27T11:02:35.141Z",":updated_at":"2025-10-27T11:02:36.479Z",":@computed_region_awaf_s7ux":"24",":@computed_region_6mkv_f3dw":"21560",":@computed_region_vrxf_vc4k":"25",":@computed_region_bdys_3d7i":"481",":@computed_region_43wa_7qmu":"41",":@computed_region_rpca_8um6":"4",":@computed_region_8hcu_yrd4":"1"}},
{"type":"Feature","geometry":{"type":"Point","coordinates":[-87.693331,41.771611]},"properties":{"id":"1863877673940343638","station_name":"California Ave & Marquette Rd","short_name":"CHI01773","total_docks":"15","docks_in_service":"15","status":"In Service","latitude":"41.771611","longitude":"-87.693331",":id":"row-gpz9~iyha~u5e7",":version":"rv-5kyr-xaww.6pdr",":created_at":"2025-12-30T12:02:29.516Z",":updated_at":"2025-12-30T12:02:30.489Z",":@computed_region_awaf_s7ux":"6",":@computed_region_6mkv_f3dw":"21867",":@computed_region_vrxf_vc4k":"64",":@computed_region_bdys_3d7i":"383",":@computed_region_43wa_7qmu":"31",":@computed_region_rpca_8um6":"58",":@computed_region_8hcu_yrd4":"17"}},
{"type":"Feature","geometry":{"type":"Point","coordinates":[-87.643947601318,41.878118900912]},"properties":{"id":"a3a56075-a135-11e9-9cda-0a87ae2ba916","station_name":"Desplaines St & Jackson Blvd","short_name":"CHI00518","total_docks":"27","docks_in_service":"27","status":"In Service","latitude":"41.8781189009","longitude":"-87.6439476013",":id":"row-9u4e-mxg8~dvay",":version":"rv-qp34-5nui-xtwg",":created_at":"2026-01-25T12:00:16.489Z",":updated_at":"2026-01-25T12:00:22.319Z",":@computed_region_awaf_s7ux":"48",":@computed_region_6mkv_f3dw":"4452",":@computed_region_vrxf_vc4k":"29",":@computed_region_bdys_3d7i":"786",":@computed_region_43wa_7qmu":"36",":@computed_region_rpca_8um6":"45",":@computed_region_8hcu_yrd4":"34"}},
{"type":"Feature","geometry":{"type":"Point","coordinates":[-87.668918967247,41.699206168128]},"properties":{"id":"da9e6779-5056-4d45-bae3-9dc325ed2807","station_name":"Hale Ave & 107th St","short_name":"CHI00794","total_docks":"11","docks_in_service":"11","status":"In Service","latitude":"41.6992061681","longitude":"-87.6689189672",":id":"row-7rf8~xuni.mvxr",":version":"rv-4tyu_5j6h.qa2e",":created_at":"2025-12-30T12:02:29.516Z",":updated_at":"2025-12-30T12:02:30.489Z",":@computed_region_awaf_s7ux":"33",":@computed_region_6mkv_f3dw":"22212",":@computed_region_vrxf_vc4k":"74",":@computed_region_bdys_3d7i":"380",":@computed_region_43wa_7qmu":"42",":@computed_region_rpca_8um6":"13",":@computed_region_8hcu_yrd4":"19"}},
{"type":"Feature","geometry":{"type":"Point","coordinates":[-87.70983,41.84425]},"properties":{"id":"1975902497437067330","station_name":"Homan Ave & 26th St","short_name":"CHI01854","total_docks":"15","docks_in_service":"15","status":"In Service","latitude":"41.84425","longitude":"-87.70983",":id":"row-97hb_baad-s6nc",":version":"rv-535h~f96s_a45c",":created_at":"2026-01-25T12:00:16.489Z",":updated_at":"2026-01-25T12:00:22.319Z",":@computed_region_awaf_s7ux":"14",":@computed_region_6mkv_f3dw":"21569",":@computed_region_vrxf_vc4k":"32",":@computed_region_bdys_3d7i":"146",":@computed_region_43wa_7qmu":"1",":@computed_region_rpca_8um6":"57",":@computed_region_8hcu_yrd4":"25"}},
{"type":"Feature","geometry":{"type":"Point","coordinates":[-87.68982,41.82272]},"properties":{"id":"1955583912707186772","station_name":"Rockwell St & Archer Ave","short_name":"CHI01788","total_docks":"15","docks_in_service":"15","status":"In Service","latitude":"41.82272","longitude":"-87.68982",":id":"row-afwr.qwei-skqi",":version":"rv-i8pe-qvzx.u5t2",":created_at":"2026-01-25T12:00:16.489Z",":updated_at":"2026-01-25T12:00:22.319Z",":@computed_region_awaf_s7ux":"29",":@computed_region_6mkv_f3dw":"22248",":@computed_region_vrxf_vc4k":"55",":@computed_region_bdys_3d7i":"641",":@computed_region_43wa_7qmu":"1",":@computed_region_rpca_8um6":"56",":@computed_region_8hcu_yrd4":"12"}},
{"type":"Feature","geometry":{"type":"Point","coordinates":[-87.650931,41.823613]},"properties":{"id":"a3b1eaa7-a135-11e9-9cda-0a87ae2ba916","station_name":"Morgan St & Pershing Rd","short_name":"CHI00745","total_docks":"7","docks_in_service":"7","status":"In Service","latitude":"41.823613","longitude":"-87.650931",":id":"row-2z46~3fxg~6yhh",":version":"rv-3ztr-ys4u.dpve",":created_at":"2025-11-07T12:00:25.054Z",":updated_at":"2025-11-07T12:00:28.480Z",":@computed_region_awaf_s7ux":"26",":@computed_region_6mkv_f3dw":"14924",":@computed_region_vrxf_vc4k":"58",":@computed_region_bdys_3d7i":"172",":@computed_region_43wa_7qmu":"48",":@computed_region_rpca_8um6":"37",":@computed_region_8hcu_yrd4":"7"}},
{"type":"Feature","geometry":{"type":"Point","coordinates":[-87.659789,41.978361]},"properties":{"id":"a3aa0bb7-a135-11e9-9cda-0a87ae2ba916","station_name":"Broadway & Berwyn Ave","short_name":"CHI00414","total_docks":"15","docks_in_service":"15","status":"In Service","latitude":"41.978361","longitude":"-87.659789",":id":"row-fibi~i8fv_u9az",":version":"rv-6zab.te5k.qprw",":created_at":"2025-12-31T12:02:29.304Z",":updated_at":"2025-12-31T12:02:30.232Z",":@computed_region_awaf_s7ux":"40",":@computed_region_6mkv_f3dw":"22616",":@computed_region_vrxf_vc4k":"76",":@computed_region_bdys_3d7i":"160",":@computed_region_43wa_7qmu":"16",":@computed_region_rpca_8um6":"15",":@computed_region_8hcu_yrd4":"48"}},
{"type":"Feature","geometry":{"type":"Point","coordinates":[-87.657195,41.799659]},"properties":{"id":"a3b213af-a135-11e9-9cda-0a87ae2ba916","station_name":"Throop St & 52nd St","short_name":"CHI00696","total_docks":"7","docks_in_service":"7","status":"In Service","latitude":"41.799659","longitude":"-87.657195",":id":"row-bkcf-df2r.y9uj",":version":"rv-h4vt-z6rp.6c4w",":created_at":"2025-12-14T12:00:19.261Z",":updated_at":"2025-12-14T12:00:24.758Z",":@computed_region_awaf_s7ux":"19",":@computed_region_6mkv_f3dw":"14924",":@computed_region_vrxf_vc4k":"59",":@computed_region_bdys_3d7i":"790",":@computed_region_43wa_7qmu":"4",":@computed_region_rpca_8um6":"37",":@computed_region_8hcu_yrd4":"20"}},
{"type":"Feature","geometry":{"type":"Point","coordinates":[-87.628722,41.897448]},"properties":{"id":"a3a55b3e-a135-11e9-9cda-0a87ae2ba916","station_name":"State St & Pearson St","short_name":"CHI00271","total_docks":"27","docks_in_service":"27","status":"In Service","latitude":"41.897448","longitude":"-87.628722",":id":"row-qivj_nqtn_s4ec",":version":"rv-t5um_24sv.xccr",":created_at":"2026-01-25T12:00:16.489Z",":updated_at":"2026-01-25T12:00:22.319Z",":@computed_region_awaf_s7ux":"22",":@computed_region_6mkv_f3dw":"14926",":@computed_region_vrxf_vc4k":"37",":@computed_region_bdys_3d7i":"230",":@computed_region_43wa_7qmu":"11",":@computed_region_rpca_8um6":"54",":@computed_region_8hcu_yrd4":"42"}},
{"type":"Feature","geometry":{"type":"Point","coordinates":[-87.6071,41.822985]},"properties":{"id":"a3a97a01-a135-11e9-9cda-0a87ae2ba916","station_name":"Cottage Grove Ave & Oakwood Blvd","short_name":"CHI00400","total_docks":"15","docks_in_service":"15","status":"In Service","latitude":"41.822985","longitude":"-87.6071",":id":"row-vqju_mm2n.yizk",":version":"rv-ddxg~4ngq.smyb",":created_at":"2026-01-28T12:00:17.414Z",":updated_at":"2026-01-28T12:00:33.700Z",":@computed_region_awaf_s7ux":"1",":@computed_region_6mkv_f3dw":"4301",":@computed_region_vrxf_vc4k":"4",":@computed_region_bdys_3d7i":"583",":@computed_region_43wa_7qmu":"10",":@computed_region_rpca_8um6":"36",":@computed_region_8hcu_yrd4":"9"}},
{"type":"Feature","geometry":{"type":"Point","coordinates":[-87.617289125919,41.89259211971]},"properties":{"id":"a3a53d70-a135-11e9-9cda-0a87ae2ba916","station_name":"McClurg Ct & Ohio St","short_name":"CHI00330","total_docks":"19","docks_in_service":"19","status":"In Service","latitude":"41.8925921197","longitude":"-87.6172891259",":id":"row-atbp-icw8~ahj3",":version":"rv-rx2w.pvhu-duxc",":created_at":"2026-01-25T12:00:16.489Z",":updated_at":"2026-01-25T12:00:22.319Z",":@computed_region_awaf_s7ux":"22",":@computed_region_6mkv_f3dw":"21182",":@computed_region_vrxf_vc4k":"37",":@computed_region_bdys_3d7i":"534",":@computed_region_43wa_7qmu":"36",":@computed_region_rpca_8um6":"6",":@computed_region_8hcu_yrd4":"2"}},
{"type":"Feature","geometry":{"type":"Point","coordinates":[-87.638181,41.963982]},"properties":{"id":"a3a8999a-a135-11e9-9cda-0a87ae2ba916","station_name":"Montrose Harbor","short_name":"CHI00427","total_docks":"31","docks_in_service":"31","status":"In Service","latitude":"41.963982","longitude":"-87.638181",":id":"row-mqrb~3azz-7axn",":version":"rv-53mw-zskk.68yb",":created_at":"2025-12-31T12:02:29.304Z",":updated_at":"2025-12-31T12:02:30.232Z",":@computed_region_awaf_s7ux":"37",":@computed_region_6mkv_f3dw":"21186",":@computed_region_vrxf_vc4k":"31",":@computed_region_bdys_3d7i":"636",":@computed_region_43wa_7qmu":"39",":@computed_region_rpca_8um6":"15",":@computed_region_8hcu_yrd4":"46"}},
{"type":"Feature","geometry":{"type":"Point","coordinates":[-87.639767,41.882409]},"properties":{"id":"a3a72aad-a135-11e9-9cda-0a87ae2ba916","station_name":"Canal St & Madison St","short_name":"CHI00498","total_docks":"43","docks_in_service":"43","status":"In Service","latitude":"41.882409","longitude":"-87.639767",":id":"row-h87z.nxvk~9qk5",":version":"rv-zpeg~8rmp.ymsw",":created_at":"2026-01-25T12:00:16.489Z",":updated_at":"2026-01-25T12:00:22.319Z",":@computed_region_awaf_s7ux":"22",":@computed_region_6mkv_f3dw":"4452",":@computed_region_vrxf_vc4k":"29",":@computed_region_bdys_3d7i":"784",":@computed_region_43wa_7qmu":"36",":@computed_region_rpca_8um6":"45",":@computed_region_8hcu_yrd4":"42"}},
{"type":"Feature","geometry":{"type":"Point","coordinates":[-87.626488,41.852619]},"properties":{"id":"a3a43a25-a135-11e9-9cda-0a87ae2ba916","station_name":"Wabash Ave & Cermak Rd","short_name":"CHI00621","total_docks":"11","docks_in_service":"11","status":"In Service","latitude":"41.852619","longitude":"-87.626488",":id":"row-4ctz-e8ef_v9ib",":version":"rv-t3f9_zign~k88f",":created_at":"2026-01-28T12:00:17.414Z",":updated_at":"2026-01-28T12:00:33.700Z",":@computed_region_awaf_s7ux":"12",":@computed_region_6mkv_f3dw":"21194",":@computed_region_vrxf_vc4k":"34",":@computed_region_bdys_3d7i":"193",":@computed_region_43wa_7qmu":"9",":@computed_region_rpca_8um6":"40",":@computed_region_8hcu_yrd4":"8"}},
{"type":"Feature","geometry":{"type":"Point","coordinates":[-87.65464,41.96167]},"properties":{"id":"a3a840a6-a135-11e9-9cda-0a87ae2ba916","station_name":"Sheridan Rd & Montrose Ave","short_name":"CHI00290","total_docks":"27","docks_in_service":"27","status":"In Service","latitude":"41.96167","longitude":"-87.65464",":id":"row-neyq_bwb2.e47e",":version":"rv-sbu5.jed6.xc7g",":created_at":"2025-12-31T12:02:29.304Z",":updated_at":"2025-12-31T12:02:30.232Z",":@computed_region_awaf_s7ux":"37",":@computed_region_6mkv_f3dw":"21186",":@computed_region_vrxf_vc4k":"31",":@computed_region_bdys_3d7i":"577",":@computed_region_43wa_7qmu":"39",":@computed_region_rpca_8um6":"53",":@computed_region_8hcu_yrd4":"46"}},
{"type":"Feature","geometry":{"type":"Point","coordinates":[-87.620580196381,41.89184737211]},"properties":{"id":"a3a3dc37-a135-11e9-9cda-0a87ae2ba916","station_name":"Fairbanks Ct & Grand Ave","short_name":"CHI00605","total_docks":"15","docks_in_service":"15","status":"In Service","latitude":"41.8918473721","longitude":"-87.6205801964",":id":"row-d4fa~5qun-cut5",":version":"rv-dcid~kd9v-4tcg",":created_at":"2026-01-28T12:00:17.414Z",":updated_at":"2026-01-28T12:00:33.700Z",":@computed_region_awaf_s7ux":"22",":@computed_region_6mkv_f3dw":"21182",":@computed_region_vrxf_vc4k":"37",":@computed_region_bdys_3d7i":"159",":@computed_region_43wa_7qmu":"36",":@computed_region_rpca_8um6":"6",":@computed_region_8hcu_yrd4":"2"}},
{"type":"Feature","geometry":{"type":"Point","coordinates":[-87.6724024047,42.00445062934]},"properties":{"id":"a3ae7dc3-a135-11e9-9cda-0a87ae2ba916","station_name":"Clark St & Columbia Ave","short_name":"CHI00754","total_docks":"15","docks_in_service":"15","status":"In Service","latitude":"42.0044506293","longitude":"-87.6724024047",":id":"row-wdvd~4jui.gnab",":version":"rv-x5g8~uzts.wt6g",":created_at":"2025-12-31T12:02:29.304Z",":updated_at":"2025-12-31T12:02:30.232Z",":@computed_region_awaf_s7ux":"3",":@computed_region_6mkv_f3dw":"21853",":@computed_region_vrxf_vc4k":"10",":@computed_region_bdys_3d7i":"242",":@computed_region_43wa_7qmu":"5",":@computed_region_rpca_8um6":"9",":@computed_region_8hcu_yrd4":"49"}},
{"type":"Feature","geometry":{"type":"Point","coordinates":[-87.625125,41.882134]},"properties":{"id":"a3a795d7-a135-11e9-9cda-0a87ae2ba916","station_name":"Michigan Ave & Madison St","short_name":"CHI01915","total_docks":"15","docks_in_service":"15","status":"In Service","latitude":"41.882134","longitude":"-87.625125",":id":"row-wues-wmqm.zgrw",":version":"rv-di9r.j89m_g6ii",":created_at":"2026-01-25T12:00:16.489Z",":updated_at":"2026-01-25T12:00:22.319Z",":@computed_region_awaf_s7ux":"22",":@computed_region_6mkv_f3dw":"14310",":@computed_region_vrxf_vc4k":"38",":@computed_region_bdys_3d7i":"580",":@computed_region_43wa_7qmu":"36",":@computed_region_rpca_8um6":"41",":@computed_region_8hcu_yrd4":"34"}},
{"type":"Feature","geometry":{"type":"Point","coordinates":[-87.699413,42.039742]},"properties":{"id":"a3b2f15e-a135-11e9-9cda-0a87ae2ba916","station_name":"Valli Produce - Evanston Plaza","short_name":"CHI00977","total_docks":"15","docks_in_service":"15","status":"In Service","latitude":"42.039742","longitude":"-87.699413",":id":"row-uxqn.b7ub~dm8m",":version":"rv-zsak~x7ma~4hkd",":created_at":"2025-12-31T12:02:29.304Z",":updated_at":"2025-12-31T12:02:30.232Z",":@computed_region_awaf_s7ux":null,":@computed_region_6mkv_f3dw":"26609",":@computed_region_vrxf_vc4k":null,":@computed_region_bdys_3d7i":null,":@computed_region_43wa_7qmu":null,":@computed_region_rpca_8um6":null,":@computed_region_8hcu_yrd4":null}},
{"type":"Feature","geometry":{"type":"Point","coordinates":[-87.6353211408,41.8777079559]},"properties":{"id":"a3a41af5-a135-11e9-9cda-0a87ae2ba916","station_name":"Franklin St & Jackson Blvd","short_name":"CHI02050","total_docks":"39","docks_in_service":"39","status":"In Service","latitude":"41.8777079559","longitude":"-87.6353211408",":id":"row-64bg~w8nq~2r6t",":version":"rv-fszs~iagp.tdrd",":created_at":"2026-01-28T12:00:17.414Z",":updated_at":"2026-01-28T12:00:33.700Z",":@computed_region_awaf_s7ux":"48",":@computed_region_6mkv_f3dw":"14914",":@computed_region_vrxf_vc4k":"38",":@computed_region_bdys_3d7i":"92",":@computed_region_43wa_7qmu":"36",":@computed_region_rpca_8um6":"46",":@computed_region_8hcu_yrd4":"34"}},
{"type":"Feature","geometry":{"type":"Point","coordinates":[-87.7168892935,41.93533728263]},"properties":{"id":"a3b0060d-a135-11e9-9cda-0a87ae2ba916","station_name":"Central Park Ave & Elbridge Ave","short_name":"CHI00550","total_docks":"15","docks_in_service":"15","status":"In Service","latitude":"41.9353372826","longitude":"-87.7168892935",":id":"row-q949_rdrd-rger",":version":"rv-ffnf~wui9~46kj",":created_at":"2025-12-31T12:02:29.304Z",":updated_at":"2025-12-31T12:02:30.232Z",":@computed_region_awaf_s7ux":"15",":@computed_region_6mkv_f3dw":"21538",":@computed_region_vrxf_vc4k":"22",":@computed_region_bdys_3d7i":"55",":@computed_region_43wa_7qmu":"12",":@computed_region_rpca_8um6":"39",":@computed_region_8hcu_yrd4":"35"}},
{"type":"Feature","geometry":{"type":"Point","coordinates":[-87.724738,41.895313]},"properties":{"id":"1936566487749193740","station_name":"Harding Ave & Chicago Ave","short_name":"CHI01853","total_docks":"15","docks_in_service":"15","status":"In Service","latitude":"41.895313","longitude":"-87.724738",":id":"row-6ked~yfg4-a52d",":version":"rv-7cuk.dre7.2qvk",":created_at":"2026-01-25T12:00:16.489Z",":updated_at":"2026-01-25T12:00:22.319Z",":@computed_region_awaf_s7ux":"41",":@computed_region_6mkv_f3dw":"4299",":@computed_region_vrxf_vc4k":"24",":@computed_region_bdys_3d7i":"584",":@computed_region_43wa_7qmu":"45",":@computed_region_rpca_8um6":"30",":@computed_region_8hcu_yrd4":"37"}},
{"type":"Feature","geometry":{"type":"Point","coordinates":[-87.634324,41.903222]},"properties":{"id":"a3a7537c-a135-11e9-9cda-0a87ae2ba916","station_name":"Wells St & Elm St","short_name":"CHI00540","total_docks":"23","docks_in_service":"23","status":"In Service","latitude":"41.903222","longitude":"-87.634324",":id":"row-wepw_j5ve.tnse",":version":"rv-9nph.h5hj_87tv",":created_at":"2026-01-25T12:00:16.489Z",":updated_at":"2026-01-25T12:00:22.319Z",":@computed_region_awaf_s7ux":"51",":@computed_region_6mkv_f3dw":"14926",":@computed_region_vrxf_vc4k":"37",":@computed_region_bdys_3d7i":"310",":@computed_region_43wa_7qmu":"46",":@computed_region_rpca_8um6":"54",":@computed_region_8hcu_yrd4":"27"}},
{"type":"Feature","geometry":{"type":"Point","coordinates":[-87.6430926,41.9668559]},"properties":{"id":"a3b424f6-a135-11e9-9cda-0a87ae2ba916","station_name":"Lakefront Trail & Wilson Ave","short_name":"CHI01209","total_docks":"15","docks_in_service":"15","status":"In Service","latitude":"41.9668559","longitude":"-87.6430926",":id":"row-bb2n_uqij.e6tu",":version":"rv-ukys-xh3q~zcus",":created_at":"2025-12-31T12:02:29.304Z",":updated_at":"2025-12-31T12:02:30.232Z",":@computed_region_awaf_s7ux":"37",":@computed_region_6mkv_f3dw":"21186",":@computed_region_vrxf_vc4k":"31",":@computed_region_bdys_3d7i":"636",":@computed_region_43wa_7qmu":"39",":@computed_region_rpca_8um6":"15",":@computed_region_8hcu_yrd4":"46"}},
{"type":"Feature","geometry":{"type":"Point","coordinates":[-87.6597735,41.97423]},"properties":{"id":"a3aa10ca-a135-11e9-9cda-0a87ae2ba916","station_name":"Broadway & Argyle St","short_name":"CHI00311","total_docks":"19","docks_in_service":"19","status":"In Service","latitude":"41.97423","longitude":"-87.6597735",":id":"row-edw7-nxry_547e",":version":"rv-eydw-ibnw~7wbg",":created_at":"2026-01-28T12:00:17.414Z",":updated_at":"2026-01-28T12:00:33.700Z",":@computed_region_awaf_s7ux":"40",":@computed_region_6mkv_f3dw":"22616",":@computed_region_vrxf_vc4k":"31",":@computed_region_bdys_3d7i":"634",":@computed_region_43wa_7qmu":"16",":@computed_region_rpca_8um6":"15",":@computed_region_8hcu_yrd4":"48"}},
{"type":"Feature","geometry":{"type":"Point","coordinates":[-87.658416,41.925566]},"properties":{"id":"a3a4fec3-a135-11e9-9cda-0a87ae2ba916","station_name":"Racine Ave & Fullerton Ave","short_name":"CHI00273","total_docks":"19","docks_in_service":"19","status":"In Service","latitude":"41.925566","longitude":"-87.658416",":id":"row-4ygf~cd2u~xyqd",":version":"rv-skdn~sdaw~chhp",":created_at":"2026-01-28T12:00:17.414Z",":updated_at":"2026-01-28T12:00:33.700Z",":@computed_region_awaf_s7ux":"51",":@computed_region_6mkv_f3dw":"21190",":@computed_region_vrxf_vc4k":"68",":@computed_region_bdys_3d7i":"795",":@computed_region_43wa_7qmu":"34",":@computed_region_rpca_8um6":"16",":@computed_region_8hcu_yrd4":"43"}},
{"type":"Feature","geometry":{"type":"Point","coordinates":[-87.7276,41.86815]},"properties":{"id":"2059001119848706206","station_name":"Karlov Ave & Fillmore St","short_name":"CHI01997","total_docks":"16","docks_in_service":"16","status":"In Service","latitude":"41.86815","longitude":"-87.7276",":id":"row-v23p-afx5~e2fv",":version":"rv-t8mq.3g9s.kp2x",":created_at":"2026-01-25T12:00:16.489Z",":updated_at":"2026-01-25T12:00:22.319Z",":@computed_region_awaf_s7ux":"36",":@computed_region_6mkv_f3dw":"21572",":@computed_region_vrxf_vc4k":"30",":@computed_region_bdys_3d7i":"98",":@computed_region_43wa_7qmu":"14",":@computed_region_rpca_8um6":"30",":@computed_region_8hcu_yrd4":"24"}},
{"type":"Feature","geometry":{"type":"Point","coordinates":[-87.635479867458,41.891023310252]},"properties":{"id":"8995498f-1209-4b06-9317-01cd695b3b61","station_name":"Franklin St & Illinois St","short_name":"CHI00648","total_docks":"11","docks_in_service":"11","status":"In Service","latitude":"41.8910233103","longitude":"-87.6354798675",":id":"row-apwe-xpk8_ya6f",":version":"rv-gyab-pzca_zepa",":created_at":"2026-01-25T12:00:16.489Z",":updated_at":"2026-01-25T12:00:22.319Z",":@computed_region_awaf_s7ux":"22",":@computed_region_6mkv_f3dw":"4446",":@computed_region_vrxf_vc4k":"37",":@computed_region_bdys_3d7i":"652",":@computed_region_43wa_7qmu":"36",":@computed_region_rpca_8um6":"55",":@computed_region_8hcu_yrd4":"42"}},
{"type":"Feature","geometry":{"type":"Point","coordinates":[-87.54703,41.65349]},"properties":{"id":"1975534406854476324","station_name":"Baltimore Ave & 133rd St","short_name":"CHI01947","total_docks":"16","docks_in_service":"16","status":"In Service","latitude":"41.65349","longitude":"-87.54703",":id":"row-9mx8_5u3w.tkc2",":version":"rv-htd8.9a6s-euag",":created_at":"2026-01-25T12:00:16.489Z",":updated_at":"2026-01-25T12:00:22.319Z",":@computed_region_awaf_s7ux":"47",":@computed_region_6mkv_f3dw":"22250",":@computed_region_vrxf_vc4k":"52",":@computed_region_bdys_3d7i":"787",":@computed_region_43wa_7qmu":"47",":@computed_region_rpca_8um6":"26",":@computed_region_8hcu_yrd4":"6"}},
{"type":"Feature","geometry":{"type":"Point","coordinates":[-87.649603,41.961004]},"properties":{"id":"a3a8855c-a135-11e9-9cda-0a87ae2ba916","station_name":"Clarendon Ave & Junior Ter","short_name":"CHI00395","total_docks":"27","docks_in_service":"27","status":"In Service","latitude":"41.961004","longitude":"-87.649603",":id":"row-p33s~j6mx~b78u",":version":"rv-gu3z~7wza-8kth",":created_at":"2026-01-28T12:00:17.414Z",":updated_at":"2026-01-28T12:00:33.700Z",":@computed_region_awaf_s7ux":"37",":@computed_region_6mkv_f3dw":"21186",":@computed_region_vrxf_vc4k":"31",":@computed_region_bdys_3d7i":"636",":@computed_region_43wa_7qmu":"39",":@computed_region_rpca_8um6":"53",":@computed_region_8hcu_yrd4":"46"}},
{"type":"Feature","geometry":{"type":"Point","coordinates":[-87.697668,41.92669]},"properties":{"id":"a3b0104c-a135-11e9-9cda-0a87ae2ba916","station_name":"California Ave & Altgeld St","short_name":"CHI00628","total_docks":"15","docks_in_service":"15","status":"In Service","latitude":"41.92669","longitude":"-87.697668",":id":"row-hp8h_h2rw_67fh",":version":"rv-6wc4.pi3j-tj5v",":created_at":"2025-12-31T12:02:29.304Z",":updated_at":"2025-12-31T12:02:30.232Z",":@computed_region_awaf_s7ux":"15",":@computed_region_6mkv_f3dw":"22535",":@computed_region_vrxf_vc4k":"23",":@computed_region_bdys_3d7i":"548",":@computed_region_43wa_7qmu":"41",":@computed_region_rpca_8um6":"1",":@computed_region_8hcu_yrd4":"1"}},
{"type":"Feature","geometry":{"type":"Point","coordinates":[-87.627716,41.874053]},"properties":{"id":"a3a37e26-a135-11e9-9cda-0a87ae2ba916","station_name":"State St & Harrison St","short_name":"CHI01774","total_docks":"23","docks_in_service":"23","status":"In Service","latitude":"41.874053","longitude":"-87.627716",":id":"row-jw4d-fr4k_7m4w",":version":"rv-n85k_82m7_i5an",":created_at":"2026-01-25T12:00:16.489Z",":updated_at":"2026-01-25T12:00:22.319Z",":@computed_region_awaf_s7ux":"48",":@computed_region_6mkv_f3dw":"14913",":@computed_region_vrxf_vc4k":"38",":@computed_region_bdys_3d7i":"12",":@computed_region_43wa_7qmu":"10",":@computed_region_rpca_8um6":"35",":@computed_region_8hcu_yrd4":"9"}},
{"type":"Feature","geometry":{"type":"Point","coordinates":[-87.639192,41.940775]},"properties":{"id":"a3aade4c-a135-11e9-9cda-0a87ae2ba916","station_name":"DuSable Lake Shore Dr & Belmont Ave","short_name":"CHI00480","total_docks":"19","docks_in_service":"19","status":"In Service","latitude":"41.940775","longitude":"-87.639192",":id":"row-2dgt~57dz~cbjf",":version":"rv-efcv-r9kv_yemm",":created_at":"2026-01-28T12:00:17.414Z",":updated_at":"2026-01-28T12:00:33.700Z",":@computed_region_awaf_s7ux":"38",":@computed_region_6mkv_f3dw":"4449",":@computed_region_vrxf_vc4k":"57",":@computed_region_bdys_3d7i":"535",":@computed_region_43wa_7qmu":"25",":@computed_region_rpca_8um6":"22",":@computed_region_8hcu_yrd4":"44"}},
{"type":"Feature","geometry":{"type":"Point","coordinates":[-87.627076506615,41.889375466632]},"properties":{"id":"a3a453fa-a135-11e9-9cda-0a87ae2ba916","station_name":"State St & Kinzie St","short_name":"CHI00288","total_docks":"31","docks_in_service":"31","status":"In Service","latitude":"41.8893754666","longitude":"-87.6270765066",":id":"row-ygch-y33b.ef5k",":version":"rv-feqk_c7ga_ab9k",":created_at":"2026-01-25T12:00:16.489Z",":updated_at":"2026-01-25T12:00:22.319Z",":@computed_region_awaf_s7ux":"22",":@computed_region_6mkv_f3dw":"21182",":@computed_region_vrxf_vc4k":"37",":@computed_region_bdys_3d7i":"626",":@computed_region_43wa_7qmu":"36",":@computed_region_rpca_8um6":"6",":@computed_region_8hcu_yrd4":"42"}},
{"type":"Feature","geometry":{"type":"Point","coordinates":[-87.685838,41.854109]},"properties":{"id":"a3a7b41d-a135-11e9-9cda-0a87ae2ba916","station_name":"Western Ave & 21st St","short_name":"CHI00308","total_docks":"15","docks_in_service":"15","status":"In Service","latitude":"41.854109","longitude":"-87.685838",":id":"row-65b4~3phu-rz7m",":version":"rv-bbqk~emwx~r4i3",":created_at":"2025-12-31T12:02:29.304Z",":updated_at":"2025-12-31T12:02:30.232Z",":@computed_region_awaf_s7ux":"8",":@computed_region_6mkv_f3dw":"14920",":@computed_region_vrxf_vc4k":"33",":@computed_region_bdys_3d7i":"4",":@computed_region_43wa_7qmu":"23",":@computed_region_rpca_8um6":"43",":@computed_region_8hcu_yrd4":"28"}},
{"type":"Feature","geometry":{"type":"Point","coordinates":[-87.653449,41.894556]},"properties":{"id":"a3a51934-a135-11e9-9cda-0a87ae2ba916","station_name":"Carpenter St & Huron St","short_name":"CHI00286","total_docks":"19","docks_in_service":"19","status":"In Service","latitude":"41.894556","longitude":"-87.653449",":id":"row-8gck~gjif~umef",":version":"rv-5emz.azxr~esqj",":created_at":"2025-12-31T12:02:29.304Z",":updated_at":"2025-12-31T12:02:30.232Z",":@computed_region_awaf_s7ux":"41",":@computed_region_6mkv_f3dw":"22620",":@computed_region_vrxf_vc4k":"25",":@computed_region_bdys_3d7i":"522",":@computed_region_43wa_7qmu":"46",":@computed_region_rpca_8um6":"49",":@computed_region_8hcu_yrd4":"27"}},
{"type":"Feature","geometry":{"type":"Point","coordinates":[-87.698007756,41.93842879148]},"properties":{"id":"a3affb22-a135-11e9-9cda-0a87ae2ba916","station_name":"California Ave & Fletcher St","short_name":"CHI00616","total_docks":"19","docks_in_service":"19","status":"In Service","latitude":"41.9384287915","longitude":"-87.698007756",":id":"row-gwcw-ppsm.5xyj",":version":"rv-3u9u.bqm7_uh63",":created_at":"2026-01-28T12:00:17.414Z",":updated_at":"2026-01-28T12:00:33.700Z",":@computed_region_awaf_s7ux":"2",":@computed_region_6mkv_f3dw":"21538",":@computed_region_vrxf_vc4k":"22",":@computed_region_bdys_3d7i":"466",":@computed_region_43wa_7qmu":"20",":@computed_region_rpca_8um6":"39",":@computed_region_8hcu_yrd4":"35"}},
{"type":"Feature","geometry":{"type":"Point","coordinates":[-87.64664,41.87184]},"properties":{"id":"a3a565b1-a135-11e9-9cda-0a87ae2ba916","station_name":"Halsted St & Polk St","short_name":"CHI00359","total_docks":"19","docks_in_service":"19","status":"In Service","latitude":"41.87184","longitude":"-87.64664",":id":"row-ctfv.vt3z~nk9c",":version":"rv-gkag_d3jh-rksa",":created_at":"2026-01-28T12:00:17.414Z",":updated_at":"2026-01-28T12:00:33.700Z",":@computed_region_awaf_s7ux":"48",":@computed_region_6mkv_f3dw":"14917",":@computed_region_vrxf_vc4k":"29",":@computed_region_bdys_3d7i":"97",":@computed_region_43wa_7qmu":"48",":@computed_region_rpca_8um6":"44",":@computed_region_8hcu_yrd4":"28"}},
{"type":"Feature","geometry":{"type":"Point","coordinates":[-87.664169,41.912919]},"properties":{"id":"a3aa7897-a135-11e9-9cda-0a87ae2ba916","station_name":"Elston Ave & Wabansia Ave","short_name":"CHI00500","total_docks":"23","docks_in_service":"23","status":"In Service","latitude":"41.912919","longitude":"-87.664169",":id":"row-tjg3.a44v_9x3i",":version":"rv-cj6u.dhxx-mveb",":created_at":"2026-01-28T12:00:17.414Z",":updated_at":"2026-01-28T12:00:33.700Z",":@computed_region_awaf_s7ux":"16",":@computed_region_6mkv_f3dw":"22620",":@computed_region_vrxf_vc4k":"25",":@computed_region_bdys_3d7i":"109",":@computed_region_43wa_7qmu":"11",":@computed_region_rpca_8um6":"49",":@computed_region_8hcu_yrd4":"32"}},
{"type":"Feature","geometry":{"type":"Point","coordinates":[-87.63542,41.88139]},"properties":{"id":"2134709725966754810","station_name":"Franklin St & Madison St","short_name":"CHI02142","total_docks":"11","docks_in_service":"11","status":"In Service","latitude":"41.88139","longitude":"-87.63542",":id":"row-qk8y_p5en.sj75",":version":"rv-dgmk-xdhx-zdxz",":created_at":"2026-01-25T12:00:16.489Z",":updated_at":"2026-01-25T12:00:22.319Z",":@computed_region_awaf_s7ux":"48",":@computed_region_6mkv_f3dw":"14914",":@computed_region_vrxf_vc4k":"38",":@computed_region_bdys_3d7i":"92",":@computed_region_43wa_7qmu":"36",":@computed_region_rpca_8um6":"46",":@computed_region_8hcu_yrd4":"42"}},
{"type":"Feature","geometry":{"type":"Point","coordinates":[-87.654691,41.969517]},"properties":{"id":"a3aaa68b-a135-11e9-9cda-0a87ae2ba916","station_name":"Sheridan Rd & Lawrence Ave","short_name":"CHI00492","total_docks":"19","docks_in_service":"19","status":"In Service","latitude":"41.969517","longitude":"-87.654691",":id":"row-hpwx~da35_hccv",":version":"rv-ggaa_ksxx_qn73",":created_at":"2026-01-28T12:00:17.414Z",":updated_at":"2026-01-28T12:00:33.700Z",":@computed_region_awaf_s7ux":"40",":@computed_region_6mkv_f3dw":"22616",":@computed_region_vrxf_vc4k":"31",":@computed_region_bdys_3d7i":"635",":@computed_region_43wa_7qmu":"39",":@computed_region_rpca_8um6":"15",":@computed_region_8hcu_yrd4":"46"}},
{"type":"Feature","geometry":{"type":"Point","coordinates":[-87.63639,41.888243]},"properties":{"id":"a3a5428e-a135-11e9-9cda-0a87ae2ba916","station_name":"Orleans St & Merchandise Mart Plaza","short_name":"CHI00367","total_docks":"35","docks_in_service":"35","status":"In Service","latitude":"41.888243","longitude":"-87.63639",":id":"row-tvyd.wcah.qbiw",":version":"rv-xbjs_8hsh-qnif",":created_at":"2026-01-25T12:00:16.489Z",":updated_at":"2026-01-25T12:00:22.319Z",":@computed_region_awaf_s7ux":"22",":@computed_region_6mkv_f3dw":"4446",":@computed_region_vrxf_vc4k":"37",":@computed_region_bdys_3d7i":"652",":@computed_region_43wa_7qmu":"36",":@computed_region_rpca_8um6":"55",":@computed_region_8hcu_yrd4":"42"}},
{"type":"Feature","geometry":{"type":"Point","coordinates":[-87.75489,41.9615]},"properties":{"id":"1963305045676278322","station_name":"Milwaukee Ave & Agatite Ave","short_name":"CHI01938","total_docks":"15","docks_in_service":"15","status":"In Service","latitude":"41.9615","longitude":"-87.75489",":id":"row-fchg.q5at-szfg",":version":"rv-smbt.axkx-xwwp",":created_at":"2026-01-25T12:00:16.489Z",":updated_at":"2026-01-25T12:00:22.319Z",":@computed_region_awaf_s7ux":"20",":@computed_region_6mkv_f3dw":"21869",":@computed_region_vrxf_vc4k":"15",":@computed_region_bdys_3d7i":"259",":@computed_region_43wa_7qmu":"50",":@computed_region_rpca_8um6":"48",":@computed_region_8hcu_yrd4":"45"}},
{"type":"Feature","geometry":{"type":"Point","coordinates":[-87.63026,41.90192]},"properties":{"id":"2128788290981175550","station_name":"Dearborn St & Maple St","short_name":"CHI02124","total_docks":"19","docks_in_service":"19","status":"In Service","latitude":"41.90192","longitude":"-87.63026",":id":"row-fufe_rtkv_tqnx",":version":"rv-2ivd_t7d3-ujgr",":created_at":"2026-01-25T12:00:16.489Z",":updated_at":"2026-01-25T12:00:22.319Z",":@computed_region_awaf_s7ux":"22",":@computed_region_6mkv_f3dw":"14926",":@computed_region_vrxf_vc4k":"37",":@computed_region_bdys_3d7i":"310",":@computed_region_43wa_7qmu":"11",":@computed_region_rpca_8um6":"54",":@computed_region_8hcu_yrd4":"2"}},
{"type":"Feature","geometry":{"type":"Point","coordinates":[-87.62584,41.89087]},"properties":{"id":"2134349150128577368","station_name":"Rush St & Illinois St","short_name":"CHI02141","total_docks":"23","docks_in_service":"23","status":"In Service","latitude":"41.89087","longitude":"-87.62584",":id":"row-kcx9~er3z~v2gx",":version":"rv-kkiy_x5sc.frit",":created_at":"2026-01-28T12:00:17.414Z",":updated_at":"2026-01-28T12:00:33.700Z",":@computed_region_awaf_s7ux":"22",":@computed_region_6mkv_f3dw":"21182",":@computed_region_vrxf_vc4k":"37",":@computed_region_bdys_3d7i":"626",":@computed_region_43wa_7qmu":"36",":@computed_region_rpca_8um6":"6",":@computed_region_8hcu_yrd4":"42"}},
{"type":"Feature","geometry":{"type":"Point","coordinates":[-87.732610036566,41.844398378365]},"properties":{"id":"1933956482619414962","station_name":"Kildare Ave & 26th St","short_name":"CHI01859","total_docks":"15","docks_in_service":"15","status":"In Service","latitude":"41.8443983784","longitude":"-87.7326100366",":id":"row-63ar-qmf6_iuv8",":version":"rv-a8v5.2tx3_c8ru",":created_at":"2026-01-25T12:00:16.489Z",":updated_at":"2026-01-25T12:00:22.319Z",":@computed_region_awaf_s7ux":"14",":@computed_region_6mkv_f3dw":"21569",":@computed_region_vrxf_vc4k":"32",":@computed_region_bdys_3d7i":"205",":@computed_region_43wa_7qmu":"28",":@computed_region_rpca_8um6":"57",":@computed_region_8hcu_yrd4":"22"}},
{"type":"Feature","geometry":{"type":"Point","coordinates":[-87.80106,41.93098]},"properties":{"id":"1942481603584237586","station_name":"Sayre Ave & Diversey Ave","short_name":"CHI01871","total_docks":"15","docks_in_service":"15","status":"In Service","latitude":"41.93098","longitude":"-87.80106",":id":"row-ny4p-7jsg~j3pp",":version":"rv-ypt6-fd3n~3wjr",":created_at":"2026-01-25T12:00:16.489Z",":updated_at":"2026-01-25T12:00:22.319Z",":@computed_region_awaf_s7ux":"39",":@computed_region_6mkv_f3dw":"4454",":@computed_region_vrxf_vc4k":"18",":@computed_region_bdys_3d7i":"397",":@computed_region_43wa_7qmu":"7",":@computed_region_rpca_8um6":"52",":@computed_region_8hcu_yrd4":"29"}},
{"type":"Feature","geometry":{"type":"Point","coordinates":[-87.679101,42.032562]},"properties":{"id":"a3b2e72c-a135-11e9-9cda-0a87ae2ba916","station_name":"Chicago Ave & Washington St","short_name":"CHI02038","total_docks":"15","docks_in_service":"15","status":"In Service","latitude":"42.032562","longitude":"-87.679101",":id":"row-pjfm_v8gu.yjak",":version":"rv-n6qn-jet9.emr5",":created_at":"2026-01-28T12:00:17.414Z",":updated_at":"2026-01-28T12:00:33.700Z",":@computed_region_awaf_s7ux":null,":@computed_region_6mkv_f3dw":"26609",":@computed_region_vrxf_vc4k":null,":@computed_region_bdys_3d7i":null,":@computed_region_43wa_7qmu":null,":@computed_region_rpca_8um6":null,":@computed_region_8hcu_yrd4":null}},
{"type":"Feature","geometry":{"type":"Point","coordinates":[-87.64414,41.921822]},"properties":{"id":"a3a62025-a135-11e9-9cda-0a87ae2ba916","station_name":"Larrabee St & Webster Ave","short_name":"CHI00454","total_docks":"19","docks_in_service":"19","status":"In Service","latitude":"41.921822","longitude":"-87.64414",":id":"row-guy6.uqti~radj",":version":"rv-ej58_upwg-66wz",":created_at":"2026-01-28T12:00:17.414Z",":updated_at":"2026-01-28T12:00:33.700Z",":@computed_region_awaf_s7ux":"51",":@computed_region_6mkv_f3dw":"21190",":@computed_region_vrxf_vc4k":"68",":@computed_region_bdys_3d7i":"798",":@computed_region_43wa_7qmu":"34",":@computed_region_rpca_8um6":"16",":@computed_region_8hcu_yrd4":"43"}},
{"type":"Feature","geometry":{"type":"Point","coordinates":[-87.627844,41.877181]},"properties":{"id":"a3a40ad8-a135-11e9-9cda-0a87ae2ba916","station_name":"State St & Van Buren St","short_name":"CHI00246","total_docks":"27","docks_in_service":"27","status":"In Service","latitude":"41.877181","longitude":"-87.627844",":id":"row-jbnx-4dae-9uwm",":version":"rv-kpmv-svfi~4r6a",":created_at":"2026-01-28T12:00:17.414Z",":updated_at":"2026-01-28T12:00:33.700Z",":@computed_region_awaf_s7ux":"48",":@computed_region_6mkv_f3dw":"14912",":@computed_region_vrxf_vc4k":"38",":@computed_region_bdys_3d7i":"92",":@computed_region_43wa_7qmu":"10",":@computed_region_rpca_8um6":"29",":@computed_region_8hcu_yrd4":"9"}},
{"type":"Feature","geometry":{"type":"Point","coordinates":[-87.648724615574,41.883181305974]},"properties":{"id":"a3a57a52-a135-11e9-9cda-0a87ae2ba916","station_name":"Green St & Washington Blvd","short_name":"CHI00379","total_docks":"11","docks_in_service":"11","status":"In Service","latitude":"41.883181306","longitude":"-87.6487246156",":id":"row-k8ac_7i4z_kwys",":version":"rv-v6z2.iezc.2n6x",":created_at":"2026-01-28T12:00:17.414Z",":updated_at":"2026-01-28T12:00:33.700Z",":@computed_region_awaf_s7ux":"41",":@computed_region_6mkv_f3dw":"14917",":@computed_region_vrxf_vc4k":"29",":@computed_region_bdys_3d7i":"63",":@computed_region_43wa_7qmu":"46",":@computed_region_rpca_8um6":"44",":@computed_region_8hcu_yrd4":"27"}},
{"type":"Feature","geometry":{"type":"Point","coordinates":[-87.679509898579,41.975810975575]},"properties":{"id":"a3af4b26-a135-11e9-9cda-0a87ae2ba916","station_name":"Damen Ave & Foster Ave","short_name":"CHI00625","total_docks":"15","docks_in_service":"15","status":"In Service","latitude":"41.9758109756","longitude":"-87.6795098986",":id":"row-zbei-iwje-9trw",":version":"rv-nhmy_is9h_qegk",":created_at":"2026-01-28T12:00:17.414Z",":updated_at":"2026-01-28T12:00:33.700Z",":@computed_region_awaf_s7ux":"13",":@computed_region_6mkv_f3dw":"21849",":@computed_region_vrxf_vc4k":"6",":@computed_region_bdys_3d7i":"106",":@computed_region_43wa_7qmu":"24",":@computed_region_rpca_8um6":"20",":@computed_region_8hcu_yrd4":"40"}},
{"type":"Feature","geometry":{"type":"Point","coordinates":[-87.671984144169,41.886124778383]},"properties":{"id":"2116968075735593618","station_name":"Wood St & Walnut St","short_name":"CHI02099","total_docks":"15","docks_in_service":"15","status":"In Service","latitude":"41.8861247784","longitude":"-87.6719841442",":id":"row-fs7j_n4th-ccxg",":version":"rv-2pbu-utzr~tt3y",":created_at":"2026-01-02T12:02:37.889Z",":updated_at":"2026-01-02T12:02:39.813Z",":@computed_region_awaf_s7ux":"41",":@computed_region_6mkv_f3dw":"21184",":@computed_region_vrxf_vc4k":"29",":@computed_region_bdys_3d7i":"579",":@computed_region_43wa_7qmu":"46",":@computed_region_rpca_8um6":"28",":@computed_region_8hcu_yrd4":"27"}},
{"type":"Feature","geometry":{"type":"Point","coordinates":[-87.638742,41.93132]},"properties":{"id":"a3aaaba2-a135-11e9-9cda-0a87ae2ba916","station_name":"Stockton Dr & Wrightwood Ave","short_name":"CHI00522","total_docks":"15","docks_in_service":"15","status":"In Service","latitude":"41.93132","longitude":"-87.638742",":id":"row-gtgs~6eqg~v87p",":version":"rv-76as_pfft~nccm",":created_at":"2026-01-28T12:00:17.414Z",":updated_at":"2026-01-28T12:00:33.700Z",":@computed_region_awaf_s7ux":"51",":@computed_region_6mkv_f3dw":"21190",":@computed_region_vrxf_vc4k":"68",":@computed_region_bdys_3d7i":"101",":@computed_region_43wa_7qmu":"34",":@computed_region_rpca_8um6":"16",":@computed_region_8hcu_yrd4":"43"}},
{"type":"Feature","geometry":{"type":"Point","coordinates":[-87.64242,41.93247]},"properties":{"id":"2113618458403709162","station_name":"Hampden Ct & Diversey Pkwy","short_name":"CHI02087","total_docks":"15","docks_in_service":"15","status":"In Service","latitude":"41.93247","longitude":"-87.64242",":id":"row-f34b-8j92~i2af",":version":"rv-7d9r.ekui.3xxy",":created_at":"2026-01-28T12:00:17.414Z",":updated_at":"2026-01-28T12:00:33.700Z",":@computed_region_awaf_s7ux":"51",":@computed_region_6mkv_f3dw":"21190",":@computed_region_vrxf_vc4k":"68",":@computed_region_bdys_3d7i":"18",":@computed_region_43wa_7qmu":"34",":@computed_region_rpca_8um6":"16",":@computed_region_8hcu_yrd4":"43"}},
{"type":"Feature","geometry":{"type":"Point","coordinates":[-87.56478,41.72237]},"properties":{"id":"ee925757-31ce-41ad-9bb7-73b1bb363616","station_name":"Yates Ave & 95th St","short_name":"CHI00854","total_docks":"11","docks_in_service":"11","status":"In Service","latitude":"41.72237","longitude":"-87.56478",":id":"row-shmv~qpmc.9qu4",":version":"rv-zrtx_v5j8~cbye",":created_at":"2026-01-28T12:00:17.414Z",":updated_at":"2026-01-28T12:00:33.700Z",":@computed_region_awaf_s7ux":"43",":@computed_region_6mkv_f3dw":"21202",":@computed_region_vrxf_vc4k":"48",":@computed_region_bdys_3d7i":"252",":@computed_region_43wa_7qmu":"47",":@computed_region_rpca_8um6":"25",":@computed_region_8hcu_yrd4":"5"}},
{"type":"Feature","geometry":{"type":"Point","coordinates":[-87.774273455143,41.887943794272]},"properties":{"id":"a3b11ea4-a135-11e9-9cda-0a87ae2ba916","station_name":"Austin Blvd & Lake St","short_name":"CHI00541","total_docks":"11","docks_in_service":"11","status":"In Service","latitude":"41.8879437943","longitude":"-87.7742734551",":id":"row-cysi.gggk~8hjn",":version":"rv-g2nq_f3w2_sm9v",":created_at":"2026-01-28T12:00:17.414Z",":updated_at":"2026-01-28T12:00:33.700Z",":@computed_region_awaf_s7ux":"52",":@computed_region_6mkv_f3dw":"22216",":@computed_region_vrxf_vc4k":"26",":@computed_region_bdys_3d7i":"672",":@computed_region_43wa_7qmu":"7",":@computed_region_rpca_8um6":"32",":@computed_region_8hcu_yrd4":"29"}},
{"type":"Feature","geometry":{"type":"Point","coordinates":[-87.707262,41.933886]},"properties":{"id":"2111748084869249170","station_name":"Kedzie Ave & George St","short_name":"CHI02085","total_docks":"11","docks_in_service":"11","status":"In Service","latitude":"41.933886","longitude":"-87.707262",":id":"row-743h~kn3k~2cat",":version":"rv-rc75_rqu3~gxww",":created_at":"2026-01-28T12:00:17.414Z",":updated_at":"2026-01-28T12:00:33.700Z",":@computed_region_awaf_s7ux":"15",":@computed_region_6mkv_f3dw":"21538",":@computed_region_vrxf_vc4k":"22",":@computed_region_bdys_3d7i":"465",":@computed_region_43wa_7qmu":"20",":@computed_region_rpca_8um6":"39",":@computed_region_8hcu_yrd4":"35"}},
{"type":"Feature","geometry":{"type":"Point","coordinates":[-87.64148,41.92694]},"properties":{"id":"2122108427592833732","station_name":"Clark St & Arlington Pl","short_name":"CHI02109","total_docks":"15","docks_in_service":"15","status":"In Service","latitude":"41.92694","longitude":"-87.64148",":id":"row-rbf8_cra6_4a2v",":version":"rv-qpcy.bqgp.8pdt",":created_at":"2026-01-28T12:00:17.414Z",":updated_at":"2026-01-28T12:00:33.700Z",":@computed_region_awaf_s7ux":"51",":@computed_region_6mkv_f3dw":"21190",":@computed_region_vrxf_vc4k":"68",":@computed_region_bdys_3d7i":"185",":@computed_region_43wa_7qmu":"34",":@computed_region_rpca_8um6":"16",":@computed_region_8hcu_yrd4":"43"}},
{"type":"Feature","geometry":{"type":"Point","coordinates":[-87.65315,41.88668]},"properties":{"id":"2133966036055659104","station_name":"Carpenter St & Fulton St","short_name":"CHI02139","total_docks":"11","docks_in_service":"11","status":"In Service","latitude":"41.88668","longitude":"-87.65315",":id":"row-3r5x.ssda~pnuw",":version":"rv-pk8x-a9fw_i95f",":created_at":"2026-01-28T12:00:17.414Z",":updated_at":"2026-01-28T12:00:33.700Z",":@computed_region_awaf_s7ux":"41",":@computed_region_6mkv_f3dw":"14917",":@computed_region_vrxf_vc4k":"29",":@computed_region_bdys_3d7i":"63",":@computed_region_43wa_7qmu":"46",":@computed_region_rpca_8um6":"44",":@computed_region_8hcu_yrd4":"27"}},
{"type":"Feature","geometry":{"type":"Point","coordinates":[-87.6704292,41.9035529]},"properties":{"id":"a3a7d782-a135-11e9-9cda-0a87ae2ba916","station_name":"Paulina St & Division St","short_name":"CHI00244","total_docks":"23","docks_in_service":"23","status":"In Service","latitude":"41.9035529","longitude":"-87.6704292",":id":"row-8smy_4eki.ha4s",":version":"rv-4t3q-ahfa-wqya",":created_at":"2026-01-28T12:00:17.414Z",":updated_at":"2026-01-28T12:00:33.700Z",":@computed_region_awaf_s7ux":"24",":@computed_region_6mkv_f3dw":"21560",":@computed_region_vrxf_vc4k":"25",":@computed_region_bdys_3d7i":"481",":@computed_region_43wa_7qmu":"41",":@computed_region_rpca_8um6":"4",":@computed_region_8hcu_yrd4":"1"}},
{"type":"Feature","geometry":{"type":"Point","coordinates":[-87.705126462,41.91402671273]},"properties":{"id":"a3b0bd42-a135-11e9-9cda-0a87ae2ba916","station_name":"Albany Ave & Bloomingdale Ave","short_name":"CHI00645","total_docks":"15","docks_in_service":"15","status":"In Service","latitude":"41.9140267127","longitude":"-87.705126462",":id":"row-zurv_y52s.e77z",":version":"rv-kgri_3j7u_957x",":created_at":"2026-01-28T12:00:17.414Z",":updated_at":"2026-01-28T12:00:33.700Z",":@computed_region_awaf_s7ux":"10",":@computed_region_6mkv_f3dw":"22535",":@computed_region_vrxf_vc4k":"23",":@computed_region_bdys_3d7i":"386",":@computed_region_43wa_7qmu":"41",":@computed_region_rpca_8um6":"1",":@computed_region_8hcu_yrd4":"26"}},
{"type":"Feature","geometry":{"type":"Point","coordinates":[-87.689556,41.910535]},"properties":{"id":"a3a6e359-a135-11e9-9cda-0a87ae2ba916","station_name":"Campbell Ave & North Ave","short_name":"CHI00341","total_docks":"15","docks_in_service":"15","status":"In Service","latitude":"41.910535","longitude":"-87.689556",":id":"row-g7ww~qh2c_ruhu",":version":"rv-2tw3_pk8r-qz7c",":created_at":"2026-01-28T12:00:17.414Z",":updated_at":"2026-01-28T12:00:33.700Z",":@computed_region_awaf_s7ux":"24",":@computed_region_6mkv_f3dw":"22535",":@computed_region_vrxf_vc4k":"25",":@computed_region_bdys_3d7i":"287",":@computed_region_43wa_7qmu":"41",":@computed_region_rpca_8um6":"1",":@computed_region_8hcu_yrd4":"1"}},
{"type":"Feature","geometry":{"type":"Point","coordinates":[-87.7004371,42.0120368]},"properties":{"id":"1929516918167933834","station_name":"California Ave & Touhy Ave","short_name":"CHI01834","total_docks":"11","docks_in_service":"11","status":"In Service","latitude":"42.0120368","longitude":"-87.7004371",":id":"row-dd8i~csqt~8pqg",":version":"rv-pfd2~9cge_q3eg",":created_at":"2026-01-28T12:00:17.414Z",":updated_at":"2026-01-28T12:00:33.700Z",":@computed_region_awaf_s7ux":"42",":@computed_region_6mkv_f3dw":"22528",":@computed_region_vrxf_vc4k":"20",":@computed_region_bdys_3d7i":"32",":@computed_region_43wa_7qmu":"27",":@computed_region_rpca_8um6":"12",":@computed_region_8hcu_yrd4":"50"}},
{"type":"Feature","geometry":{"type":"Point","coordinates":[-87.663747668266,41.939477750405]},"properties":{"id":"a3a6c910-a135-11e9-9cda-0a87ae2ba916","station_name":"Southport Ave & Belmont Ave","short_name":"CHI00335","total_docks":"15","docks_in_service":"15","status":"In Service","latitude":"41.9394777504","longitude":"-87.6637476683",":id":"row-ivwm~qjx9.wksm",":version":"rv-ny7r-8bty-fejc",":created_at":"2026-01-28T12:00:17.414Z",":updated_at":"2026-01-28T12:00:33.700Z",":@computed_region_awaf_s7ux":"16",":@computed_region_6mkv_f3dw":"4449",":@computed_region_vrxf_vc4k":"57",":@computed_region_bdys_3d7i":"679",":@computed_region_43wa_7qmu":"40",":@computed_region_rpca_8um6":"22",":@computed_region_8hcu_yrd4":"32"}},
{"type":"Feature","geometry":{"type":"Point","coordinates":[-87.625961,41.867227]},"properties":{"id":"a3a49288-a135-11e9-9cda-0a87ae2ba916","station_name":"Wabash Ave & Roosevelt Rd","short_name":"CHI00524","total_docks":"23","docks_in_service":"23","status":"In Service","latitude":"41.867227","longitude":"-87.625961",":id":"row-x6q8.b2my~bx6t",":version":"rv-w46z-6dn8.d4i9",":created_at":"2026-01-28T12:00:17.414Z",":updated_at":"2026-01-28T12:00:33.700Z",":@computed_region_awaf_s7ux":"48",":@computed_region_6mkv_f3dw":"14913",":@computed_region_vrxf_vc4k":"34",":@computed_region_bdys_3d7i":"374",":@computed_region_43wa_7qmu":"9",":@computed_region_rpca_8um6":"35",":@computed_region_8hcu_yrd4":"34"}},
{"type":"Feature","geometry":{"type":"Point","coordinates":[-87.714495062828,41.924815596812]},"properties":{"id":"a3b01578-a135-11e9-9cda-0a87ae2ba916","station_name":"St. Louis Ave & Fullerton Ave","short_name":"CHI00219","total_docks":"19","docks_in_service":"19","status":"In Service","latitude":"41.9248155968","longitude":"-87.7144950628",":id":"row-ivkx.trsi-zzq8",":version":"rv-ssvx-7vjt_zeez",":created_at":"2026-01-28T12:00:17.414Z",":updated_at":"2026-01-28T12:00:33.700Z",":@computed_region_awaf_s7ux":"10",":@computed_region_6mkv_f3dw":"22535",":@computed_region_vrxf_vc4k":"23",":@computed_region_bdys_3d7i":"70",":@computed_region_43wa_7qmu":"12",":@computed_region_rpca_8um6":"1",":@computed_region_8hcu_yrd4":"35"}},
{"type":"Feature","geometry":{"type":"Point","coordinates":[-87.732002,41.953393]},"properties":{"id":"a3afaef3-a135-11e9-9cda-0a87ae2ba916","station_name":"Avondale Ave & Irving Park Rd","short_name":"CHI00215","total_docks":"19","docks_in_service":"19","status":"In Service","latitude":"41.953393","longitude":"-87.732002",":id":"row-uva2_5z5j-prrp",":version":"rv-chm4~7i79.ahhc",":created_at":"2026-01-28T12:00:17.414Z",":updated_at":"2026-01-28T12:00:33.700Z",":@computed_region_awaf_s7ux":"25",":@computed_region_6mkv_f3dw":"22618",":@computed_region_vrxf_vc4k":"16",":@computed_region_bdys_3d7i":"295",":@computed_region_43wa_7qmu":"50",":@computed_region_rpca_8um6":"21",":@computed_region_8hcu_yrd4":"45"}},
{"type":"Feature","geometry":{"type":"Point","coordinates":[-87.624683976173,41.883984064727]},"properties":{"id":"a3a43f48-a135-11e9-9cda-0a87ae2ba916","station_name":"Michigan Ave & Washington St","short_name":"CHI01677","total_docks":"43","docks_in_service":"43","status":"In Service","latitude":"41.8839840647","longitude":"-87.6246839762",":id":"row-sr9q.wrhj-3hym",":version":"rv-9gme-usi2.2hsw",":created_at":"2026-01-28T12:00:17.414Z",":updated_at":"2026-01-28T12:00:33.700Z",":@computed_region_awaf_s7ux":"22",":@computed_region_6mkv_f3dw":"14309",":@computed_region_vrxf_vc4k":"38",":@computed_region_bdys_3d7i":"580",":@computed_region_43wa_7qmu":"36",":@computed_region_rpca_8um6":"41",":@computed_region_8hcu_yrd4":"34"}},
{"type":"Feature","geometry":{"type":"Point","coordinates":[-87.6962981368,41.88445395657]},"properties":{"id":"a3acb1de-a135-11e9-9cda-0a87ae2ba916","station_name":"California Ave & Lake St","short_name":"CHI00650","total_docks":"11","docks_in_service":"11","status":"In Service","latitude":"41.8844539566","longitude":"-87.6962981368",":id":"row-hwsr~y642-4f34",":version":"rv-928m_76ch-rntk",":created_at":"2026-01-28T12:00:17.414Z",":updated_at":"2026-01-28T12:00:33.700Z",":@computed_region_awaf_s7ux":"41",":@computed_region_6mkv_f3dw":"21184",":@computed_region_vrxf_vc4k":"28",":@computed_region_bdys_3d7i":"50",":@computed_region_43wa_7qmu":"46",":@computed_region_rpca_8um6":"28",":@computed_region_8hcu_yrd4":"27"}},
{"type":"Feature","geometry":{"type":"Point","coordinates":[-87.669886,41.871514]},"properties":{"id":"a3a965b2-a135-11e9-9cda-0a87ae2ba916","station_name":"Hermitage Ave & Polk St","short_name":"CHI00283","total_docks":"15","docks_in_service":"15","status":"In Service","latitude":"41.871514","longitude":"-87.669886",":id":"row-sa39_2nid.uhaf",":version":"rv-ndc7-du93.dd24",":created_at":"2026-01-28T12:00:17.414Z",":updated_at":"2026-01-28T12:00:33.700Z",":@computed_region_awaf_s7ux":"48",":@computed_region_6mkv_f3dw":"21184",":@computed_region_vrxf_vc4k":"29",":@computed_region_bdys_3d7i":"5",":@computed_region_43wa_7qmu":"46",":@computed_region_rpca_8um6":"28",":@computed_region_8hcu_yrd4":"27"}},
{"type":"Feature","geometry":{"type":"Point","coordinates":[-87.684001,41.968885]},"properties":{"id":"a3aa640c-a135-11e9-9cda-0a87ae2ba916","station_name":"Leavitt St & Lawrence Ave","short_name":"CHI00472","total_docks":"19","docks_in_service":"19","status":"In Service","latitude":"41.968885","longitude":"-87.684001",":id":"row-ux65~6dmd_sjv5",":version":"rv-j9jg.x4mg~u6qe",":created_at":"2026-01-28T12:00:17.414Z",":updated_at":"2026-01-28T12:00:33.700Z",":@computed_region_awaf_s7ux":"13",":@computed_region_6mkv_f3dw":"21849",":@computed_region_vrxf_vc4k":"6",":@computed_region_bdys_3d7i":"54",":@computed_region_43wa_7qmu":"18",":@computed_region_rpca_8um6":"20",":@computed_region_8hcu_yrd4":"47"}},
{"type":"Feature","geometry":{"type":"Point","coordinates":[-87.638566,41.907626]},"properties":{"id":"a3a854bf-a135-11e9-9cda-0a87ae2ba916","station_name":"Sedgwick St & Schiller St","short_name":"CHI00303","total_docks":"15","docks_in_service":"15","status":"In Service","latitude":"41.907626","longitude":"-87.638566",":id":"row-ec8t-v2s4_papz",":version":"rv-jgty~gh5p~xpik",":created_at":"2026-01-28T12:00:17.414Z",":updated_at":"2026-01-28T12:00:33.700Z",":@computed_region_awaf_s7ux":"41",":@computed_region_6mkv_f3dw":"14926",":@computed_region_vrxf_vc4k":"37",":@computed_region_bdys_3d7i":"309",":@computed_region_43wa_7qmu":"46",":@computed_region_rpca_8um6":"54",":@computed_region_8hcu_yrd4":"27"}},
{"type":"Feature","geometry":{"type":"Point","coordinates":[-87.651073,41.858086]},"properties":{"id":"a3a3a7b4-a135-11e9-9cda-0a87ae2ba916","station_name":"Morgan St & 18th St","short_name":"CHI00479","total_docks":"15","docks_in_service":"15","status":"In Service","latitude":"41.858086","longitude":"-87.651073",":id":"row-jg7k_yydq.jyqm",":version":"rv-tp6x.dza7~3hwu",":created_at":"2026-01-28T12:00:17.414Z",":updated_at":"2026-01-28T12:00:33.700Z",":@computed_region_awaf_s7ux":"8",":@computed_region_6mkv_f3dw":"14920",":@computed_region_vrxf_vc4k":"33",":@computed_region_bdys_3d7i":"228",":@computed_region_43wa_7qmu":"26",":@computed_region_rpca_8um6":"43",":@computed_region_8hcu_yrd4":"25"}},
{"type":"Feature","geometry":{"type":"Point","coordinates":[-87.61797,41.83472]},"properties":{"id":"a3a639f5-a135-11e9-9cda-0a87ae2ba916","station_name":"Calumet Ave & 33rd St","short_name":"CHI00224","total_docks":"11","docks_in_service":"11","status":"In Service","latitude":"41.83472","longitude":"-87.61797",":id":"row-27ty.hitj~rrbd",":version":"rv-x2bk-pjeh_n2p6",":created_at":"2026-01-28T12:00:17.414Z",":updated_at":"2026-01-28T12:00:33.700Z",":@computed_region_awaf_s7ux":"48",":@computed_region_6mkv_f3dw":"21194",":@computed_region_vrxf_vc4k":"1",":@computed_region_bdys_3d7i":"190",":@computed_region_43wa_7qmu":"10",":@computed_region_rpca_8um6":"40",":@computed_region_8hcu_yrd4":"9"}},
{"type":"Feature","geometry":{"type":"Point","coordinates":[-87.7014194389,41.97563272521]},"properties":{"id":"a3af76f8-a135-11e9-9cda-0a87ae2ba916","station_name":"Francisco Ave & Foster Ave","short_name":"CHI00638","total_docks":"15","docks_in_service":"15","status":"In Service","latitude":"41.9756327252","longitude":"-87.7014194389",":id":"row-mdcn~jznf_meei",":version":"rv-dreu~xtwq~9bmz",":created_at":"2026-01-28T12:00:17.414Z",":updated_at":"2026-01-28T12:00:33.700Z",":@computed_region_awaf_s7ux":"46",":@computed_region_6mkv_f3dw":"21849",":@computed_region_vrxf_vc4k":"6",":@computed_region_bdys_3d7i":"620",":@computed_region_43wa_7qmu":"24",":@computed_region_rpca_8um6":"20",":@computed_region_8hcu_yrd4":"40"}}
] }
